
============================================================
p-Laplacian Aronsson Example
============================================================

Generated full domain data:
  Boundary points: 40,000
  Interior points: 1,000,000
  Test points: 10,000
Re-sampling enabled: ~1,000,000 interior points per epoch

Splitting data: 80% train, 20% validation
  BC: 32,000 train, 8,000 val
  Interior: 800,000 train, 200,000 val

Model: PLaplacianPINN on Square [-1,1]²
  Hidden layers: [128, 128, 128, 128], activation: tanh
  η=1e-05, clip_residual=100.0, clip_grad_norm=1.0
  Outlier removal: top 2.0%
  Parameters: 50,049

Iterative Training Schedule:
  p values: [2, 3, 4, 5, 6, 7, 8, 9, 10, 15, 20]
  Epochs per p: 100


============================================================
Stage 1/11: Training with p=2
============================================================

Training configuration:
  Boundary points (train): 32,000 -> 80 batches of 400
  Interior points (train): 1,000,000 -> 1000 batches of 1000
  Interior sampling: RE-SAMPLE each epoch
  Boundary points (val): 8,000
  Validation loss: BC only
  Steps per epoch: 1,000
  Total steps: 100,000
  Epochs: 100
  Loss balancing: AlphaPlateauScheduler
  LR scheduler: cosine (LR: 1.0e-03 -> 1.0e-05)

/usr/local/lib/python3.12/dist-packages/torch/autograd/graph.py:824: UserWarning: Attempting to run cuBLAS, but there was no current CUDA context! Attempting to set the primary context... (Triggered internally at /opt/pytorch/pytorch/aten/src/ATen/cuda/CublasHandlePool.cpp:181.)
  return Variable._execution_engine.run_backward(  # Calls into the C++ engine to run the backward pass
Epoch   1/100 | Steps:   1000 | α=1e-05 | Loss: 2.2509e-02 | BC: 2.2351e-02 | PDE: 1.5763e+01 | Val: 3.3566e-04 | Test: 1.8322e-03 | LR=1.0e-03 *
Epoch   2/100 | Steps:   2000 | α=1e-05 | Loss: 4.6503e-04 | BC: 3.5193e-04 | PDE: 1.1310e+01 | Val: 2.0297e-04 | Test: 9.4125e-04 | LR=1.0e-03 *
Epoch   3/100 | Steps:   3000 | α=1e-05 | Loss: 3.7712e-04 | BC: 2.7850e-04 | PDE: 9.8618e+00 | Val: 5.2723e-04 | Test: 1.0157e-03 | LR=1.0e-03
Epoch   4/100 | Steps:   4000 | α=1e-05 | Loss: 3.5477e-04 | BC: 2.6091e-04 | PDE: 9.3865e+00 | Val: 4.8985e-05 | Test: 2.6112e-03 | LR=1.0e-03 *
Epoch   5/100 | Steps:   5000 | α=1e-05 | Loss: 2.9448e-04 | BC: 2.0793e-04 | PDE: 8.6552e+00 | Val: 3.3818e-04 | Test: 3.1052e-03 | LR=1.0e-03
Epoch   6/100 | Steps:   6000 | α=1e-05 | Loss: 2.6740e-04 | BC: 1.8999e-04 | PDE: 7.7407e+00 | Val: 3.1907e-04 | Test: 6.1849e-03 | LR=9.9e-04
Epoch   7/100 | Steps:   7000 | α=1e-05 | Loss: 2.4627e-04 | BC: 1.7896e-04 | PDE: 6.7308e+00 | Val: 3.6856e-05 | Test: 6.2416e-03 | LR=9.9e-04 *
Epoch   8/100 | Steps:   8000 | α=1e-05 | Loss: 2.1171e-04 | BC: 1.5496e-04 | PDE: 5.6754e+00 | Val: 4.1373e-05 | Test: 8.3979e-03 | LR=9.9e-04
Epoch   9/100 | Steps:   9000 | α=1e-05 | Loss: 2.0364e-04 | BC: 1.5529e-04 | PDE: 4.8347e+00 | Val: 9.7322e-05 | Test: 1.2664e-02 | LR=9.8e-04
Epoch  10/100 | Steps:  10000 | α=1e-05 | Loss: 1.7292e-04 | BC: 1.3169e-04 | PDE: 4.1233e+00 | Val: 8.6936e-05 | Test: 1.2181e-02 | LR=9.8e-04
Epoch  11/100 | Steps:  11000 | α=1e-05 | Loss: 1.4933e-04 | BC: 1.1691e-04 | PDE: 3.2413e+00 | Val: 2.9812e-04 | Test: 1.4126e-02 | LR=9.8e-04
Epoch  12/100 | Steps:  12000 | α=1e-05 | Loss: 1.5119e-04 | BC: 1.2669e-04 | PDE: 2.4492e+00 | Val: 3.0535e-05 | Test: 1.1131e-02 | LR=9.7e-04 *
Epoch  13/100 | Steps:  13000 | α=1e-05 | Loss: 1.0732e-04 | BC: 8.8958e-05 | PDE: 1.8358e+00 | Val: 4.2718e-05 | Test: 8.4110e-03 | LR=9.7e-04
Epoch  14/100 | Steps:  14000 | α=1e-05 | Loss: 1.2121e-04 | BC: 1.0668e-04 | PDE: 1.4534e+00 | Val: 2.0269e-04 | Test: 7.1924e-03 | LR=9.6e-04
Epoch  15/100 | Steps:  15000 | α=1e-05 | Loss: 9.8763e-05 | BC: 8.6694e-05 | PDE: 1.2069e+00 | Val: 2.0751e-05 | Test: 6.1334e-03 | LR=9.5e-04 *
Epoch  16/100 | Steps:  16000 | α=1e-05 | Loss: 9.3567e-05 | BC: 8.3587e-05 | PDE: 9.9799e-01 | Val: 6.5040e-05 | Test: 4.7799e-03 | LR=9.5e-04
Epoch  17/100 | Steps:  17000 | α=1e-05 | Loss: 9.4664e-05 | BC: 8.6011e-05 | PDE: 8.6537e-01 | Val: 2.8179e-05 | Test: 4.2241e-03 | LR=9.4e-04
Epoch  18/100 | Steps:  18000 | α=1e-05 | Loss: 6.9001e-05 | BC: 6.1705e-05 | PDE: 7.2958e-01 | Val: 8.2654e-05 | Test: 4.4039e-03 | LR=9.3e-04
Epoch  19/100 | Steps:  19000 | α=1e-05 | Loss: 7.6696e-05 | BC: 7.0150e-05 | PDE: 6.5459e-01 | Val: 6.5327e-05 | Test: 4.1749e-03 | LR=9.2e-04
Epoch  20/100 | Steps:  20000 | α=1e-05 | Loss: 6.8949e-05 | BC: 6.3375e-05 | PDE: 5.5745e-01 | Val: 3.1702e-05 | Test: 3.9852e-03 | LR=9.1e-04
Epoch  21/100 | Steps:  21000 | α=1e-05 | Loss: 6.2384e-05 | BC: 5.7469e-05 | PDE: 4.9152e-01 | Val: 5.3383e-06 | Test: 4.1163e-03 | LR=9.1e-04 *
Epoch  22/100 | Steps:  22000 | α=1e-05 | Loss: 6.4413e-05 | BC: 6.0102e-05 | PDE: 4.3108e-01 | Val: 3.2591e-05 | Test: 3.8227e-03 | LR=9.0e-04

>>> Alpha increased: 1e-05 → 1e-04 (BC=5.3561e-05) <<<
Epoch  23/100 | Steps:  23000 | α=1e-04 | Loss: 5.7330e-05 | BC: 5.3561e-05 | PDE: 3.7681e-01 | Val: 1.8239e-05 | Test: 3.9490e-03 | LR=8.9e-04 *
Epoch  24/100 | Steps:  24000 | α=1e-04 | Loss: 6.8704e-05 | BC: 5.3643e-05 | PDE: 1.5062e-01 | Val: 1.0918e-05 | Test: 4.3412e-03 | LR=8.8e-04 *
Epoch  25/100 | Steps:  25000 | α=1e-04 | Loss: 6.2236e-05 | BC: 5.3861e-05 | PDE: 8.3749e-02 | Val: 1.4995e-05 | Test: 4.3882e-03 | LR=8.7e-04
Epoch  26/100 | Steps:  26000 | α=1e-04 | Loss: 4.9411e-05 | BC: 4.3256e-05 | PDE: 6.1546e-02 | Val: 2.9681e-05 | Test: 4.2631e-03 | LR=8.6e-04
Epoch  27/100 | Steps:  27000 | α=1e-04 | Loss: 4.7259e-05 | BC: 4.2218e-05 | PDE: 5.0417e-02 | Val: 1.0507e-05 | Test: 4.3442e-03 | LR=8.4e-04 *
Epoch  28/100 | Steps:  28000 | α=1e-04 | Loss: 4.5330e-05 | BC: 4.0850e-05 | PDE: 4.4802e-02 | Val: 1.2089e-04 | Test: 4.2859e-03 | LR=8.3e-04
Epoch  29/100 | Steps:  29000 | α=1e-04 | Loss: 4.7632e-05 | BC: 4.3418e-05 | PDE: 4.2132e-02 | Val: 6.1579e-05 | Test: 4.5128e-03 | LR=8.2e-04
Epoch  30/100 | Steps:  30000 | α=1e-04 | Loss: 3.9302e-05 | BC: 3.5490e-05 | PDE: 3.8115e-02 | Val: 3.3771e-06 | Test: 4.2793e-03 | LR=8.1e-04 *

>>> Alpha increased: 1e-04 → 1e-03 (BC=4.1033e-05) <<<
Epoch  31/100 | Steps:  31000 | α=1e-03 | Loss: 4.4793e-05 | BC: 4.1033e-05 | PDE: 3.7602e-02 | Val: 2.5603e-06 | Test: 4.3867e-03 | LR=8.0e-04 *
Epoch  32/100 | Steps:  32000 | α=1e-03 | Loss: 6.4980e-05 | BC: 3.6733e-05 | PDE: 2.8248e-02 | Val: 3.2353e-05 | Test: 4.6243e-03 | LR=7.8e-04
Epoch  33/100 | Steps:  33000 | α=1e-03 | Loss: 5.0204e-05 | BC: 3.5629e-05 | PDE: 1.4576e-02 | Val: 1.3016e-05 | Test: 4.3773e-03 | LR=7.7e-04
Epoch  34/100 | Steps:  34000 | α=1e-03 | Loss: 4.3872e-05 | BC: 3.2610e-05 | PDE: 1.1262e-02 | Val: 1.0885e-04 | Test: 4.5184e-03 | LR=7.6e-04
Epoch  35/100 | Steps:  35000 | α=1e-03 | Loss: 4.2055e-05 | BC: 3.1955e-05 | PDE: 1.0100e-02 | Val: 1.8797e-05 | Test: 4.4807e-03 | LR=7.4e-04
Epoch  36/100 | Steps:  36000 | α=1e-03 | Loss: 3.8406e-05 | BC: 2.9769e-05 | PDE: 8.6377e-03 | Val: 1.1821e-05 | Test: 4.5148e-03 | LR=7.3e-04
Epoch  37/100 | Steps:  37000 | α=1e-03 | Loss: 3.6740e-05 | BC: 2.8527e-05 | PDE: 8.2128e-03 | Val: 8.9776e-06 | Test: 4.3982e-03 | LR=7.2e-04
Epoch  38/100 | Steps:  38000 | α=1e-03 | Loss: 3.3696e-05 | BC: 2.6205e-05 | PDE: 7.4908e-03 | Val: 1.2295e-05 | Test: 4.5073e-03 | LR=7.0e-04
Epoch  39/100 | Steps:  39000 | α=1e-03 | Loss: 3.1190e-05 | BC: 2.4310e-05 | PDE: 6.8805e-03 | Val: 4.4518e-05 | Test: 4.3637e-03 | LR=6.9e-04
Epoch  40/100 | Steps:  40000 | α=1e-03 | Loss: 2.9028e-05 | BC: 2.2673e-05 | PDE: 6.3548e-03 | Val: 1.2520e-05 | Test: 4.3104e-03 | LR=6.7e-04
Epoch  41/100 | Steps:  41000 | α=1e-03 | Loss: 2.9329e-05 | BC: 2.3288e-05 | PDE: 6.0413e-03 | Val: 1.0421e-05 | Test: 4.4332e-03 | LR=6.6e-04
Epoch  42/100 | Steps:  42000 | α=1e-03 | Loss: 2.9059e-05 | BC: 2.3677e-05 | PDE: 5.3822e-03 | Val: 1.9648e-05 | Test: 4.5699e-03 | LR=6.4e-04
Epoch  43/100 | Steps:  43000 | α=1e-03 | Loss: 2.3564e-05 | BC: 1.8138e-05 | PDE: 5.4258e-03 | Val: 2.6807e-05 | Test: 4.5249e-03 | LR=6.3e-04
Epoch  44/100 | Steps:  44000 | α=1e-03 | Loss: 2.7653e-05 | BC: 2.1899e-05 | PDE: 5.7534e-03 | Val: 4.2161e-06 | Test: 4.3997e-03 | LR=6.1e-04
Epoch  45/100 | Steps:  45000 | α=1e-03 | Loss: 1.9256e-05 | BC: 1.4473e-05 | PDE: 4.7829e-03 | Val: 6.7853e-06 | Test: 4.3923e-03 | LR=6.0e-04
Epoch  46/100 | Steps:  46000 | α=1e-03 | Loss: 2.5199e-05 | BC: 1.9951e-05 | PDE: 5.2483e-03 | Val: 3.8188e-05 | Test: 4.3741e-03 | LR=5.8e-04
Epoch  47/100 | Steps:  47000 | α=1e-03 | Loss: 1.9751e-05 | BC: 1.5068e-05 | PDE: 4.6831e-03 | Val: 5.7944e-06 | Test: 4.4527e-03 | LR=5.7e-04
Epoch  48/100 | Steps:  48000 | α=1e-03 | Loss: 1.9037e-05 | BC: 1.4686e-05 | PDE: 4.3510e-03 | Val: 2.5674e-05 | Test: 4.3511e-03 | LR=5.5e-04
Epoch  49/100 | Steps:  49000 | α=1e-03 | Loss: 1.9223e-05 | BC: 1.4750e-05 | PDE: 4.4729e-03 | Val: 2.7245e-06 | Test: 4.4464e-03 | LR=5.4e-04

>>> Alpha increased: 1e-03 → 1e-02 (BC=1.3496e-05) <<<
Epoch  50/100 | Steps:  50000 | α=1e-02 | Loss: 1.7670e-05 | BC: 1.3496e-05 | PDE: 4.1736e-03 | Val: 2.9361e-06 | Test: 4.3720e-03 | LR=5.2e-04 *
Epoch  51/100 | Steps:  51000 | α=1e-02 | Loss: 2.0304e-04 | BC: 5.4114e-05 | PDE: 1.4893e-02 | Val: 1.1385e-05 | Test: 4.4518e-03 | LR=5.1e-04
Epoch  52/100 | Steps:  52000 | α=1e-02 | Loss: 5.7226e-05 | BC: 1.6508e-05 | PDE: 4.0718e-03 | Val: 2.6340e-05 | Test: 4.5586e-03 | LR=4.9e-04
Epoch  53/100 | Steps:  53000 | α=1e-02 | Loss: 5.6546e-05 | BC: 1.6190e-05 | PDE: 4.0357e-03 | Val: 9.7267e-06 | Test: 4.4884e-03 | LR=4.7e-04
Epoch  54/100 | Steps:  54000 | α=1e-02 | Loss: 5.2594e-05 | BC: 1.5352e-05 | PDE: 3.7242e-03 | Val: 1.9554e-05 | Test: 4.2480e-03 | LR=4.6e-04
Epoch  55/100 | Steps:  55000 | α=1e-02 | Loss: 5.1827e-05 | BC: 1.5432e-05 | PDE: 3.6395e-03 | Val: 1.0257e-05 | Test: 4.4651e-03 | LR=4.4e-04
Epoch  56/100 | Steps:  56000 | α=1e-02 | Loss: 4.3105e-05 | BC: 1.3699e-05 | PDE: 2.9406e-03 | Val: 2.1520e-05 | Test: 4.4609e-03 | LR=4.3e-04
Epoch  57/100 | Steps:  57000 | α=1e-02 | Loss: 4.0936e-05 | BC: 1.3145e-05 | PDE: 2.7790e-03 | Val: 2.1352e-05 | Test: 4.3428e-03 | LR=4.1e-04

>>> Alpha increased: 1e-02 → 1e-01 (BC=1.3714e-05) <<<
Epoch  58/100 | Steps:  58000 | α=1e-01 | Loss: 4.4545e-05 | BC: 1.3714e-05 | PDE: 3.0831e-03 | Val: 1.2705e-05 | Test: 4.4287e-03 | LR=4.0e-04 *
Epoch  59/100 | Steps:  59000 | α=1e-01 | Loss: 9.2415e-04 | BC: 2.7691e-04 | PDE: 6.4724e-03 | Val: 4.2249e-05 | Test: 4.5439e-03 | LR=3.8e-04
Epoch  60/100 | Steps:  60000 | α=1e-01 | Loss: 1.7605e-04 | BC: 3.9674e-05 | PDE: 1.3638e-03 | Val: 3.9809e-05 | Test: 4.4820e-03 | LR=3.7e-04
Epoch  61/100 | Steps:  61000 | α=1e-01 | Loss: 1.5944e-04 | BC: 3.6177e-05 | PDE: 1.2326e-03 | Val: 3.9210e-05 | Test: 4.5069e-03 | LR=3.5e-04
Epoch  62/100 | Steps:  62000 | α=1e-01 | Loss: 1.7422e-04 | BC: 3.7030e-05 | PDE: 1.3719e-03 | Val: 3.6374e-05 | Test: 4.5183e-03 | LR=3.4e-04
Epoch  63/100 | Steps:  63000 | α=1e-01 | Loss: 1.3038e-04 | BC: 3.2991e-05 | PDE: 9.7389e-04 | Val: 5.3517e-05 | Test: 4.7061e-03 | LR=3.2e-04

Both thresholds reached -- BC (val): 5.3517e-05 < 1.0000e-04, PDE: 9.7389e-04 < 1.0000e-03

Restored best model from epoch 58 (val_loss: 1.2705e-05, test_loss: 4.4287e-03)
Best checkpoint saved to: outputs/expr_7_2_iter/p2to20_square/fix_alpha_1e-2/checkpoints/best_model.pt
Final checkpoint saved to: outputs/expr_7_2_iter/p2to20_square/fix_alpha_1e-2/checkpoints/final_model.pt
Training completed in 595.37s (63,000 total steps)
  Stage 1 (p=2) PDE diagnostics:
    p-Lap (p=2) raw:        1.4310e-02
    p-Lap (p=2) normalized: 3.5776e-03
    Inf-Lap raw:              2.1420e+01
    Inf-Lap normalized:       2.4109e+00

============================================================
Stage 2/11: Training with p=3
============================================================

Training configuration:
  Boundary points (train): 32,000 -> 80 batches of 400
  Interior points (train): 1,000,000 -> 1000 batches of 1000
  Interior sampling: RE-SAMPLE each epoch
  Boundary points (val): 8,000
  Validation loss: BC only
  Steps per epoch: 1,000
  Total steps: 100,000
  Epochs: 100
  Loss balancing: AlphaPlateauScheduler
  LR scheduler: cosine (LR: 1.0e-03 -> 1.0e-05)

Epoch   1/100 | Steps:   1000 | α=1e-05 | Loss: 1.0559e-04 | BC: 1.0154e-04 | PDE: 4.0438e-01 | Val: 3.3026e-06 | Test: 1.6187e-03 | LR=1.0e-03 *
Epoch   2/100 | Steps:   2000 | α=1e-05 | Loss: 3.4203e-05 | BC: 3.3040e-05 | PDE: 1.1630e-01 | Val: 1.1797e-05 | Test: 1.5227e-03 | LR=1.0e-03
Epoch   3/100 | Steps:   3000 | α=1e-05 | Loss: 3.6517e-05 | BC: 3.5545e-05 | PDE: 9.7188e-02 | Val: 1.4568e-04 | Test: 1.6288e-03 | LR=1.0e-03
Epoch   4/100 | Steps:   4000 | α=1e-05 | Loss: 3.6952e-05 | BC: 3.6009e-05 | PDE: 9.4376e-02 | Val: 1.1294e-04 | Test: 1.5307e-03 | LR=1.0e-03
Epoch   5/100 | Steps:   5000 | α=1e-05 | Loss: 5.3235e-05 | BC: 5.2112e-05 | PDE: 1.1225e-01 | Val: 1.3237e-06 | Test: 1.4698e-03 | LR=1.0e-03 *
Epoch   6/100 | Steps:   6000 | α=1e-05 | Loss: 1.8506e-05 | BC: 1.7814e-05 | PDE: 6.9149e-02 | Val: 6.5634e-05 | Test: 1.4410e-03 | LR=9.9e-04
Epoch   7/100 | Steps:   7000 | α=1e-05 | Loss: 3.3998e-05 | BC: 3.3283e-05 | PDE: 7.1513e-02 | Val: 8.8064e-05 | Test: 1.3687e-03 | LR=9.9e-04
Epoch   8/100 | Steps:   8000 | α=1e-05 | Loss: 9.4293e-05 | BC: 9.0423e-05 | PDE: 3.8697e-01 | Val: 8.0620e-07 | Test: 1.4566e-03 | LR=9.9e-04 *
Epoch   9/100 | Steps:   9000 | α=1e-05 | Loss: 2.3775e-06 | BC: 1.7958e-06 | PDE: 5.8166e-02 | Val: 2.3299e-05 | Test: 1.5156e-03 | LR=9.8e-04
Epoch  10/100 | Steps:  10000 | α=1e-05 | Loss: 2.7083e-05 | BC: 2.6443e-05 | PDE: 6.4006e-02 | Val: 2.9455e-06 | Test: 1.4505e-03 | LR=9.8e-04
Epoch  11/100 | Steps:  11000 | α=1e-05 | Loss: 2.8718e-05 | BC: 2.8061e-05 | PDE: 6.5698e-02 | Val: 5.2738e-06 | Test: 1.4797e-03 | LR=9.8e-04
Epoch  12/100 | Steps:  12000 | α=1e-05 | Loss: 2.2760e-05 | BC: 2.2157e-05 | PDE: 6.0358e-02 | Val: 6.0516e-06 | Test: 1.4642e-03 | LR=9.7e-04
Epoch  13/100 | Steps:  13000 | α=1e-05 | Loss: 3.7036e-05 | BC: 3.5970e-05 | PDE: 1.0655e-01 | Val: 9.7074e-07 | Test: 1.4768e-03 | LR=9.7e-04

>>> Alpha increased: 1e-05 → 1e-04 (BC=1.8623e-05) <<<
Epoch  14/100 | Steps:  14000 | α=1e-04 | Loss: 1.9180e-05 | BC: 1.8623e-05 | PDE: 5.5665e-02 | Val: 1.6360e-05 | Test: 1.4675e-03 | LR=9.6e-04 *
Epoch  15/100 | Steps:  15000 | α=1e-04 | Loss: 3.0526e-05 | BC: 2.7208e-05 | PDE: 3.3183e-02 | Val: 2.0082e-06 | Test: 1.5034e-03 | LR=9.5e-04 *
Epoch  16/100 | Steps:  16000 | α=1e-04 | Loss: 2.6444e-05 | BC: 2.4308e-05 | PDE: 2.1352e-02 | Val: 5.0885e-05 | Test: 1.5314e-03 | LR=9.5e-04
Epoch  17/100 | Steps:  17000 | α=1e-04 | Loss: 3.3446e-05 | BC: 3.1382e-05 | PDE: 2.0634e-02 | Val: 1.4727e-06 | Test: 1.4884e-03 | LR=9.4e-04 *
Epoch  18/100 | Steps:  18000 | α=1e-04 | Loss: 1.4503e-05 | BC: 1.3086e-05 | PDE: 1.4176e-02 | Val: 3.8409e-05 | Test: 1.5057e-03 | LR=9.3e-04
Epoch  19/100 | Steps:  19000 | α=1e-04 | Loss: 3.2619e-05 | BC: 3.0783e-05 | PDE: 1.8359e-02 | Val: 2.0764e-06 | Test: 1.5033e-03 | LR=9.2e-04
Epoch  20/100 | Steps:  20000 | α=1e-04 | Loss: 1.5073e-05 | BC: 1.3794e-05 | PDE: 1.2783e-02 | Val: 2.1674e-05 | Test: 1.4691e-03 | LR=9.1e-04
Epoch  21/100 | Steps:  21000 | α=1e-04 | Loss: 1.7882e-05 | BC: 1.6502e-05 | PDE: 1.3803e-02 | Val: 7.5382e-06 | Test: 1.4514e-03 | LR=9.1e-04
Epoch  22/100 | Steps:  22000 | α=1e-04 | Loss: 3.1908e-05 | BC: 3.0018e-05 | PDE: 1.8904e-02 | Val: 1.8971e-06 | Test: 1.4876e-03 | LR=9.0e-04

>>> Alpha increased: 1e-04 → 1e-03 (BC=1.1626e-05) <<<
Epoch  23/100 | Steps:  23000 | α=1e-03 | Loss: 1.2815e-05 | BC: 1.1626e-05 | PDE: 1.1894e-02 | Val: 1.9840e-05 | Test: 1.4967e-03 | LR=8.9e-04 *
Epoch  24/100 | Steps:  24000 | α=1e-03 | Loss: 5.7617e-05 | BC: 2.6996e-05 | PDE: 3.0622e-02 | Val: 9.3510e-06 | Test: 1.5101e-03 | LR=8.8e-04 *
Epoch  25/100 | Steps:  25000 | α=1e-03 | Loss: 2.5958e-05 | BC: 1.6342e-05 | PDE: 9.6160e-03 | Val: 7.4282e-06 | Test: 1.4694e-03 | LR=8.7e-04 *
Epoch  26/100 | Steps:  26000 | α=1e-03 | Loss: 2.5881e-05 | BC: 1.6590e-05 | PDE: 9.2908e-03 | Val: 4.8633e-06 | Test: 1.4871e-03 | LR=8.6e-04 *
Epoch  27/100 | Steps:  27000 | α=1e-03 | Loss: 2.3697e-05 | BC: 1.5523e-05 | PDE: 8.1732e-03 | Val: 8.4138e-06 | Test: 1.4911e-03 | LR=8.4e-04
Epoch  28/100 | Steps:  28000 | α=1e-03 | Loss: 2.5614e-05 | BC: 1.6763e-05 | PDE: 8.8513e-03 | Val: 1.1949e-05 | Test: 1.4883e-03 | LR=8.3e-04
Epoch  29/100 | Steps:  29000 | α=1e-03 | Loss: 2.0830e-05 | BC: 1.3771e-05 | PDE: 7.0592e-03 | Val: 3.5132e-06 | Test: 1.4844e-03 | LR=8.2e-04 *
Epoch  30/100 | Steps:  30000 | α=1e-03 | Loss: 2.6874e-05 | BC: 1.8329e-05 | PDE: 8.5456e-03 | Val: 1.8135e-05 | Test: 1.4862e-03 | LR=8.1e-04
Epoch  31/100 | Steps:  31000 | α=1e-03 | Loss: 1.9427e-05 | BC: 1.2865e-05 | PDE: 6.5621e-03 | Val: 1.4477e-04 | Test: 1.6317e-03 | LR=8.0e-04
Epoch  32/100 | Steps:  32000 | α=1e-03 | Loss: 1.9316e-05 | BC: 1.3165e-05 | PDE: 6.1511e-03 | Val: 4.6940e-05 | Test: 1.5646e-03 | LR=7.8e-04
Epoch  33/100 | Steps:  33000 | α=1e-03 | Loss: 1.9829e-05 | BC: 1.3089e-05 | PDE: 6.7399e-03 | Val: 8.1380e-06 | Test: 1.4837e-03 | LR=7.7e-04
Epoch  34/100 | Steps:  34000 | α=1e-03 | Loss: 2.0028e-05 | BC: 1.4080e-05 | PDE: 5.9484e-03 | Val: 4.3477e-06 | Test: 1.4877e-03 | LR=7.6e-04
Epoch  35/100 | Steps:  35000 | α=1e-03 | Loss: 1.5842e-05 | BC: 1.0394e-05 | PDE: 5.4478e-03 | Val: 4.0582e-05 | Test: 1.6266e-03 | LR=7.4e-04

>>> Alpha increased: 1e-03 → 1e-02 (BC=1.3085e-05) <<<
Epoch  36/100 | Steps:  36000 | α=1e-02 | Loss: 1.8766e-05 | BC: 1.3085e-05 | PDE: 5.6814e-03 | Val: 3.2050e-06 | Test: 1.5047e-03 | LR=7.3e-04 *
Epoch  37/100 | Steps:  37000 | α=1e-02 | Loss: 6.6962e-04 | BC: 2.5481e-04 | PDE: 4.1481e-02 | Val: 3.1021e-05 | Test: 1.5435e-03 | LR=7.2e-04
Epoch  38/100 | Steps:  38000 | α=1e-02 | Loss: 8.8914e-05 | BC: 2.8343e-05 | PDE: 6.0571e-03 | Val: 2.2892e-05 | Test: 1.5603e-03 | LR=7.0e-04
Epoch  39/100 | Steps:  39000 | α=1e-02 | Loss: 7.3437e-05 | BC: 2.0455e-05 | PDE: 5.2982e-03 | Val: 2.4821e-05 | Test: 1.5257e-03 | LR=6.9e-04
Epoch  40/100 | Steps:  40000 | α=1e-02 | Loss: 7.8453e-05 | BC: 2.0176e-05 | PDE: 5.8278e-03 | Val: 1.9285e-05 | Test: 1.5074e-03 | LR=6.7e-04
Epoch  41/100 | Steps:  41000 | α=1e-02 | Loss: 6.7680e-05 | BC: 1.7070e-05 | PDE: 5.0610e-03 | Val: 1.4254e-05 | Test: 1.4814e-03 | LR=6.6e-04
Epoch  42/100 | Steps:  42000 | α=1e-02 | Loss: 6.6887e-05 | BC: 1.6965e-05 | PDE: 4.9921e-03 | Val: 1.1241e-05 | Test: 1.4894e-03 | LR=6.4e-04
Epoch  43/100 | Steps:  43000 | α=1e-02 | Loss: 5.7775e-05 | BC: 1.4921e-05 | PDE: 4.2855e-03 | Val: 1.2783e-05 | Test: 1.5638e-03 | LR=6.3e-04
Epoch  44/100 | Steps:  44000 | α=1e-02 | Loss: 5.6563e-05 | BC: 1.4309e-05 | PDE: 4.2254e-03 | Val: 1.8661e-05 | Test: 1.5607e-03 | LR=6.1e-04
Epoch  45/100 | Steps:  45000 | α=1e-02 | Loss: 5.3937e-05 | BC: 1.3035e-05 | PDE: 4.0901e-03 | Val: 1.5521e-05 | Test: 1.5081e-03 | LR=6.0e-04
Epoch  46/100 | Steps:  46000 | α=1e-02 | Loss: 4.6126e-05 | BC: 1.1890e-05 | PDE: 3.4237e-03 | Val: 1.4220e-05 | Test: 1.5181e-03 | LR=5.8e-04
Epoch  47/100 | Steps:  47000 | α=1e-02 | Loss: 4.9534e-05 | BC: 1.2124e-05 | PDE: 3.7410e-03 | Val: 1.2059e-05 | Test: 1.5258e-03 | LR=5.7e-04
Epoch  48/100 | Steps:  48000 | α=1e-02 | Loss: 4.4304e-05 | BC: 1.1574e-05 | PDE: 3.2729e-03 | Val: 8.0310e-06 | Test: 1.5324e-03 | LR=5.5e-04
Epoch  49/100 | Steps:  49000 | α=1e-02 | Loss: 4.1936e-05 | BC: 1.0583e-05 | PDE: 3.1353e-03 | Val: 8.6813e-06 | Test: 1.4821e-03 | LR=5.4e-04
Epoch  50/100 | Steps:  50000 | α=1e-02 | Loss: 4.1908e-05 | BC: 1.0849e-05 | PDE: 3.1059e-03 | Val: 1.6584e-05 | Test: 1.4994e-03 | LR=5.2e-04

>>> Alpha increased: 1e-02 → 1e-01 (BC=9.9546e-06) <<<
Epoch  51/100 | Steps:  51000 | α=1e-01 | Loss: 3.8180e-05 | BC: 9.9546e-06 | PDE: 2.8226e-03 | Val: 1.1485e-05 | Test: 1.4656e-03 | LR=5.1e-04 *
Epoch  52/100 | Steps:  52000 | α=1e-01 | Loss: 1.2397e-03 | BC: 3.1696e-04 | PDE: 9.2278e-03 | Val: 2.8344e-05 | Test: 1.5337e-03 | LR=4.9e-04
Epoch  53/100 | Steps:  53000 | α=1e-01 | Loss: 2.2756e-04 | BC: 3.0542e-05 | PDE: 1.9702e-03 | Val: 3.1686e-05 | Test: 1.5372e-03 | LR=4.7e-04
Epoch  54/100 | Steps:  54000 | α=1e-01 | Loss: 1.8794e-04 | BC: 2.9102e-05 | PDE: 1.5884e-03 | Val: 2.8648e-05 | Test: 1.5554e-03 | LR=4.6e-04
Epoch  55/100 | Steps:  55000 | α=1e-01 | Loss: 1.8921e-04 | BC: 2.9898e-05 | PDE: 1.5931e-03 | Val: 3.7310e-05 | Test: 1.5894e-03 | LR=4.4e-04
Epoch  56/100 | Steps:  56000 | α=1e-01 | Loss: 1.6482e-04 | BC: 2.7859e-05 | PDE: 1.3696e-03 | Val: 3.4188e-05 | Test: 1.6136e-03 | LR=4.3e-04
Epoch  57/100 | Steps:  57000 | α=1e-01 | Loss: 1.7082e-04 | BC: 2.8889e-05 | PDE: 1.4193e-03 | Val: 2.9056e-05 | Test: 1.5977e-03 | LR=4.1e-04
Epoch  58/100 | Steps:  58000 | α=1e-01 | Loss: 1.6035e-04 | BC: 2.8801e-05 | PDE: 1.3155e-03 | Val: 2.9141e-05 | Test: 1.5422e-03 | LR=4.0e-04
Epoch  59/100 | Steps:  59000 | α=1e-01 | Loss: 1.3857e-04 | BC: 2.7152e-05 | PDE: 1.1141e-03 | Val: 3.1423e-05 | Test: 1.5856e-03 | LR=3.8e-04
Epoch  60/100 | Steps:  60000 | α=1e-01 | Loss: 1.5315e-04 | BC: 2.8426e-05 | PDE: 1.2472e-03 | Val: 2.8982e-05 | Test: 1.5659e-03 | LR=3.7e-04
Epoch  61/100 | Steps:  61000 | α=1e-01 | Loss: 1.3749e-04 | BC: 2.7045e-05 | PDE: 1.1045e-03 | Val: 2.9244e-05 | Test: 1.5852e-03 | LR=3.5e-04
Epoch  62/100 | Steps:  62000 | α=1e-01 | Loss: 1.4012e-04 | BC: 2.6364e-05 | PDE: 1.1376e-03 | Val: 3.1019e-05 | Test: 1.5507e-03 | LR=3.4e-04
Epoch  63/100 | Steps:  63000 | α=1e-01 | Loss: 1.1006e-04 | BC: 2.5258e-05 | PDE: 8.4803e-04 | Val: 2.6364e-05 | Test: 1.5773e-03 | LR=3.2e-04

Both thresholds reached -- BC (val): 2.6364e-05 < 1.0000e-04, PDE: 8.4803e-04 < 1.0000e-03

Restored best model from epoch 51 (val_loss: 1.1485e-05, test_loss: 1.4656e-03)
Best checkpoint saved to: outputs/expr_7_2_iter/p2to20_square/fix_alpha_1e-2/checkpoints/best_model.pt
Final checkpoint saved to: outputs/expr_7_2_iter/p2to20_square/fix_alpha_1e-2/checkpoints/final_model.pt
Training completed in 645.13s (63,000 total steps)
  Stage 2 (p=3) PDE diagnostics:
    p-Lap (p=3) raw:        6.4267e-02
    p-Lap (p=3) normalized: 3.1804e-03
    Inf-Lap raw:              3.4550e+00
    Inf-Lap normalized:       7.6668e-01

============================================================
Stage 3/11: Training with p=4
============================================================

Training configuration:
  Boundary points (train): 32,000 -> 80 batches of 400
  Interior points (train): 1,000,000 -> 1000 batches of 1000
  Interior sampling: RE-SAMPLE each epoch
  Boundary points (val): 8,000
  Validation loss: BC only
  Steps per epoch: 1,000
  Total steps: 100,000
  Epochs: 100
  Loss balancing: AlphaPlateauScheduler
  LR scheduler: cosine (LR: 1.0e-03 -> 1.0e-05)

Epoch   1/100 | Steps:   1000 | α=1e-05 | Loss: 8.5811e-05 | BC: 8.4250e-05 | PDE: 1.5608e-01 | Val: 8.4061e-05 | Test: 8.4242e-04 | LR=1.0e-03 *
Epoch   2/100 | Steps:   2000 | α=1e-05 | Loss: 2.6477e-05 | BC: 2.5866e-05 | PDE: 6.1113e-02 | Val: 1.1943e-06 | Test: 7.5414e-04 | LR=1.0e-03 *
Epoch   3/100 | Steps:   3000 | α=1e-05 | Loss: 2.5291e-05 | BC: 2.4761e-05 | PDE: 5.2955e-02 | Val: 2.1112e-05 | Test: 7.3524e-04 | LR=1.0e-03
Epoch   4/100 | Steps:   4000 | α=1e-05 | Loss: 3.0415e-05 | BC: 2.9757e-05 | PDE: 6.5854e-02 | Val: 6.1818e-06 | Test: 7.5441e-04 | LR=1.0e-03
Epoch   5/100 | Steps:   5000 | α=1e-05 | Loss: 2.1438e-05 | BC: 2.0998e-05 | PDE: 4.3936e-02 | Val: 1.0930e-05 | Test: 7.7560e-04 | LR=1.0e-03
Epoch   6/100 | Steps:   6000 | α=1e-05 | Loss: 2.4124e-05 | BC: 2.3704e-05 | PDE: 4.2074e-02 | Val: 1.2079e-05 | Test: 7.3992e-04 | LR=9.9e-04
Epoch   7/100 | Steps:   7000 | α=1e-05 | Loss: 2.0699e-05 | BC: 2.0304e-05 | PDE: 3.9409e-02 | Val: 2.0261e-06 | Test: 7.2973e-04 | LR=9.9e-04
Epoch   8/100 | Steps:   8000 | α=1e-05 | Loss: 2.7884e-05 | BC: 2.7379e-05 | PDE: 5.0467e-02 | Val: 2.5525e-06 | Test: 7.4581e-04 | LR=9.9e-04
Epoch   9/100 | Steps:   9000 | α=1e-05 | Loss: 1.8805e-05 | BC: 1.8435e-05 | PDE: 3.7038e-02 | Val: 4.1223e-06 | Test: 7.3768e-04 | LR=9.8e-04
Epoch  10/100 | Steps:  10000 | α=1e-05 | Loss: 2.3080e-05 | BC: 2.2684e-05 | PDE: 3.9613e-02 | Val: 2.6402e-06 | Test: 7.2995e-04 | LR=9.8e-04
Epoch  11/100 | Steps:  11000 | α=1e-05 | Loss: 3.6227e-05 | BC: 3.5550e-05 | PDE: 6.7773e-02 | Val: 7.7247e-07 | Test: 7.3170e-04 | LR=9.8e-04 *
Epoch  12/100 | Steps:  12000 | α=1e-05 | Loss: 1.0502e-05 | BC: 1.0172e-05 | PDE: 3.3033e-02 | Val: 1.4059e-06 | Test: 7.2409e-04 | LR=9.7e-04
Epoch  13/100 | Steps:  13000 | α=1e-05 | Loss: 1.9577e-05 | BC: 1.9175e-05 | PDE: 4.0193e-02 | Val: 3.0016e-06 | Test: 7.2453e-04 | LR=9.7e-04
Epoch  14/100 | Steps:  14000 | α=1e-05 | Loss: 2.5247e-05 | BC: 2.4770e-05 | PDE: 4.7636e-02 | Val: 6.2628e-07 | Test: 7.2566e-04 | LR=9.6e-04 *
Epoch  15/100 | Steps:  15000 | α=1e-05 | Loss: 1.4102e-05 | BC: 1.3767e-05 | PDE: 3.3505e-02 | Val: 6.9787e-06 | Test: 6.9395e-04 | LR=9.5e-04
Epoch  16/100 | Steps:  16000 | α=1e-05 | Loss: 1.6214e-05 | BC: 1.5863e-05 | PDE: 3.5075e-02 | Val: 1.1452e-05 | Test: 7.4312e-04 | LR=9.5e-04

>>> Alpha increased: 1e-05 → 1e-04 (BC=2.7307e-05) <<<
Epoch  17/100 | Steps:  17000 | α=1e-04 | Loss: 2.7830e-05 | BC: 2.7307e-05 | PDE: 5.2248e-02 | Val: 5.1593e-07 | Test: 7.2199e-04 | LR=9.4e-04 *
Epoch  18/100 | Steps:  18000 | α=1e-04 | Loss: 1.2187e-05 | BC: 1.0501e-05 | PDE: 1.6856e-02 | Val: 7.7550e-07 | Test: 7.3062e-04 | LR=9.3e-04
Epoch  19/100 | Steps:  19000 | α=1e-04 | Loss: 1.5883e-05 | BC: 1.4607e-05 | PDE: 1.2761e-02 | Val: 1.7664e-05 | Test: 7.5024e-04 | LR=9.2e-04
Epoch  20/100 | Steps:  20000 | α=1e-04 | Loss: 2.6830e-05 | BC: 2.5352e-05 | PDE: 1.4781e-02 | Val: 5.5043e-07 | Test: 7.2412e-04 | LR=9.1e-04
Epoch  21/100 | Steps:  21000 | α=1e-04 | Loss: 6.3126e-06 | BC: 5.4974e-06 | PDE: 8.1522e-03 | Val: 1.2071e-05 | Test: 7.2153e-04 | LR=9.1e-04
Epoch  22/100 | Steps:  22000 | α=1e-04 | Loss: 3.0065e-05 | BC: 2.8414e-05 | PDE: 1.6508e-02 | Val: 4.9450e-07 | Test: 7.2600e-04 | LR=9.0e-04 *
Epoch  23/100 | Steps:  23000 | α=1e-04 | Loss: 5.3376e-06 | BC: 4.5744e-06 | PDE: 7.6316e-03 | Val: 4.1232e-06 | Test: 7.3961e-04 | LR=8.9e-04
Epoch  24/100 | Steps:  24000 | α=1e-04 | Loss: 1.4658e-05 | BC: 1.3597e-05 | PDE: 1.0605e-02 | Val: 4.0570e-07 | Test: 7.2869e-04 | LR=8.8e-04 *
Epoch  25/100 | Steps:  25000 | α=1e-04 | Loss: 1.4114e-05 | BC: 1.3142e-05 | PDE: 9.7172e-03 | Val: 6.4200e-06 | Test: 7.3039e-04 | LR=8.7e-04

>>> Alpha increased: 1e-04 → 1e-03 (BC=1.8380e-05) <<<
Epoch  26/100 | Steps:  26000 | α=1e-03 | Loss: 1.9594e-05 | BC: 1.8380e-05 | PDE: 1.2148e-02 | Val: 3.4452e-07 | Test: 7.2303e-04 | LR=8.6e-04 *
Epoch  27/100 | Steps:  27000 | α=1e-03 | Loss: 6.7887e-05 | BC: 1.8769e-05 | PDE: 4.9118e-02 | Val: 4.3368e-05 | Test: 7.6273e-04 | LR=8.4e-04
Epoch  28/100 | Steps:  28000 | α=1e-03 | Loss: 1.6776e-05 | BC: 9.7072e-06 | PDE: 7.0689e-03 | Val: 4.6242e-05 | Test: 8.3401e-04 | LR=8.3e-04
Epoch  29/100 | Steps:  29000 | α=1e-03 | Loss: 1.9563e-05 | BC: 1.1077e-05 | PDE: 8.4859e-03 | Val: 3.0560e-06 | Test: 7.3438e-04 | LR=8.2e-04
Epoch  30/100 | Steps:  30000 | α=1e-03 | Loss: 1.7083e-05 | BC: 9.4719e-06 | PDE: 7.6109e-03 | Val: 4.4885e-06 | Test: 7.2931e-04 | LR=8.1e-04
Epoch  31/100 | Steps:  31000 | α=1e-03 | Loss: 1.8295e-05 | BC: 1.0511e-05 | PDE: 7.7845e-03 | Val: 3.9603e-06 | Test: 7.7558e-04 | LR=8.0e-04
Epoch  32/100 | Steps:  32000 | α=1e-03 | Loss: 1.7871e-05 | BC: 9.5721e-06 | PDE: 8.2994e-03 | Val: 1.9686e-05 | Test: 7.6002e-04 | LR=7.8e-04
Epoch  33/100 | Steps:  33000 | α=1e-03 | Loss: 1.6532e-05 | BC: 9.5428e-06 | PDE: 6.9890e-03 | Val: 4.4417e-06 | Test: 7.2873e-04 | LR=7.7e-04

>>> Alpha increased: 1e-03 → 1e-02 (BC=1.3454e-05) <<<
Epoch  34/100 | Steps:  34000 | α=1e-02 | Loss: 2.0104e-05 | BC: 1.3454e-05 | PDE: 6.6505e-03 | Val: 1.4717e-06 | Test: 7.3769e-04 | LR=7.6e-04 *
Epoch  35/100 | Steps:  35000 | α=1e-02 | Loss: 8.3936e-04 | BC: 3.2620e-04 | PDE: 5.1316e-02 | Val: 2.2240e-05 | Test: 7.6623e-04 | LR=7.4e-04
Epoch  36/100 | Steps:  36000 | α=1e-02 | Loss: 1.0082e-04 | BC: 2.0011e-05 | PDE: 8.0807e-03 | Val: 1.3109e-05 | Test: 7.8294e-04 | LR=7.3e-04
Epoch  37/100 | Steps:  37000 | α=1e-02 | Loss: 7.1875e-05 | BC: 1.2835e-05 | PDE: 5.9039e-03 | Val: 1.5666e-05 | Test: 7.8570e-04 | LR=7.2e-04
Epoch  38/100 | Steps:  38000 | α=1e-02 | Loss: 6.5447e-05 | BC: 1.1478e-05 | PDE: 5.3969e-03 | Val: 1.0099e-05 | Test: 7.6132e-04 | LR=7.0e-04
Epoch  39/100 | Steps:  39000 | α=1e-02 | Loss: 7.2646e-05 | BC: 1.1226e-05 | PDE: 6.1419e-03 | Val: 9.0282e-06 | Test: 7.7165e-04 | LR=6.9e-04
Epoch  40/100 | Steps:  40000 | α=1e-02 | Loss: 6.7758e-05 | BC: 1.1260e-05 | PDE: 5.6498e-03 | Val: 8.3407e-06 | Test: 7.5936e-04 | LR=6.7e-04
Epoch  41/100 | Steps:  41000 | α=1e-02 | Loss: 7.6968e-05 | BC: 1.1275e-05 | PDE: 6.5693e-03 | Val: 1.0494e-05 | Test: 7.7941e-04 | LR=6.6e-04
Epoch  42/100 | Steps:  42000 | α=1e-02 | Loss: 5.0658e-05 | BC: 9.0644e-06 | PDE: 4.1594e-03 | Val: 8.6895e-06 | Test: 7.4502e-04 | LR=6.4e-04
Epoch  43/100 | Steps:  43000 | α=1e-02 | Loss: 4.8384e-05 | BC: 8.7820e-06 | PDE: 3.9602e-03 | Val: 1.1011e-05 | Test: 7.5389e-04 | LR=6.3e-04
Epoch  44/100 | Steps:  44000 | α=1e-02 | Loss: 6.0323e-05 | BC: 9.4142e-06 | PDE: 5.0909e-03 | Val: 7.5774e-06 | Test: 7.4677e-04 | LR=6.1e-04
Epoch  45/100 | Steps:  45000 | α=1e-02 | Loss: 4.6904e-05 | BC: 8.3755e-06 | PDE: 3.8529e-03 | Val: 1.4879e-05 | Test: 7.4899e-04 | LR=6.0e-04
Epoch  46/100 | Steps:  46000 | α=1e-02 | Loss: 4.9318e-05 | BC: 8.5466e-06 | PDE: 4.0771e-03 | Val: 6.1614e-06 | Test: 7.4365e-04 | LR=5.8e-04

>>> Alpha increased: 1e-02 → 1e-01 (BC=8.1287e-06) <<<
Epoch  47/100 | Steps:  47000 | α=1e-01 | Loss: 4.5008e-05 | BC: 8.1287e-06 | PDE: 3.6879e-03 | Val: 9.9394e-06 | Test: 7.7558e-04 | LR=5.7e-04 *
Epoch  48/100 | Steps:  48000 | α=1e-01 | Loss: 2.6222e-03 | BC: 7.7327e-04 | PDE: 1.8489e-02 | Val: 3.4536e-05 | Test: 8.4708e-04 | LR=5.5e-04
Epoch  49/100 | Steps:  49000 | α=1e-01 | Loss: 2.8319e-04 | BC: 3.4271e-05 | PDE: 2.4891e-03 | Val: 3.5862e-05 | Test: 8.4781e-04 | LR=5.4e-04
Epoch  50/100 | Steps:  50000 | α=1e-01 | Loss: 2.7257e-04 | BC: 3.3925e-05 | PDE: 2.3864e-03 | Val: 3.7519e-05 | Test: 8.3110e-04 | LR=5.2e-04
Epoch  51/100 | Steps:  51000 | α=1e-01 | Loss: 2.5818e-04 | BC: 3.2982e-05 | PDE: 2.2520e-03 | Val: 3.4998e-05 | Test: 8.1842e-04 | LR=5.1e-04
Epoch  52/100 | Steps:  52000 | α=1e-01 | Loss: 2.2715e-04 | BC: 3.2016e-05 | PDE: 1.9514e-03 | Val: 3.6267e-05 | Test: 8.3837e-04 | LR=4.9e-04
Epoch  53/100 | Steps:  53000 | α=1e-01 | Loss: 2.2246e-04 | BC: 3.1015e-05 | PDE: 1.9145e-03 | Val: 3.2052e-05 | Test: 8.1950e-04 | LR=4.7e-04
Epoch  54/100 | Steps:  54000 | α=1e-01 | Loss: 2.2351e-04 | BC: 3.1363e-05 | PDE: 1.9214e-03 | Val: 2.9831e-05 | Test: 8.1044e-04 | LR=4.6e-04
Epoch  55/100 | Steps:  55000 | α=1e-01 | Loss: 2.0992e-04 | BC: 3.0538e-05 | PDE: 1.7938e-03 | Val: 4.4215e-05 | Test: 8.4371e-04 | LR=4.4e-04
Epoch  56/100 | Steps:  56000 | α=1e-01 | Loss: 1.7532e-04 | BC: 2.9134e-05 | PDE: 1.4619e-03 | Val: 3.1694e-05 | Test: 8.3279e-04 | LR=4.3e-04
Epoch  57/100 | Steps:  57000 | α=1e-01 | Loss: 1.7017e-04 | BC: 2.7965e-05 | PDE: 1.4220e-03 | Val: 2.6740e-05 | Test: 8.0912e-04 | LR=4.1e-04
Epoch  58/100 | Steps:  58000 | α=1e-01 | Loss: 1.7187e-04 | BC: 2.7915e-05 | PDE: 1.4396e-03 | Val: 2.6936e-05 | Test: 8.1386e-04 | LR=4.0e-04
Epoch  59/100 | Steps:  59000 | α=1e-01 | Loss: 1.6252e-04 | BC: 2.6719e-05 | PDE: 1.3580e-03 | Val: 2.9809e-05 | Test: 8.4124e-04 | LR=3.8e-04
Epoch  60/100 | Steps:  60000 | α=1e-01 | Loss: 1.4622e-04 | BC: 2.6266e-05 | PDE: 1.1996e-03 | Val: 2.8209e-05 | Test: 8.1836e-04 | LR=3.7e-04
Epoch  61/100 | Steps:  61000 | α=1e-01 | Loss: 1.5751e-04 | BC: 2.5867e-05 | PDE: 1.3165e-03 | Val: 2.5317e-05 | Test: 8.0903e-04 | LR=3.5e-04
Epoch  62/100 | Steps:  62000 | α=1e-01 | Loss: 1.2110e-04 | BC: 2.4414e-05 | PDE: 9.6690e-04 | Val: 2.4183e-05 | Test: 7.9547e-04 | LR=3.4e-04

Both thresholds reached -- BC (val): 2.4183e-05 < 1.0000e-04, PDE: 9.6690e-04 < 1.0000e-03

Restored best model from epoch 47 (val_loss: 9.9394e-06, test_loss: 7.7558e-04)
Best checkpoint saved to: outputs/expr_7_2_iter/p2to20_square/fix_alpha_1e-2/checkpoints/best_model.pt
Final checkpoint saved to: outputs/expr_7_2_iter/p2to20_square/fix_alpha_1e-2/checkpoints/final_model.pt
Training completed in 656.56s (62,000 total steps)
  Stage 3 (p=4) PDE diagnostics:
    p-Lap (p=4) raw:        1.7617e-01
    p-Lap (p=4) normalized: 5.3757e-03
    Inf-Lap raw:              1.2937e+00
    Inf-Lap normalized:       4.0681e-01

============================================================
Stage 4/11: Training with p=5
============================================================

Training configuration:
  Boundary points (train): 32,000 -> 80 batches of 400
  Interior points (train): 1,000,000 -> 1000 batches of 1000
  Interior sampling: RE-SAMPLE each epoch
  Boundary points (val): 8,000
  Validation loss: BC only
  Steps per epoch: 1,000
  Total steps: 100,000
  Epochs: 100
  Loss balancing: AlphaPlateauScheduler
  LR scheduler: cosine (LR: 1.0e-03 -> 1.0e-05)

Epoch   1/100 | Steps:   1000 | α=1e-05 | Loss: 7.5461e-05 | BC: 7.4273e-05 | PDE: 1.1882e-01 | Val: 1.7762e-06 | Test: 4.6869e-04 | LR=1.0e-03 *
Epoch   2/100 | Steps:   2000 | α=1e-05 | Loss: 1.9727e-05 | BC: 1.9278e-05 | PDE: 4.4897e-02 | Val: 3.2779e-06 | Test: 4.6549e-04 | LR=1.0e-03
Epoch   3/100 | Steps:   3000 | α=1e-05 | Loss: 1.9475e-05 | BC: 1.9120e-05 | PDE: 3.5580e-02 | Val: 8.0191e-06 | Test: 4.5608e-04 | LR=1.0e-03
Epoch   4/100 | Steps:   4000 | α=1e-05 | Loss: 1.8884e-05 | BC: 1.8587e-05 | PDE: 2.9713e-02 | Val: 1.1734e-05 | Test: 4.2344e-04 | LR=1.0e-03
Epoch   5/100 | Steps:   5000 | α=1e-05 | Loss: 1.9010e-05 | BC: 1.8736e-05 | PDE: 2.7430e-02 | Val: 7.7074e-07 | Test: 4.3445e-04 | LR=1.0e-03 *
Epoch   6/100 | Steps:   6000 | α=1e-05 | Loss: 3.0859e-05 | BC: 3.0288e-05 | PDE: 5.7108e-02 | Val: 6.7761e-06 | Test: 4.4016e-04 | LR=9.9e-04

>>> Alpha increased: 1e-05 → 1e-04 (BC=1.5942e-05) <<<
Epoch   7/100 | Steps:   7000 | α=1e-04 | Loss: 1.6201e-05 | BC: 1.5942e-05 | PDE: 2.5890e-02 | Val: 1.4396e-05 | Test: 4.4361e-04 | LR=9.9e-04 *
Epoch   8/100 | Steps:   8000 | α=1e-04 | Loss: 1.9837e-05 | BC: 1.8490e-05 | PDE: 1.3468e-02 | Val: 6.5437e-05 | Test: 5.0355e-04 | LR=9.9e-04
Epoch   9/100 | Steps:   9000 | α=1e-04 | Loss: 3.7220e-05 | BC: 3.5652e-05 | PDE: 1.5684e-02 | Val: 7.9500e-07 | Test: 4.3551e-04 | LR=9.8e-04 *
Epoch  10/100 | Steps:  10000 | α=1e-04 | Loss: 7.2633e-06 | BC: 6.6129e-06 | PDE: 6.5035e-03 | Val: 4.6434e-07 | Test: 4.2774e-04 | LR=9.8e-04 *
Epoch  11/100 | Steps:  11000 | α=1e-04 | Loss: 1.6900e-05 | BC: 1.5938e-05 | PDE: 9.6267e-03 | Val: 1.9290e-06 | Test: 4.3146e-04 | LR=9.8e-04
Epoch  12/100 | Steps:  12000 | α=1e-04 | Loss: 1.4058e-04 | BC: 1.3284e-04 | PDE: 7.7465e-02 | Val: 4.7764e-07 | Test: 4.2736e-04 | LR=9.7e-04
Epoch  13/100 | Steps:  13000 | α=1e-04 | Loss: 1.0948e-06 | BC: 5.4746e-07 | PDE: 5.4738e-03 | Val: 1.1332e-06 | Test: 4.3128e-04 | LR=9.7e-04
Epoch  14/100 | Steps:  14000 | α=1e-04 | Loss: 1.2385e-05 | BC: 1.1605e-05 | PDE: 7.8038e-03 | Val: 4.6924e-06 | Test: 4.5022e-04 | LR=9.6e-04
Epoch  15/100 | Steps:  15000 | α=1e-04 | Loss: 1.1221e-05 | BC: 1.0315e-05 | PDE: 9.0622e-03 | Val: 1.2128e-06 | Test: 4.3670e-04 | LR=9.5e-04
Epoch  16/100 | Steps:  16000 | α=1e-04 | Loss: 1.6311e-05 | BC: 1.5248e-05 | PDE: 1.0624e-02 | Val: 3.8294e-06 | Test: 4.2423e-04 | LR=9.5e-04
Epoch  17/100 | Steps:  17000 | α=1e-04 | Loss: 1.1684e-05 | BC: 1.0815e-05 | PDE: 8.6897e-03 | Val: 9.8321e-06 | Test: 4.4002e-04 | LR=9.4e-04

>>> Alpha increased: 1e-04 → 1e-03 (BC=1.3788e-05) <<<
Epoch  18/100 | Steps:  18000 | α=1e-03 | Loss: 1.4922e-05 | BC: 1.3788e-05 | PDE: 1.1347e-02 | Val: 1.3370e-06 | Test: 4.3174e-04 | LR=9.3e-04 *
Epoch  19/100 | Steps:  19000 | α=1e-03 | Loss: 9.3975e-05 | BC: 2.8769e-05 | PDE: 6.5206e-02 | Val: 1.6995e-06 | Test: 4.3890e-04 | LR=9.2e-04
Epoch  20/100 | Steps:  20000 | α=1e-03 | Loss: 1.9441e-05 | BC: 1.0512e-05 | PDE: 8.9296e-03 | Val: 1.0571e-05 | Test: 4.5288e-04 | LR=9.1e-04
Epoch  21/100 | Steps:  21000 | α=1e-03 | Loss: 1.9308e-05 | BC: 9.4018e-06 | PDE: 9.9064e-03 | Val: 1.3996e-05 | Test: 4.4711e-04 | LR=9.1e-04
Epoch  22/100 | Steps:  22000 | α=1e-03 | Loss: 2.1119e-05 | BC: 1.0452e-05 | PDE: 1.0667e-02 | Val: 3.4510e-06 | Test: 4.4373e-04 | LR=9.0e-04
Epoch  23/100 | Steps:  23000 | α=1e-03 | Loss: 2.3300e-05 | BC: 1.1623e-05 | PDE: 1.1677e-02 | Val: 3.4713e-05 | Test: 4.9284e-04 | LR=8.9e-04
Epoch  24/100 | Steps:  24000 | α=1e-03 | Loss: 2.1457e-05 | BC: 1.0828e-05 | PDE: 1.0629e-02 | Val: 1.3047e-06 | Test: 4.4270e-04 | LR=8.8e-04 *
Epoch  25/100 | Steps:  25000 | α=1e-03 | Loss: 1.5786e-05 | BC: 8.0918e-06 | PDE: 7.6944e-03 | Val: 1.6996e-06 | Test: 4.4563e-04 | LR=8.7e-04

>>> Alpha increased: 1e-03 → 1e-02 (BC=1.0412e-05) <<<
Epoch  26/100 | Steps:  26000 | α=1e-02 | Loss: 1.9616e-05 | BC: 1.0412e-05 | PDE: 9.2034e-03 | Val: 2.3418e-06 | Test: 4.4987e-04 | LR=8.6e-04 *
Epoch  27/100 | Steps:  27000 | α=1e-02 | Loss: 1.4573e-03 | BC: 6.1750e-04 | PDE: 8.3977e-02 | Val: 5.2611e-05 | Test: 5.4017e-04 | LR=8.4e-04
Epoch  28/100 | Steps:  28000 | α=1e-02 | Loss: 1.2806e-04 | BC: 3.8678e-05 | PDE: 8.9379e-03 | Val: 3.1855e-05 | Test: 5.0229e-04 | LR=8.3e-04
Epoch  29/100 | Steps:  29000 | α=1e-02 | Loss: 1.2723e-04 | BC: 3.2821e-05 | PDE: 9.4407e-03 | Val: 2.5750e-05 | Test: 5.0639e-04 | LR=8.2e-04
Epoch  30/100 | Steps:  30000 | α=1e-02 | Loss: 1.3027e-04 | BC: 2.9905e-05 | PDE: 1.0036e-02 | Val: 3.6436e-05 | Test: 5.0847e-04 | LR=8.1e-04
Epoch  31/100 | Steps:  31000 | α=1e-02 | Loss: 1.0579e-04 | BC: 2.5798e-05 | PDE: 7.9990e-03 | Val: 4.8363e-05 | Test: 5.3953e-04 | LR=8.0e-04
Epoch  32/100 | Steps:  32000 | α=1e-02 | Loss: 1.0561e-04 | BC: 2.3302e-05 | PDE: 8.2309e-03 | Val: 2.2042e-05 | Test: 4.8882e-04 | LR=7.8e-04
Epoch  33/100 | Steps:  33000 | α=1e-02 | Loss: 1.0335e-04 | BC: 2.2545e-05 | PDE: 8.0807e-03 | Val: 2.3190e-05 | Test: 5.1905e-04 | LR=7.7e-04
Epoch  34/100 | Steps:  34000 | α=1e-02 | Loss: 8.4897e-05 | BC: 1.9595e-05 | PDE: 6.5301e-03 | Val: 1.6122e-05 | Test: 4.8193e-04 | LR=7.6e-04
Epoch  35/100 | Steps:  35000 | α=1e-02 | Loss: 9.4116e-05 | BC: 1.9055e-05 | PDE: 7.5061e-03 | Val: 1.5761e-05 | Test: 4.6116e-04 | LR=7.4e-04
Epoch  36/100 | Steps:  36000 | α=1e-02 | Loss: 8.5019e-05 | BC: 1.7478e-05 | PDE: 6.7542e-03 | Val: 1.5795e-05 | Test: 4.8461e-04 | LR=7.3e-04
Epoch  37/100 | Steps:  37000 | α=1e-02 | Loss: 8.7226e-05 | BC: 1.7480e-05 | PDE: 6.9746e-03 | Val: 1.5025e-05 | Test: 4.7926e-04 | LR=7.2e-04
Epoch  38/100 | Steps:  38000 | α=1e-02 | Loss: 6.9051e-05 | BC: 1.4453e-05 | PDE: 5.4598e-03 | Val: 1.2807e-05 | Test: 4.5958e-04 | LR=7.0e-04
Epoch  39/100 | Steps:  39000 | α=1e-02 | Loss: 7.9151e-05 | BC: 1.5490e-05 | PDE: 6.3661e-03 | Val: 1.1484e-05 | Test: 4.8106e-04 | LR=6.9e-04
Epoch  40/100 | Steps:  40000 | α=1e-02 | Loss: 7.7823e-05 | BC: 1.4735e-05 | PDE: 6.3088e-03 | Val: 1.1561e-05 | Test: 4.6873e-04 | LR=6.7e-04
Epoch  41/100 | Steps:  41000 | α=1e-02 | Loss: 6.0733e-05 | BC: 1.2832e-05 | PDE: 4.7900e-03 | Val: 9.7476e-06 | Test: 4.6599e-04 | LR=6.6e-04
Epoch  42/100 | Steps:  42000 | α=1e-02 | Loss: 6.1265e-05 | BC: 1.2355e-05 | PDE: 4.8910e-03 | Val: 1.1033e-05 | Test: 4.9244e-04 | LR=6.4e-04

>>> Alpha increased: 1e-02 → 1e-01 (BC=1.2162e-05) <<<
Epoch  43/100 | Steps:  43000 | α=1e-01 | Loss: 6.1305e-05 | BC: 1.2162e-05 | PDE: 4.9143e-03 | Val: 1.3203e-05 | Test: 4.5916e-04 | LR=6.3e-04 *
Epoch  44/100 | Steps:  44000 | α=1e-01 | Loss: 3.9045e-03 | BC: 1.0611e-03 | PDE: 2.8434e-02 | Val: 4.0440e-05 | Test: 5.4985e-04 | LR=6.1e-04
Epoch  45/100 | Steps:  45000 | α=1e-01 | Loss: 3.4974e-04 | BC: 4.0711e-05 | PDE: 3.0903e-03 | Val: 3.5816e-05 | Test: 5.3604e-04 | LR=6.0e-04
Epoch  46/100 | Steps:  46000 | α=1e-01 | Loss: 4.2225e-04 | BC: 4.9138e-05 | PDE: 3.7312e-03 | Val: 3.9352e-05 | Test: 5.2938e-04 | LR=5.8e-04
Epoch  47/100 | Steps:  47000 | α=1e-01 | Loss: 3.7830e-04 | BC: 4.2515e-05 | PDE: 3.3578e-03 | Val: 3.5555e-05 | Test: 5.2142e-04 | LR=5.7e-04
Epoch  48/100 | Steps:  48000 | α=1e-01 | Loss: 2.9275e-04 | BC: 3.9604e-05 | PDE: 2.5315e-03 | Val: 3.8313e-05 | Test: 5.4465e-04 | LR=5.5e-04
Epoch  49/100 | Steps:  49000 | α=1e-01 | Loss: 3.1971e-04 | BC: 4.0002e-05 | PDE: 2.7971e-03 | Val: 3.6979e-05 | Test: 5.3335e-04 | LR=5.4e-04
Epoch  50/100 | Steps:  50000 | α=1e-01 | Loss: 2.9658e-04 | BC: 3.9296e-05 | PDE: 2.5728e-03 | Val: 4.1597e-05 | Test: 5.2442e-04 | LR=5.2e-04
Epoch  51/100 | Steps:  51000 | α=1e-01 | Loss: 2.8266e-04 | BC: 4.0402e-05 | PDE: 2.4225e-03 | Val: 3.8365e-05 | Test: 5.2696e-04 | LR=5.1e-04
Epoch  52/100 | Steps:  52000 | α=1e-01 | Loss: 2.5939e-04 | BC: 3.8632e-05 | PDE: 2.2076e-03 | Val: 3.8507e-05 | Test: 5.3111e-04 | LR=4.9e-04
Epoch  53/100 | Steps:  53000 | α=1e-01 | Loss: 2.5566e-04 | BC: 3.9563e-05 | PDE: 2.1610e-03 | Val: 3.4865e-05 | Test: 5.1322e-04 | LR=4.7e-04
Epoch  54/100 | Steps:  54000 | α=1e-01 | Loss: 2.3659e-04 | BC: 3.7240e-05 | PDE: 1.9935e-03 | Val: 3.8013e-05 | Test: 5.3982e-04 | LR=4.6e-04
Epoch  55/100 | Steps:  55000 | α=1e-01 | Loss: 2.1343e-04 | BC: 3.6773e-05 | PDE: 1.7666e-03 | Val: 3.5365e-05 | Test: 5.2828e-04 | LR=4.4e-04
Epoch  56/100 | Steps:  56000 | α=1e-01 | Loss: 2.1305e-04 | BC: 3.5920e-05 | PDE: 1.7713e-03 | Val: 3.6183e-05 | Test: 5.2800e-04 | LR=4.3e-04
Epoch  57/100 | Steps:  57000 | α=1e-01 | Loss: 2.1024e-04 | BC: 3.5823e-05 | PDE: 1.7442e-03 | Val: 3.4152e-05 | Test: 5.2517e-04 | LR=4.1e-04
Epoch  58/100 | Steps:  58000 | α=1e-01 | Loss: 1.8579e-04 | BC: 3.4460e-05 | PDE: 1.5133e-03 | Val: 3.5065e-05 | Test: 5.0860e-04 | LR=4.0e-04
Epoch  59/100 | Steps:  59000 | α=1e-01 | Loss: 1.6879e-04 | BC: 3.3383e-05 | PDE: 1.3540e-03 | Val: 3.4893e-05 | Test: 5.2610e-04 | LR=3.8e-04
Epoch  60/100 | Steps:  60000 | α=1e-01 | Loss: 1.6723e-04 | BC: 3.2701e-05 | PDE: 1.3453e-03 | Val: 3.2089e-05 | Test: 5.0736e-04 | LR=3.7e-04
Epoch  61/100 | Steps:  61000 | α=1e-01 | Loss: 1.5567e-04 | BC: 3.2099e-05 | PDE: 1.2357e-03 | Val: 3.3430e-05 | Test: 5.2072e-04 | LR=3.5e-04
Epoch  62/100 | Steps:  62000 | α=1e-01 | Loss: 1.4512e-04 | BC: 3.1329e-05 | PDE: 1.1379e-03 | Val: 3.1788e-05 | Test: 5.1409e-04 | LR=3.4e-04
Epoch  63/100 | Steps:  63000 | α=1e-01 | Loss: 1.4198e-04 | BC: 3.0426e-05 | PDE: 1.1156e-03 | Val: 3.0218e-05 | Test: 5.1633e-04 | LR=3.2e-04
Epoch  64/100 | Steps:  64000 | α=1e-01 | Loss: 1.4134e-04 | BC: 2.9744e-05 | PDE: 1.1159e-03 | Val: 2.8493e-05 | Test: 5.0445e-04 | LR=3.1e-04
Epoch  65/100 | Steps:  65000 | α=1e-01 | Loss: 1.2293e-04 | BC: 2.9086e-05 | PDE: 9.3843e-04 | Val: 2.8408e-05 | Test: 5.0496e-04 | LR=2.9e-04

Both thresholds reached -- BC (val): 2.8408e-05 < 1.0000e-04, PDE: 9.3843e-04 < 1.0000e-03

Restored best model from epoch 43 (val_loss: 1.3203e-05, test_loss: 4.5916e-04)
Best checkpoint saved to: outputs/expr_7_2_iter/p2to20_square/fix_alpha_1e-2/checkpoints/best_model.pt
Final checkpoint saved to: outputs/expr_7_2_iter/p2to20_square/fix_alpha_1e-2/checkpoints/final_model.pt
Training completed in 566.72s (65,000 total steps)
  Stage 4 (p=5) PDE diagnostics:
    p-Lap (p=5) raw:        4.7082e-01
    p-Lap (p=5) normalized: 8.0414e-03
    Inf-Lap raw:              6.4402e-01
    Inf-Lap normalized:       2.6138e-01

============================================================
Stage 5/11: Training with p=6
============================================================

Training configuration:
  Boundary points (train): 32,000 -> 80 batches of 400
  Interior points (train): 1,000,000 -> 1000 batches of 1000
  Interior sampling: RE-SAMPLE each epoch
  Boundary points (val): 8,000
  Validation loss: BC only
  Steps per epoch: 1,000
  Total steps: 100,000
  Epochs: 100
  Loss balancing: AlphaPlateauScheduler
  LR scheduler: cosine (LR: 1.0e-03 -> 1.0e-05)

Epoch   1/100 | Steps:   1000 | α=1e-05 | Loss: 6.7612e-05 | BC: 6.6610e-05 | PDE: 1.0019e-01 | Val: 3.2392e-05 | Test: 3.3858e-04 | LR=1.0e-03 *
Epoch   2/100 | Steps:   2000 | α=1e-05 | Loss: 1.9025e-05 | BC: 1.8453e-05 | PDE: 5.7291e-02 | Val: 1.0277e-06 | Test: 2.8990e-04 | LR=1.0e-03 *
Epoch   3/100 | Steps:   3000 | α=1e-05 | Loss: 2.2336e-05 | BC: 2.1838e-05 | PDE: 4.9844e-02 | Val: 3.6667e-05 | Test: 3.1217e-04 | LR=1.0e-03
Epoch   4/100 | Steps:   4000 | α=1e-05 | Loss: 2.5659e-05 | BC: 2.5212e-05 | PDE: 4.4720e-02 | Val: 2.0442e-06 | Test: 2.8380e-04 | LR=1.0e-03
Epoch   5/100 | Steps:   5000 | α=1e-05 | Loss: 1.7260e-05 | BC: 1.6893e-05 | PDE: 3.6675e-02 | Val: 1.9484e-05 | Test: 2.8999e-04 | LR=1.0e-03
Epoch   6/100 | Steps:   6000 | α=1e-05 | Loss: 2.0818e-05 | BC: 2.0451e-05 | PDE: 3.6646e-02 | Val: 1.0191e-05 | Test: 2.8691e-04 | LR=9.9e-04

>>> Alpha increased: 1e-05 → 1e-04 (BC=2.7670e-05) <<<
Epoch   7/100 | Steps:   7000 | α=1e-04 | Loss: 2.8083e-05 | BC: 2.7670e-05 | PDE: 4.1271e-02 | Val: 6.2689e-07 | Test: 2.7767e-04 | LR=9.9e-04 *
Epoch   8/100 | Steps:   8000 | α=1e-04 | Loss: 1.6424e-05 | BC: 1.4707e-05 | PDE: 1.7170e-02 | Val: 2.2260e-05 | Test: 2.9123e-04 | LR=9.9e-04
Epoch   9/100 | Steps:   9000 | α=1e-04 | Loss: 1.8976e-05 | BC: 1.7581e-05 | PDE: 1.3948e-02 | Val: 5.3900e-06 | Test: 2.8271e-04 | LR=9.8e-04
Epoch  10/100 | Steps:  10000 | α=1e-04 | Loss: 1.8364e-05 | BC: 1.7169e-05 | PDE: 1.1951e-02 | Val: 8.3733e-06 | Test: 2.8901e-04 | LR=9.8e-04
Epoch  11/100 | Steps:  11000 | α=1e-04 | Loss: 1.6656e-05 | BC: 1.5541e-05 | PDE: 1.1153e-02 | Val: 1.9047e-05 | Test: 2.8953e-04 | LR=9.8e-04
Epoch  12/100 | Steps:  12000 | α=1e-04 | Loss: 3.2617e-05 | BC: 3.1072e-05 | PDE: 1.5457e-02 | Val: 6.1630e-07 | Test: 2.7634e-04 | LR=9.7e-04 *
Epoch  13/100 | Steps:  13000 | α=1e-04 | Loss: 1.0567e-05 | BC: 9.6816e-06 | PDE: 8.8542e-03 | Val: 8.7139e-07 | Test: 2.8520e-04 | LR=9.7e-04
Epoch  14/100 | Steps:  14000 | α=1e-04 | Loss: 1.8624e-05 | BC: 1.7477e-05 | PDE: 1.1464e-02 | Val: 1.9778e-05 | Test: 3.0273e-04 | LR=9.6e-04
Epoch  15/100 | Steps:  15000 | α=1e-04 | Loss: 1.3589e-05 | BC: 1.2573e-05 | PDE: 1.0163e-02 | Val: 3.3814e-07 | Test: 2.8090e-04 | LR=9.5e-04 *
Epoch  16/100 | Steps:  16000 | α=1e-04 | Loss: 3.2933e-05 | BC: 3.1161e-05 | PDE: 1.7725e-02 | Val: 2.8949e-07 | Test: 2.8035e-04 | LR=9.5e-04 *
Epoch  17/100 | Steps:  17000 | α=1e-04 | Loss: 3.9503e-06 | BC: 3.2739e-06 | PDE: 6.7638e-03 | Val: 3.6019e-06 | Test: 2.7696e-04 | LR=9.4e-04
Epoch  18/100 | Steps:  18000 | α=1e-04 | Loss: 1.4962e-05 | BC: 1.3863e-05 | PDE: 1.0995e-02 | Val: 5.9746e-07 | Test: 2.8533e-04 | LR=9.3e-04
Epoch  19/100 | Steps:  19000 | α=1e-04 | Loss: 1.2859e-05 | BC: 1.1833e-05 | PDE: 1.0261e-02 | Val: 2.1146e-06 | Test: 2.7826e-04 | LR=9.2e-04
Epoch  20/100 | Steps:  20000 | α=1e-04 | Loss: 1.9399e-05 | BC: 1.8146e-05 | PDE: 1.2521e-02 | Val: 2.1662e-07 | Test: 2.7831e-04 | LR=9.1e-04 *
Epoch  21/100 | Steps:  21000 | α=1e-04 | Loss: 1.0850e-05 | BC: 1.0031e-05 | PDE: 8.1889e-03 | Val: 1.0043e-05 | Test: 2.8994e-04 | LR=9.1e-04

>>> Alpha increased: 1e-04 → 1e-03 (BC=1.1844e-05) <<<
Epoch  22/100 | Steps:  22000 | α=1e-03 | Loss: 1.2864e-05 | BC: 1.1844e-05 | PDE: 1.0199e-02 | Val: 3.6129e-07 | Test: 2.7908e-04 | LR=9.0e-04 *
Epoch  23/100 | Steps:  23000 | α=1e-03 | Loss: 1.4635e-04 | BC: 4.7601e-05 | PDE: 9.8753e-02 | Val: 4.2350e-06 | Test: 2.9647e-04 | LR=8.9e-04
Epoch  24/100 | Steps:  24000 | α=1e-03 | Loss: 1.4169e-05 | BC: 7.0793e-06 | PDE: 7.0898e-03 | Val: 2.1420e-06 | Test: 2.8888e-04 | LR=8.8e-04
Epoch  25/100 | Steps:  25000 | α=1e-03 | Loss: 2.0077e-05 | BC: 9.4221e-06 | PDE: 1.0655e-02 | Val: 4.6039e-06 | Test: 3.0323e-04 | LR=8.7e-04
Epoch  26/100 | Steps:  26000 | α=1e-03 | Loss: 1.8801e-05 | BC: 8.2250e-06 | PDE: 1.0576e-02 | Val: 2.0757e-05 | Test: 3.0346e-04 | LR=8.6e-04
Epoch  27/100 | Steps:  27000 | α=1e-03 | Loss: 1.9279e-05 | BC: 8.7551e-06 | PDE: 1.0524e-02 | Val: 3.8483e-06 | Test: 3.0571e-04 | LR=8.4e-04
Epoch  28/100 | Steps:  28000 | α=1e-03 | Loss: 2.0303e-05 | BC: 9.5011e-06 | PDE: 1.0802e-02 | Val: 5.2194e-06 | Test: 2.8384e-04 | LR=8.3e-04
Epoch  29/100 | Steps:  29000 | α=1e-03 | Loss: 1.8323e-05 | BC: 8.8112e-06 | PDE: 9.5114e-03 | Val: 2.8579e-06 | Test: 2.9615e-04 | LR=8.2e-04

>>> Alpha increased: 1e-03 → 1e-02 (BC=1.5567e-05) <<<
Epoch  30/100 | Steps:  30000 | α=1e-02 | Loss: 3.0232e-05 | BC: 1.5567e-05 | PDE: 1.4665e-02 | Val: 1.0938e-06 | Test: 2.9242e-04 | LR=8.1e-04 *
Epoch  31/100 | Steps:  31000 | α=1e-02 | Loss: 9.1581e-04 | BC: 3.1534e-04 | PDE: 6.0048e-02 | Val: 5.2212e-05 | Test: 4.0797e-04 | LR=8.0e-04
Epoch  32/100 | Steps:  32000 | α=1e-02 | Loss: 1.0158e-04 | BC: 1.5490e-05 | PDE: 8.6090e-03 | Val: 1.5614e-05 | Test: 3.3592e-04 | LR=7.8e-04
Epoch  33/100 | Steps:  33000 | α=1e-02 | Loss: 1.0177e-04 | BC: 1.3558e-05 | PDE: 8.8217e-03 | Val: 2.6387e-05 | Test: 3.6635e-04 | LR=7.7e-04
Epoch  34/100 | Steps:  34000 | α=1e-02 | Loss: 9.8115e-05 | BC: 1.3211e-05 | PDE: 8.4904e-03 | Val: 9.8886e-06 | Test: 3.2622e-04 | LR=7.6e-04
Epoch  35/100 | Steps:  35000 | α=1e-02 | Loss: 9.3632e-05 | BC: 1.2528e-05 | PDE: 8.1104e-03 | Val: 8.2854e-06 | Test: 3.1114e-04 | LR=7.4e-04
Epoch  36/100 | Steps:  36000 | α=1e-02 | Loss: 8.5872e-05 | BC: 1.1307e-05 | PDE: 7.4565e-03 | Val: 1.3858e-05 | Test: 3.2865e-04 | LR=7.3e-04
Epoch  37/100 | Steps:  37000 | α=1e-02 | Loss: 8.9550e-05 | BC: 1.1181e-05 | PDE: 7.8369e-03 | Val: 1.0166e-05 | Test: 3.1389e-04 | LR=7.2e-04
Epoch  38/100 | Steps:  38000 | α=1e-02 | Loss: 7.5860e-05 | BC: 1.0359e-05 | PDE: 6.5500e-03 | Val: 6.8916e-06 | Test: 3.1119e-04 | LR=7.0e-04
Epoch  39/100 | Steps:  39000 | α=1e-02 | Loss: 8.6324e-05 | BC: 1.1155e-05 | PDE: 7.5169e-03 | Val: 8.3101e-06 | Test: 3.1570e-04 | LR=6.9e-04
Epoch  40/100 | Steps:  40000 | α=1e-02 | Loss: 8.5841e-05 | BC: 1.0716e-05 | PDE: 7.5125e-03 | Val: 9.2807e-06 | Test: 3.2182e-04 | LR=6.7e-04
Epoch  41/100 | Steps:  41000 | α=1e-02 | Loss: 6.2356e-05 | BC: 9.2711e-06 | PDE: 5.3085e-03 | Val: 7.8883e-06 | Test: 3.0900e-04 | LR=6.6e-04
Epoch  42/100 | Steps:  42000 | α=1e-02 | Loss: 6.4807e-05 | BC: 9.1022e-06 | PDE: 5.5705e-03 | Val: 7.1317e-06 | Test: 3.1390e-04 | LR=6.4e-04

>>> Alpha increased: 1e-02 → 1e-01 (BC=8.6916e-06) <<<
Epoch  43/100 | Steps:  43000 | α=1e-01 | Loss: 6.0427e-05 | BC: 8.6916e-06 | PDE: 5.1735e-03 | Val: 6.5487e-06 | Test: 3.1649e-04 | LR=6.3e-04 *
Epoch  44/100 | Steps:  44000 | α=1e-01 | Loss: 5.2795e-03 | BC: 1.2240e-03 | PDE: 4.0555e-02 | Val: 3.0425e-05 | Test: 3.6852e-04 | LR=6.1e-04
Epoch  45/100 | Steps:  45000 | α=1e-01 | Loss: 6.0181e-04 | BC: 4.9585e-05 | PDE: 5.5223e-03 | Val: 3.0527e-05 | Test: 3.7697e-04 | LR=6.0e-04
Epoch  46/100 | Steps:  46000 | α=1e-01 | Loss: 6.5054e-04 | BC: 5.0519e-05 | PDE: 6.0002e-03 | Val: 3.9916e-05 | Test: 4.0160e-04 | LR=5.8e-04
Epoch  47/100 | Steps:  47000 | α=1e-01 | Loss: 4.0721e-04 | BC: 3.5549e-05 | PDE: 3.7166e-03 | Val: 4.6207e-05 | Test: 4.1317e-04 | LR=5.7e-04
Epoch  48/100 | Steps:  48000 | α=1e-01 | Loss: 4.9785e-04 | BC: 4.3264e-05 | PDE: 4.5458e-03 | Val: 2.8806e-05 | Test: 3.7233e-04 | LR=5.5e-04
Epoch  49/100 | Steps:  49000 | α=1e-01 | Loss: 3.4429e-04 | BC: 3.2260e-05 | PDE: 3.1203e-03 | Val: 4.6921e-05 | Test: 4.2263e-04 | LR=5.4e-04
Epoch  50/100 | Steps:  50000 | α=1e-01 | Loss: 3.7347e-04 | BC: 3.3953e-05 | PDE: 3.3952e-03 | Val: 2.8901e-05 | Test: 3.5944e-04 | LR=5.2e-04
Epoch  51/100 | Steps:  51000 | α=1e-01 | Loss: 3.2392e-04 | BC: 3.2471e-05 | PDE: 2.9145e-03 | Val: 2.9684e-05 | Test: 3.6494e-04 | LR=5.1e-04
Epoch  52/100 | Steps:  52000 | α=1e-01 | Loss: 3.9924e-04 | BC: 4.0640e-05 | PDE: 3.5860e-03 | Val: 3.7203e-05 | Test: 3.9019e-04 | LR=4.9e-04
Epoch  53/100 | Steps:  53000 | α=1e-01 | Loss: 3.0750e-04 | BC: 3.2160e-05 | PDE: 2.7534e-03 | Val: 2.7360e-05 | Test: 3.5796e-04 | LR=4.7e-04
Epoch  54/100 | Steps:  54000 | α=1e-01 | Loss: 2.9218e-04 | BC: 3.0920e-05 | PDE: 2.6126e-03 | Val: 2.8463e-05 | Test: 3.6679e-04 | LR=4.6e-04
Epoch  55/100 | Steps:  55000 | α=1e-01 | Loss: 2.6020e-04 | BC: 3.0662e-05 | PDE: 2.2954e-03 | Val: 3.1948e-05 | Test: 3.7189e-04 | LR=4.4e-04
Epoch  56/100 | Steps:  56000 | α=1e-01 | Loss: 2.2337e-04 | BC: 2.9429e-05 | PDE: 1.9394e-03 | Val: 2.8884e-05 | Test: 3.6491e-04 | LR=4.3e-04
Epoch  57/100 | Steps:  57000 | α=1e-01 | Loss: 2.1066e-04 | BC: 2.8155e-05 | PDE: 1.8251e-03 | Val: 2.8928e-05 | Test: 3.6308e-04 | LR=4.1e-04
Epoch  58/100 | Steps:  58000 | α=1e-01 | Loss: 2.2721e-04 | BC: 2.8143e-05 | PDE: 1.9907e-03 | Val: 3.1117e-05 | Test: 3.7463e-04 | LR=4.0e-04
Epoch  59/100 | Steps:  59000 | α=1e-01 | Loss: 2.0320e-04 | BC: 2.7381e-05 | PDE: 1.7582e-03 | Val: 2.5783e-05 | Test: 3.5377e-04 | LR=3.8e-04
Epoch  60/100 | Steps:  60000 | α=1e-01 | Loss: 1.8145e-04 | BC: 2.6557e-05 | PDE: 1.5490e-03 | Val: 2.6223e-05 | Test: 3.6587e-04 | LR=3.7e-04
Epoch  61/100 | Steps:  61000 | α=1e-01 | Loss: 1.8264e-04 | BC: 2.6284e-05 | PDE: 1.5636e-03 | Val: 2.4613e-05 | Test: 3.4752e-04 | LR=3.5e-04
Epoch  62/100 | Steps:  62000 | α=1e-01 | Loss: 1.6374e-04 | BC: 2.5504e-05 | PDE: 1.3823e-03 | Val: 2.5499e-05 | Test: 3.5339e-04 | LR=3.4e-04
Epoch  63/100 | Steps:  63000 | α=1e-01 | Loss: 1.5385e-04 | BC: 2.5050e-05 | PDE: 1.2880e-03 | Val: 2.7948e-05 | Test: 3.6868e-04 | LR=3.2e-04
Epoch  64/100 | Steps:  64000 | α=1e-01 | Loss: 1.4303e-04 | BC: 2.4519e-05 | PDE: 1.1851e-03 | Val: 2.5688e-05 | Test: 3.5429e-04 | LR=3.1e-04
Epoch  65/100 | Steps:  65000 | α=1e-01 | Loss: 1.3808e-04 | BC: 2.4304e-05 | PDE: 1.1378e-03 | Val: 2.4615e-05 | Test: 3.5098e-04 | LR=2.9e-04
Epoch  66/100 | Steps:  66000 | α=1e-01 | Loss: 1.4093e-04 | BC: 2.3844e-05 | PDE: 1.1708e-03 | Val: 2.6984e-05 | Test: 3.6698e-04 | LR=2.8e-04
Epoch  67/100 | Steps:  67000 | α=1e-01 | Loss: 1.1810e-04 | BC: 2.3172e-05 | PDE: 9.4932e-04 | Val: 2.2946e-05 | Test: 3.5276e-04 | LR=2.7e-04

Both thresholds reached -- BC (val): 2.2946e-05 < 1.0000e-04, PDE: 9.4932e-04 < 1.0000e-03

Restored best model from epoch 43 (val_loss: 6.5487e-06, test_loss: 3.1649e-04)
Best checkpoint saved to: outputs/expr_7_2_iter/p2to20_square/fix_alpha_1e-2/checkpoints/best_model.pt
Final checkpoint saved to: outputs/expr_7_2_iter/p2to20_square/fix_alpha_1e-2/checkpoints/final_model.pt
Training completed in 612.91s (67,000 total steps)
  Stage 5 (p=6) PDE diagnostics:
    p-Lap (p=6) raw:        9.8830e-01
    p-Lap (p=6) normalized: 9.4826e-03
    Inf-Lap raw:              4.1448e-01
    Inf-Lap normalized:       1.9506e-01

============================================================
Stage 6/11: Training with p=7
============================================================

Training configuration:
  Boundary points (train): 32,000 -> 80 batches of 400
  Interior points (train): 1,000,000 -> 1000 batches of 1000
  Interior sampling: RE-SAMPLE each epoch
  Boundary points (val): 8,000
  Validation loss: BC only
  Steps per epoch: 1,000
  Total steps: 100,000
  Epochs: 100
  Loss balancing: AlphaPlateauScheduler
  LR scheduler: cosine (LR: 1.0e-03 -> 1.0e-05)

Epoch   1/100 | Steps:   1000 | α=1e-05 | Loss: 7.1934e-05 | BC: 7.1300e-05 | PDE: 6.3375e-02 | Val: 1.5136e-06 | Test: 2.1100e-04 | LR=1.0e-03 *
Epoch   2/100 | Steps:   2000 | α=1e-05 | Loss: 1.4627e-05 | BC: 1.4276e-05 | PDE: 3.5131e-02 | Val: 2.2371e-06 | Test: 2.1315e-04 | LR=1.0e-03
Epoch   3/100 | Steps:   3000 | α=1e-05 | Loss: 1.7955e-05 | BC: 1.7653e-05 | PDE: 3.0229e-02 | Val: 9.7782e-05 | Test: 2.8460e-04 | LR=1.0e-03
Epoch   4/100 | Steps:   4000 | α=1e-05 | Loss: 1.7045e-05 | BC: 1.6777e-05 | PDE: 2.6857e-02 | Val: 6.2591e-07 | Test: 2.0367e-04 | LR=1.0e-03 *
Epoch   5/100 | Steps:   5000 | α=1e-05 | Loss: 7.6330e-05 | BC: 7.5260e-05 | PDE: 1.0704e-01 | Val: 1.8977e-07 | Test: 1.9992e-04 | LR=1.0e-03 *
Epoch   6/100 | Steps:   6000 | α=1e-05 | Loss: 5.8316e-07 | BC: 2.9252e-07 | PDE: 2.9063e-02 | Val: 1.9407e-06 | Test: 1.9821e-04 | LR=9.9e-04
Epoch   7/100 | Steps:   7000 | α=1e-05 | Loss: 1.3632e-05 | BC: 1.3390e-05 | PDE: 2.4141e-02 | Val: 9.7278e-06 | Test: 2.1637e-04 | LR=9.9e-04
Epoch   8/100 | Steps:   8000 | α=1e-05 | Loss: 1.3397e-05 | BC: 1.3148e-05 | PDE: 2.4905e-02 | Val: 1.9651e-06 | Test: 1.9861e-04 | LR=9.9e-04
Epoch   9/100 | Steps:   9000 | α=1e-05 | Loss: 1.4432e-05 | BC: 1.4175e-05 | PDE: 2.5650e-02 | Val: 4.9762e-06 | Test: 1.9700e-04 | LR=9.8e-04
Epoch  10/100 | Steps:  10000 | α=1e-05 | Loss: 1.8940e-05 | BC: 1.8652e-05 | PDE: 2.8758e-02 | Val: 1.6126e-07 | Test: 1.9788e-04 | LR=9.8e-04 *

>>> Alpha increased: 1e-05 → 1e-04 (BC=1.3484e-05) <<<
Epoch  11/100 | Steps:  11000 | α=1e-04 | Loss: 1.3732e-05 | BC: 1.3484e-05 | PDE: 2.4824e-02 | Val: 6.9778e-07 | Test: 1.9531e-04 | LR=9.8e-04 *
Epoch  12/100 | Steps:  12000 | α=1e-04 | Loss: 2.3574e-05 | BC: 2.1735e-05 | PDE: 1.8398e-02 | Val: 2.2060e-06 | Test: 1.9901e-04 | LR=9.7e-04
Epoch  13/100 | Steps:  13000 | α=1e-04 | Loss: 1.4289e-05 | BC: 1.3219e-05 | PDE: 1.0706e-02 | Val: 2.1066e-05 | Test: 2.2125e-04 | LR=9.7e-04
Epoch  14/100 | Steps:  14000 | α=1e-04 | Loss: 1.3840e-05 | BC: 1.2818e-05 | PDE: 1.0223e-02 | Val: 3.8139e-06 | Test: 2.0852e-04 | LR=9.6e-04
Epoch  15/100 | Steps:  15000 | α=1e-04 | Loss: 1.4487e-05 | BC: 1.3403e-05 | PDE: 1.0840e-02 | Val: 6.0163e-06 | Test: 2.0516e-04 | LR=9.5e-04
Epoch  16/100 | Steps:  16000 | α=1e-04 | Loss: 1.7654e-05 | BC: 1.6584e-05 | PDE: 1.0697e-02 | Val: 7.6008e-06 | Test: 2.1339e-04 | LR=9.5e-04
Epoch  17/100 | Steps:  17000 | α=1e-04 | Loss: 1.3322e-05 | BC: 1.2257e-05 | PDE: 1.0649e-02 | Val: 3.6336e-06 | Test: 1.9300e-04 | LR=9.4e-04
Epoch  18/100 | Steps:  18000 | α=1e-04 | Loss: 2.0157e-05 | BC: 1.8793e-05 | PDE: 1.3647e-02 | Val: 1.0467e-06 | Test: 1.9705e-04 | LR=9.3e-04
Epoch  19/100 | Steps:  19000 | α=1e-04 | Loss: 7.1419e-06 | BC: 6.4904e-06 | PDE: 6.5152e-03 | Val: 5.8237e-06 | Test: 2.0000e-04 | LR=9.2e-04
Epoch  20/100 | Steps:  20000 | α=1e-04 | Loss: 1.1958e-05 | BC: 1.0963e-05 | PDE: 9.9484e-03 | Val: 5.0612e-06 | Test: 2.0190e-04 | LR=9.1e-04
Epoch  21/100 | Steps:  21000 | α=1e-04 | Loss: 2.8852e-05 | BC: 2.7272e-05 | PDE: 1.5803e-02 | Val: 2.1826e-07 | Test: 1.9541e-04 | LR=9.1e-04 *
Epoch  22/100 | Steps:  22000 | α=1e-04 | Loss: 6.9463e-06 | BC: 6.2180e-06 | PDE: 7.2825e-03 | Val: 1.1994e-05 | Test: 1.9843e-04 | LR=9.0e-04
Epoch  23/100 | Steps:  23000 | α=1e-04 | Loss: 9.6607e-06 | BC: 8.7586e-06 | PDE: 9.0207e-03 | Val: 4.9819e-07 | Test: 2.0080e-04 | LR=8.9e-04

>>> Alpha increased: 1e-04 → 1e-03 (BC=8.2360e-06) <<<
Epoch  24/100 | Steps:  24000 | α=1e-03 | Loss: 9.1892e-06 | BC: 8.2360e-06 | PDE: 9.5321e-03 | Val: 1.2419e-05 | Test: 2.1548e-04 | LR=8.8e-04 *
Epoch  25/100 | Steps:  25000 | α=1e-03 | Loss: 2.1697e-04 | BC: 8.7919e-05 | PDE: 1.2905e-01 | Val: 1.7483e-06 | Test: 2.1249e-04 | LR=8.7e-04 *
Epoch  26/100 | Steps:  26000 | α=1e-03 | Loss: 1.2862e-05 | BC: 4.4576e-06 | PDE: 8.4045e-03 | Val: 6.6330e-06 | Test: 2.1630e-04 | LR=8.6e-04
Epoch  27/100 | Steps:  27000 | α=1e-03 | Loss: 1.9451e-05 | BC: 6.3638e-06 | PDE: 1.3087e-02 | Val: 5.1981e-06 | Test: 2.0658e-04 | LR=8.4e-04
Epoch  28/100 | Steps:  28000 | α=1e-03 | Loss: 1.9406e-05 | BC: 6.9316e-06 | PDE: 1.2474e-02 | Val: 5.1059e-06 | Test: 2.1839e-04 | LR=8.3e-04
Epoch  29/100 | Steps:  29000 | α=1e-03 | Loss: 1.8232e-05 | BC: 6.6438e-06 | PDE: 1.1588e-02 | Val: 1.1710e-06 | Test: 2.0763e-04 | LR=8.2e-04 *
Epoch  30/100 | Steps:  30000 | α=1e-03 | Loss: 2.0508e-05 | BC: 7.3086e-06 | PDE: 1.3200e-02 | Val: 7.7141e-06 | Test: 2.1306e-04 | LR=8.1e-04
Epoch  31/100 | Steps:  31000 | α=1e-03 | Loss: 1.8983e-05 | BC: 6.7140e-06 | PDE: 1.2269e-02 | Val: 1.3727e-05 | Test: 2.1935e-04 | LR=8.0e-04

>>> Alpha increased: 1e-03 → 1e-02 (BC=6.0355e-06) <<<
Epoch  32/100 | Steps:  32000 | α=1e-02 | Loss: 1.5199e-05 | BC: 6.0355e-06 | PDE: 9.1640e-03 | Val: 3.6452e-06 | Test: 2.0838e-04 | LR=7.8e-04 *
Epoch  33/100 | Steps:  33000 | α=1e-02 | Loss: 1.3136e-03 | BC: 4.3205e-04 | PDE: 8.8155e-02 | Val: 1.9244e-05 | Test: 2.5014e-04 | LR=7.7e-04
Epoch  34/100 | Steps:  34000 | α=1e-02 | Loss: 1.0890e-04 | BC: 1.4384e-05 | PDE: 9.4520e-03 | Val: 2.0691e-05 | Test: 2.5262e-04 | LR=7.6e-04
Epoch  35/100 | Steps:  35000 | α=1e-02 | Loss: 9.5447e-05 | BC: 1.3373e-05 | PDE: 8.2074e-03 | Val: 9.5826e-06 | Test: 2.3449e-04 | LR=7.4e-04
Epoch  36/100 | Steps:  36000 | α=1e-02 | Loss: 1.0862e-04 | BC: 1.3039e-05 | PDE: 9.5585e-03 | Val: 1.1574e-05 | Test: 2.4873e-04 | LR=7.3e-04
Epoch  37/100 | Steps:  37000 | α=1e-02 | Loss: 1.0363e-04 | BC: 1.2269e-05 | PDE: 9.1365e-03 | Val: 1.0138e-05 | Test: 2.4488e-04 | LR=7.2e-04
Epoch  38/100 | Steps:  38000 | α=1e-02 | Loss: 9.6900e-05 | BC: 1.1396e-05 | PDE: 8.5503e-03 | Val: 1.8507e-05 | Test: 2.4851e-04 | LR=7.0e-04
Epoch  39/100 | Steps:  39000 | α=1e-02 | Loss: 1.0698e-04 | BC: 1.2324e-05 | PDE: 9.4656e-03 | Val: 8.7214e-06 | Test: 2.3301e-04 | LR=6.9e-04
Epoch  40/100 | Steps:  40000 | α=1e-02 | Loss: 7.0427e-05 | BC: 9.7920e-06 | PDE: 6.0635e-03 | Val: 8.3949e-06 | Test: 2.2967e-04 | LR=6.7e-04
Epoch  41/100 | Steps:  41000 | α=1e-02 | Loss: 8.7363e-05 | BC: 1.0232e-05 | PDE: 7.7131e-03 | Val: 9.8966e-06 | Test: 2.2650e-04 | LR=6.6e-04
Epoch  42/100 | Steps:  42000 | α=1e-02 | Loss: 7.9909e-05 | BC: 1.0243e-05 | PDE: 6.9666e-03 | Val: 8.7719e-06 | Test: 2.3137e-04 | LR=6.4e-04
Epoch  43/100 | Steps:  43000 | α=1e-02 | Loss: 7.1821e-05 | BC: 8.9805e-06 | PDE: 6.2841e-03 | Val: 1.0428e-05 | Test: 2.4048e-04 | LR=6.3e-04
Epoch  44/100 | Steps:  44000 | α=1e-02 | Loss: 8.1649e-05 | BC: 9.3770e-06 | PDE: 7.2272e-03 | Val: 7.1888e-06 | Test: 2.2654e-04 | LR=6.1e-04

>>> Alpha increased: 1e-02 → 1e-01 (BC=7.8586e-06) <<<
Epoch  45/100 | Steps:  45000 | α=1e-01 | Loss: 5.7027e-05 | BC: 7.8586e-06 | PDE: 4.9168e-03 | Val: 7.4031e-06 | Test: 2.3851e-04 | LR=6.0e-04 *
Epoch  46/100 | Steps:  46000 | α=1e-01 | Loss: 5.4335e-03 | BC: 9.3953e-04 | PDE: 4.4940e-02 | Val: 2.0918e-05 | Test: 2.7204e-04 | LR=5.8e-04
Epoch  47/100 | Steps:  47000 | α=1e-01 | Loss: 9.7493e-04 | BC: 6.3508e-05 | PDE: 9.1142e-03 | Val: 2.2447e-05 | Test: 2.7748e-04 | LR=5.7e-04
Epoch  48/100 | Steps:  48000 | α=1e-01 | Loss: 5.2271e-04 | BC: 3.3230e-05 | PDE: 4.8948e-03 | Val: 2.6941e-05 | Test: 2.8483e-04 | LR=5.5e-04
Epoch  49/100 | Steps:  49000 | α=1e-01 | Loss: 7.7048e-04 | BC: 4.8352e-05 | PDE: 7.2212e-03 | Val: 3.2711e-05 | Test: 2.9512e-04 | LR=5.4e-04
Epoch  50/100 | Steps:  50000 | α=1e-01 | Loss: 3.8952e-04 | BC: 2.6845e-05 | PDE: 3.6268e-03 | Val: 2.4056e-05 | Test: 2.7455e-04 | LR=5.2e-04
Epoch  51/100 | Steps:  51000 | α=1e-01 | Loss: 5.1456e-04 | BC: 3.7552e-05 | PDE: 4.7701e-03 | Val: 2.5138e-05 | Test: 2.7772e-04 | LR=5.1e-04
Epoch  52/100 | Steps:  52000 | α=1e-01 | Loss: 3.5917e-04 | BC: 2.6815e-05 | PDE: 3.3236e-03 | Val: 2.5188e-05 | Test: 2.7831e-04 | LR=4.9e-04
Epoch  53/100 | Steps:  53000 | α=1e-01 | Loss: 3.5632e-04 | BC: 2.6763e-05 | PDE: 3.2955e-03 | Val: 2.2159e-05 | Test: 2.6223e-04 | LR=4.7e-04
Epoch  54/100 | Steps:  54000 | α=1e-01 | Loss: 4.4640e-04 | BC: 3.5113e-05 | PDE: 4.1129e-03 | Val: 2.5264e-05 | Test: 2.8300e-04 | LR=4.6e-04
Epoch  55/100 | Steps:  55000 | α=1e-01 | Loss: 2.7039e-04 | BC: 2.5132e-05 | PDE: 2.4525e-03 | Val: 2.3460e-05 | Test: 2.6818e-04 | LR=4.4e-04
Epoch  56/100 | Steps:  56000 | α=1e-01 | Loss: 3.2097e-04 | BC: 2.6681e-05 | PDE: 2.9429e-03 | Val: 2.3496e-05 | Test: 2.6720e-04 | LR=4.3e-04
Epoch  57/100 | Steps:  57000 | α=1e-01 | Loss: 4.0330e-04 | BC: 3.3044e-05 | PDE: 3.7026e-03 | Val: 2.4815e-05 | Test: 2.7622e-04 | LR=4.1e-04
Epoch  58/100 | Steps:  58000 | α=1e-01 | Loss: 2.4238e-04 | BC: 2.4728e-05 | PDE: 2.1765e-03 | Val: 3.3805e-05 | Test: 2.8576e-04 | LR=4.0e-04
Epoch  59/100 | Steps:  59000 | α=1e-01 | Loss: 2.5425e-04 | BC: 2.4774e-05 | PDE: 2.2947e-03 | Val: 3.3002e-05 | Test: 2.9472e-04 | LR=3.8e-04
Epoch  60/100 | Steps:  60000 | α=1e-01 | Loss: 2.1987e-04 | BC: 2.3921e-05 | PDE: 1.9595e-03 | Val: 4.6289e-05 | Test: 3.1156e-04 | LR=3.7e-04
Epoch  61/100 | Steps:  61000 | α=1e-01 | Loss: 1.9085e-04 | BC: 2.3475e-05 | PDE: 1.6737e-03 | Val: 2.2596e-05 | Test: 2.6542e-04 | LR=3.5e-04
Epoch  62/100 | Steps:  62000 | α=1e-01 | Loss: 1.9957e-04 | BC: 2.3176e-05 | PDE: 1.7639e-03 | Val: 2.3403e-05 | Test: 2.6714e-04 | LR=3.4e-04
Epoch  63/100 | Steps:  63000 | α=1e-01 | Loss: 1.7082e-04 | BC: 2.2573e-05 | PDE: 1.4825e-03 | Val: 2.2351e-05 | Test: 2.6628e-04 | LR=3.2e-04
Epoch  64/100 | Steps:  64000 | α=1e-01 | Loss: 1.9726e-04 | BC: 2.3118e-05 | PDE: 1.7414e-03 | Val: 2.4801e-05 | Test: 2.7384e-04 | LR=3.1e-04
Epoch  65/100 | Steps:  65000 | α=1e-01 | Loss: 1.3525e-04 | BC: 2.1648e-05 | PDE: 1.1360e-03 | Val: 2.2505e-05 | Test: 2.6406e-04 | LR=2.9e-04
Epoch  66/100 | Steps:  66000 | α=1e-01 | Loss: 1.4707e-04 | BC: 2.1806e-05 | PDE: 1.2526e-03 | Val: 2.2012e-05 | Test: 2.6922e-04 | LR=2.8e-04
Epoch  67/100 | Steps:  67000 | α=1e-01 | Loss: 1.3822e-04 | BC: 2.1534e-05 | PDE: 1.1669e-03 | Val: 2.0632e-05 | Test: 2.5961e-04 | LR=2.7e-04
Epoch  68/100 | Steps:  68000 | α=1e-01 | Loss: 1.2538e-04 | BC: 2.1059e-05 | PDE: 1.0432e-03 | Val: 2.0911e-05 | Test: 2.6022e-04 | LR=2.5e-04
Epoch  69/100 | Steps:  69000 | α=1e-01 | Loss: 1.2467e-04 | BC: 2.0870e-05 | PDE: 1.0380e-03 | Val: 2.0780e-05 | Test: 2.6338e-04 | LR=2.4e-04
Epoch  70/100 | Steps:  70000 | α=1e-01 | Loss: 1.1622e-04 | BC: 2.0612e-05 | PDE: 9.5609e-04 | Val: 2.0295e-05 | Test: 2.5648e-04 | LR=2.3e-04

Both thresholds reached -- BC (val): 2.0295e-05 < 1.0000e-04, PDE: 9.5609e-04 < 1.0000e-03

Restored best model from epoch 45 (val_loss: 7.4031e-06, test_loss: 2.3851e-04)
Best checkpoint saved to: outputs/expr_7_2_iter/p2to20_square/fix_alpha_1e-2/checkpoints/best_model.pt
Final checkpoint saved to: outputs/expr_7_2_iter/p2to20_square/fix_alpha_1e-2/checkpoints/final_model.pt
Training completed in 613.46s (70,000 total steps)
  Stage 6 (p=7) PDE diagnostics:
    p-Lap (p=7) raw:        1.2139e+00
    p-Lap (p=7) normalized: 9.8829e-03
    Inf-Lap raw:              2.8783e-01
    Inf-Lap normalized:       1.5360e-01

============================================================
Stage 7/11: Training with p=8
============================================================

Training configuration:
  Boundary points (train): 32,000 -> 80 batches of 400
  Interior points (train): 1,000,000 -> 1000 batches of 1000
  Interior sampling: RE-SAMPLE each epoch
  Boundary points (val): 8,000
  Validation loss: BC only
  Steps per epoch: 1,000
  Total steps: 100,000
  Epochs: 100
  Loss balancing: AlphaPlateauScheduler
  LR scheduler: cosine (LR: 1.0e-03 -> 1.0e-05)

Epoch   1/100 | Steps:   1000 | α=1e-05 | Loss: 6.7274e-05 | BC: 6.6698e-05 | PDE: 5.7615e-02 | Val: 1.9991e-06 | Test: 1.6025e-04 | LR=1.0e-03 *
Epoch   2/100 | Steps:   2000 | α=1e-05 | Loss: 1.3820e-05 | BC: 1.3478e-05 | PDE: 3.4199e-02 | Val: 6.3045e-05 | Test: 1.9913e-04 | LR=1.0e-03
Epoch   3/100 | Steps:   3000 | α=1e-05 | Loss: 1.7044e-05 | BC: 1.6742e-05 | PDE: 3.0238e-02 | Val: 1.4615e-06 | Test: 1.4791e-04 | LR=1.0e-03 *
Epoch   4/100 | Steps:   4000 | α=1e-05 | Loss: 1.8410e-05 | BC: 1.8139e-05 | PDE: 2.7092e-02 | Val: 5.1030e-05 | Test: 1.9121e-04 | LR=1.0e-03
Epoch   5/100 | Steps:   5000 | α=1e-05 | Loss: 5.1270e-05 | BC: 5.0715e-05 | PDE: 5.5451e-02 | Val: 1.9398e-07 | Test: 1.4758e-04 | LR=1.0e-03 *
Epoch   6/100 | Steps:   6000 | α=1e-05 | Loss: 8.1377e-07 | BC: 6.0439e-07 | PDE: 2.0938e-02 | Val: 3.9184e-05 | Test: 1.7650e-04 | LR=9.9e-04
Epoch   7/100 | Steps:   7000 | α=1e-05 | Loss: 1.4261e-05 | BC: 1.4037e-05 | PDE: 2.2452e-02 | Val: 4.1495e-06 | Test: 1.4634e-04 | LR=9.9e-04
Epoch   8/100 | Steps:   8000 | α=1e-05 | Loss: 1.5933e-05 | BC: 1.5706e-05 | PDE: 2.2658e-02 | Val: 2.8592e-04 | Test: 3.9067e-04 | LR=9.9e-04
Epoch   9/100 | Steps:   9000 | α=1e-05 | Loss: 1.4109e-05 | BC: 1.3886e-05 | PDE: 2.2308e-02 | Val: 7.4091e-06 | Test: 1.5653e-04 | LR=9.8e-04
Epoch  10/100 | Steps:  10000 | α=1e-05 | Loss: 3.7964e-05 | BC: 3.7566e-05 | PDE: 3.9878e-02 | Val: 1.2977e-07 | Test: 1.4513e-04 | LR=9.8e-04 *

>>> Alpha increased: 1e-05 → 1e-04 (BC=5.4108e-06) <<<
Epoch  11/100 | Steps:  11000 | α=1e-04 | Loss: 5.5897e-06 | BC: 5.4108e-06 | PDE: 1.7894e-02 | Val: 2.4958e-04 | Test: 3.5456e-04 | LR=9.8e-04 *
Epoch  12/100 | Steps:  12000 | α=1e-04 | Loss: 1.5842e-05 | BC: 1.4240e-05 | PDE: 1.6014e-02 | Val: 4.8672e-06 | Test: 1.5946e-04 | LR=9.7e-04 *
Epoch  13/100 | Steps:  13000 | α=1e-04 | Loss: 1.3571e-05 | BC: 1.2490e-05 | PDE: 1.0807e-02 | Val: 2.4529e-05 | Test: 1.7358e-04 | LR=9.7e-04
Epoch  14/100 | Steps:  14000 | α=1e-04 | Loss: 4.0262e-05 | BC: 3.8170e-05 | PDE: 2.0923e-02 | Val: 3.6222e-06 | Test: 1.4613e-04 | LR=9.6e-04 *
Epoch  15/100 | Steps:  15000 | α=1e-04 | Loss: 1.4946e-06 | BC: 9.7199e-07 | PDE: 5.2265e-03 | Val: 3.2793e-07 | Test: 1.5036e-04 | LR=9.5e-04 *
Epoch  16/100 | Steps:  16000 | α=1e-04 | Loss: 1.3102e-05 | BC: 1.2178e-05 | PDE: 9.2423e-03 | Val: 1.8345e-06 | Test: 1.5032e-04 | LR=9.5e-04
Epoch  17/100 | Steps:  17000 | α=1e-04 | Loss: 9.6881e-06 | BC: 8.7426e-06 | PDE: 9.4547e-03 | Val: 2.7795e-05 | Test: 1.7298e-04 | LR=9.4e-04
Epoch  18/100 | Steps:  18000 | α=1e-04 | Loss: 6.1710e-05 | BC: 5.7489e-05 | PDE: 4.2216e-02 | Val: 1.7871e-07 | Test: 1.4592e-04 | LR=9.3e-04 *
Epoch  19/100 | Steps:  19000 | α=1e-04 | Loss: 5.5410e-07 | BC: 1.7337e-07 | PDE: 3.8073e-03 | Val: 4.7485e-07 | Test: 1.4644e-04 | LR=9.2e-04
Epoch  20/100 | Steps:  20000 | α=1e-04 | Loss: 7.8203e-06 | BC: 7.0516e-06 | PDE: 7.6865e-03 | Val: 2.5641e-05 | Test: 1.6479e-04 | LR=9.1e-04
Epoch  21/100 | Steps:  21000 | α=1e-04 | Loss: 1.3557e-05 | BC: 1.2560e-05 | PDE: 9.9699e-03 | Val: 1.2773e-05 | Test: 1.5981e-04 | LR=9.1e-04
Epoch  22/100 | Steps:  22000 | α=1e-04 | Loss: 9.7917e-06 | BC: 8.8776e-06 | PDE: 9.1417e-03 | Val: 8.1274e-06 | Test: 1.5289e-04 | LR=9.0e-04
Epoch  23/100 | Steps:  23000 | α=1e-04 | Loss: 1.0854e-05 | BC: 9.9487e-06 | PDE: 9.0547e-03 | Val: 5.2591e-06 | Test: 1.4655e-04 | LR=8.9e-04

>>> Alpha increased: 1e-04 → 1e-03 (BC=9.7957e-06) <<<
Epoch  24/100 | Steps:  24000 | α=1e-03 | Loss: 1.0670e-05 | BC: 9.7957e-06 | PDE: 8.7477e-03 | Val: 1.1940e-06 | Test: 1.5000e-04 | LR=8.8e-04 *
Epoch  25/100 | Steps:  25000 | α=1e-03 | Loss: 2.0110e-04 | BC: 6.8377e-05 | PDE: 1.3272e-01 | Val: 2.2462e-06 | Test: 1.5926e-04 | LR=8.7e-04
Epoch  26/100 | Steps:  26000 | α=1e-03 | Loss: 1.3827e-05 | BC: 4.0940e-06 | PDE: 9.7331e-03 | Val: 1.5092e-06 | Test: 1.5606e-04 | LR=8.6e-04
Epoch  27/100 | Steps:  27000 | α=1e-03 | Loss: 1.8843e-05 | BC: 5.9689e-06 | PDE: 1.2874e-02 | Val: 2.7999e-05 | Test: 1.7543e-04 | LR=8.4e-04
Epoch  28/100 | Steps:  28000 | α=1e-03 | Loss: 2.0906e-05 | BC: 6.5032e-06 | PDE: 1.4403e-02 | Val: 3.8744e-06 | Test: 1.5980e-04 | LR=8.3e-04
Epoch  29/100 | Steps:  29000 | α=1e-03 | Loss: 1.7899e-05 | BC: 6.0134e-06 | PDE: 1.1886e-02 | Val: 2.4339e-06 | Test: 1.5353e-04 | LR=8.2e-04
Epoch  30/100 | Steps:  30000 | α=1e-03 | Loss: 1.9362e-05 | BC: 5.8899e-06 | PDE: 1.3473e-02 | Val: 3.5686e-06 | Test: 1.5293e-04 | LR=8.1e-04
Epoch  31/100 | Steps:  31000 | α=1e-03 | Loss: 1.8402e-05 | BC: 6.4481e-06 | PDE: 1.1954e-02 | Val: 4.3128e-06 | Test: 1.6206e-04 | LR=8.0e-04

>>> Alpha increased: 1e-03 → 1e-02 (BC=5.1906e-06) <<<
Epoch  32/100 | Steps:  32000 | α=1e-02 | Loss: 1.7184e-05 | BC: 5.1906e-06 | PDE: 1.1994e-02 | Val: 2.0984e-06 | Test: 1.6242e-04 | LR=7.8e-04 *
Epoch  33/100 | Steps:  33000 | α=1e-02 | Loss: 1.2379e-03 | BC: 3.9678e-04 | PDE: 8.4113e-02 | Val: 1.4141e-05 | Test: 2.0009e-04 | LR=7.7e-04
Epoch  34/100 | Steps:  34000 | α=1e-02 | Loss: 1.3041e-04 | BC: 1.2823e-05 | PDE: 1.1758e-02 | Val: 2.0405e-05 | Test: 2.0527e-04 | LR=7.6e-04
Epoch  35/100 | Steps:  35000 | α=1e-02 | Loss: 1.2967e-04 | BC: 1.3134e-05 | PDE: 1.1653e-02 | Val: 2.7479e-05 | Test: 2.0596e-04 | LR=7.4e-04
Epoch  36/100 | Steps:  36000 | α=1e-02 | Loss: 1.1240e-04 | BC: 1.2008e-05 | PDE: 1.0039e-02 | Val: 9.8169e-06 | Test: 1.9105e-04 | LR=7.3e-04
Epoch  37/100 | Steps:  37000 | α=1e-02 | Loss: 1.1487e-04 | BC: 1.1578e-05 | PDE: 1.0330e-02 | Val: 1.0843e-05 | Test: 1.8631e-04 | LR=7.2e-04
Epoch  38/100 | Steps:  38000 | α=1e-02 | Loss: 9.5973e-05 | BC: 1.0582e-05 | PDE: 8.5391e-03 | Val: 1.8173e-05 | Test: 1.9941e-04 | LR=7.0e-04
Epoch  39/100 | Steps:  39000 | α=1e-02 | Loss: 9.6033e-05 | BC: 1.0371e-05 | PDE: 8.5662e-03 | Val: 1.1899e-05 | Test: 1.9752e-04 | LR=6.9e-04
Epoch  40/100 | Steps:  40000 | α=1e-02 | Loss: 1.0627e-04 | BC: 1.1132e-05 | PDE: 9.5139e-03 | Val: 7.7929e-06 | Test: 1.7988e-04 | LR=6.7e-04
Epoch  41/100 | Steps:  41000 | α=1e-02 | Loss: 8.2887e-05 | BC: 9.2023e-06 | PDE: 7.3684e-03 | Val: 7.0766e-06 | Test: 1.8207e-04 | LR=6.6e-04
Epoch  42/100 | Steps:  42000 | α=1e-02 | Loss: 8.1362e-05 | BC: 8.9101e-06 | PDE: 7.2452e-03 | Val: 1.2960e-05 | Test: 1.8417e-04 | LR=6.4e-04
Epoch  43/100 | Steps:  43000 | α=1e-02 | Loss: 8.8827e-05 | BC: 9.2821e-06 | PDE: 7.9545e-03 | Val: 7.2086e-06 | Test: 1.7570e-04 | LR=6.3e-04
Epoch  44/100 | Steps:  44000 | α=1e-02 | Loss: 7.0110e-05 | BC: 8.1443e-06 | PDE: 6.1966e-03 | Val: 1.6526e-05 | Test: 1.8882e-04 | LR=6.1e-04
Epoch  45/100 | Steps:  45000 | α=1e-02 | Loss: 8.1109e-05 | BC: 8.8545e-06 | PDE: 7.2254e-03 | Val: 8.2970e-06 | Test: 1.8297e-04 | LR=6.0e-04
Epoch  46/100 | Steps:  46000 | α=1e-02 | Loss: 5.9665e-05 | BC: 7.2939e-06 | PDE: 5.2371e-03 | Val: 6.2429e-06 | Test: 1.7533e-04 | LR=5.8e-04
Epoch  47/100 | Steps:  47000 | α=1e-02 | Loss: 6.4425e-05 | BC: 7.3620e-06 | PDE: 5.7063e-03 | Val: 7.0548e-06 | Test: 1.7207e-04 | LR=5.7e-04
Epoch  48/100 | Steps:  48000 | α=1e-02 | Loss: 7.4460e-05 | BC: 7.7326e-06 | PDE: 6.6727e-03 | Val: 6.8450e-06 | Test: 1.8050e-04 | LR=5.5e-04
Epoch  49/100 | Steps:  49000 | α=1e-02 | Loss: 5.3408e-05 | BC: 6.4769e-06 | PDE: 4.6931e-03 | Val: 7.3649e-06 | Test: 1.7047e-04 | LR=5.4e-04
Epoch  50/100 | Steps:  50000 | α=1e-02 | Loss: 5.5374e-05 | BC: 6.5501e-06 | PDE: 4.8824e-03 | Val: 6.1170e-06 | Test: 1.7821e-04 | LR=5.2e-04
Epoch  51/100 | Steps:  51000 | α=1e-02 | Loss: 4.7250e-05 | BC: 6.5233e-06 | PDE: 4.0727e-03 | Val: 5.9355e-06 | Test: 1.7118e-04 | LR=5.1e-04
Epoch  52/100 | Steps:  52000 | α=1e-02 | Loss: 5.9399e-05 | BC: 6.5574e-06 | PDE: 5.2841e-03 | Val: 5.8859e-06 | Test: 1.7633e-04 | LR=4.9e-04
Epoch  53/100 | Steps:  53000 | α=1e-02 | Loss: 4.4243e-05 | BC: 5.6517e-06 | PDE: 3.8592e-03 | Val: 6.7300e-06 | Test: 1.7266e-04 | LR=4.7e-04

>>> Alpha increased: 1e-02 → 1e-01 (BC=5.5919e-06) <<<
Epoch  54/100 | Steps:  54000 | α=1e-01 | Loss: 4.3746e-05 | BC: 5.5919e-06 | PDE: 3.8154e-03 | Val: 4.6977e-06 | Test: 1.6702e-04 | LR=4.6e-04 *
Epoch  55/100 | Steps:  55000 | α=1e-01 | Loss: 4.4992e-03 | BC: 7.7187e-04 | PDE: 3.7274e-02 | Val: 1.4368e-05 | Test: 2.0525e-04 | LR=4.4e-04
Epoch  56/100 | Steps:  56000 | α=1e-01 | Loss: 5.8320e-04 | BC: 2.7753e-05 | PDE: 5.5545e-03 | Val: 1.8398e-05 | Test: 2.1372e-04 | LR=4.3e-04
Epoch  57/100 | Steps:  57000 | α=1e-01 | Loss: 3.5898e-04 | BC: 2.0138e-05 | PDE: 3.3884e-03 | Val: 1.7155e-05 | Test: 2.1473e-04 | LR=4.1e-04
Epoch  58/100 | Steps:  58000 | α=1e-01 | Loss: 4.3378e-04 | BC: 2.0658e-05 | PDE: 4.1313e-03 | Val: 1.2660e-05 | Test: 1.9847e-04 | LR=4.0e-04
Epoch  59/100 | Steps:  59000 | α=1e-01 | Loss: 3.1462e-04 | BC: 1.8269e-05 | PDE: 2.9635e-03 | Val: 1.7942e-05 | Test: 2.1276e-04 | LR=3.8e-04
Epoch  60/100 | Steps:  60000 | α=1e-01 | Loss: 2.4343e-04 | BC: 1.4912e-05 | PDE: 2.2852e-03 | Val: 1.6983e-05 | Test: 2.1000e-04 | LR=3.7e-04
Epoch  61/100 | Steps:  61000 | α=1e-01 | Loss: 3.2931e-04 | BC: 1.9408e-05 | PDE: 3.0991e-03 | Val: 1.5578e-05 | Test: 2.0761e-04 | LR=3.5e-04
Epoch  62/100 | Steps:  62000 | α=1e-01 | Loss: 3.0211e-04 | BC: 1.7757e-05 | PDE: 2.8436e-03 | Val: 1.8968e-05 | Test: 2.1540e-04 | LR=3.4e-04
Epoch  63/100 | Steps:  63000 | α=1e-01 | Loss: 1.6761e-04 | BC: 1.4205e-05 | PDE: 1.5340e-03 | Val: 1.3464e-05 | Test: 1.9707e-04 | LR=3.2e-04
Epoch  64/100 | Steps:  64000 | α=1e-01 | Loss: 2.0018e-04 | BC: 1.4631e-05 | PDE: 1.8555e-03 | Val: 1.4785e-05 | Test: 2.0388e-04 | LR=3.1e-04
Epoch  65/100 | Steps:  65000 | α=1e-01 | Loss: 1.8847e-04 | BC: 1.4590e-05 | PDE: 1.7388e-03 | Val: 1.4646e-05 | Test: 2.0070e-04 | LR=2.9e-04
Epoch  66/100 | Steps:  66000 | α=1e-01 | Loss: 1.4889e-04 | BC: 1.4044e-05 | PDE: 1.3485e-03 | Val: 1.3330e-05 | Test: 1.9167e-04 | LR=2.8e-04
Epoch  67/100 | Steps:  67000 | α=1e-01 | Loss: 1.4412e-04 | BC: 1.3959e-05 | PDE: 1.3016e-03 | Val: 1.4789e-05 | Test: 2.0326e-04 | LR=2.7e-04
Epoch  68/100 | Steps:  68000 | α=1e-01 | Loss: 1.3985e-04 | BC: 1.3904e-05 | PDE: 1.2595e-03 | Val: 1.3520e-05 | Test: 1.9687e-04 | LR=2.5e-04
Epoch  69/100 | Steps:  69000 | α=1e-01 | Loss: 1.3481e-04 | BC: 1.4190e-05 | PDE: 1.2062e-03 | Val: 1.3588e-05 | Test: 1.9584e-04 | LR=2.4e-04
Epoch  70/100 | Steps:  70000 | α=1e-01 | Loss: 1.2187e-04 | BC: 1.3716e-05 | PDE: 1.0815e-03 | Val: 1.3481e-05 | Test: 1.9644e-04 | LR=2.3e-04
Epoch  71/100 | Steps:  71000 | α=1e-01 | Loss: 1.1732e-04 | BC: 1.3665e-05 | PDE: 1.0366e-03 | Val: 1.3430e-05 | Test: 1.9512e-04 | LR=2.1e-04
Epoch  72/100 | Steps:  72000 | α=1e-01 | Loss: 9.8841e-05 | BC: 1.3457e-05 | PDE: 8.5385e-04 | Val: 1.4325e-05 | Test: 1.9941e-04 | LR=2.0e-04

Both thresholds reached -- BC (val): 1.4325e-05 < 1.0000e-04, PDE: 8.5385e-04 < 1.0000e-03

Restored best model from epoch 54 (val_loss: 4.6977e-06, test_loss: 1.6702e-04)
Best checkpoint saved to: outputs/expr_7_2_iter/p2to20_square/fix_alpha_1e-2/checkpoints/best_model.pt
Final checkpoint saved to: outputs/expr_7_2_iter/p2to20_square/fix_alpha_1e-2/checkpoints/final_model.pt
Training completed in 614.03s (72,000 total steps)
  Stage 7 (p=8) PDE diagnostics:
    p-Lap (p=8) raw:        2.8503e+00
    p-Lap (p=8) normalized: 9.4963e-03
    Inf-Lap raw:              2.1009e-01
    Inf-Lap normalized:       1.2407e-01

============================================================
Stage 8/11: Training with p=9
============================================================

Training configuration:
  Boundary points (train): 32,000 -> 80 batches of 400
  Interior points (train): 1,000,000 -> 1000 batches of 1000
  Interior sampling: RE-SAMPLE each epoch
  Boundary points (val): 8,000
  Validation loss: BC only
  Steps per epoch: 1,000
  Total steps: 100,000
  Epochs: 100
  Loss balancing: AlphaPlateauScheduler
  LR scheduler: cosine (LR: 1.0e-03 -> 1.0e-05)

Epoch   1/100 | Steps:   1000 | α=1e-05 | Loss: 5.2667e-05 | BC: 5.2156e-05 | PDE: 5.1094e-02 | Val: 1.9185e-06 | Test: 1.1988e-04 | LR=1.0e-03 *
Epoch   2/100 | Steps:   2000 | α=1e-05 | Loss: 1.5217e-05 | BC: 1.4890e-05 | PDE: 3.2752e-02 | Val: 1.1942e-06 | Test: 1.2325e-04 | LR=1.0e-03 *
Epoch   3/100 | Steps:   3000 | α=1e-05 | Loss: 1.7576e-05 | BC: 1.7297e-05 | PDE: 2.7957e-02 | Val: 1.1644e-06 | Test: 1.1666e-04 | LR=1.0e-03 *
Epoch   4/100 | Steps:   4000 | α=1e-05 | Loss: 1.6195e-05 | BC: 1.5943e-05 | PDE: 2.5253e-02 | Val: 1.0403e-05 | Test: 1.1532e-04 | LR=1.0e-03
Epoch   5/100 | Steps:   5000 | α=1e-05 | Loss: 4.1880e-05 | BC: 4.1416e-05 | PDE: 4.6411e-02 | Val: 1.7822e-07 | Test: 1.1476e-04 | LR=1.0e-03 *
Epoch   6/100 | Steps:   6000 | α=1e-05 | Loss: 1.6063e-06 | BC: 1.4153e-06 | PDE: 1.9101e-02 | Val: 7.7842e-06 | Test: 1.2480e-04 | LR=9.9e-04
Epoch   7/100 | Steps:   7000 | α=1e-05 | Loss: 1.6097e-05 | BC: 1.5873e-05 | PDE: 2.2415e-02 | Val: 1.1289e-06 | Test: 1.1366e-04 | LR=9.9e-04
Epoch   8/100 | Steps:   8000 | α=1e-05 | Loss: 1.3783e-05 | BC: 1.3582e-05 | PDE: 2.0081e-02 | Val: 5.6120e-05 | Test: 1.6302e-04 | LR=9.9e-04
Epoch   9/100 | Steps:   9000 | α=1e-05 | Loss: 2.6328e-05 | BC: 2.6040e-05 | PDE: 2.8742e-02 | Val: 1.1274e-07 | Test: 1.1346e-04 | LR=9.8e-04 *
Epoch  10/100 | Steps:  10000 | α=1e-05 | Loss: 8.7249e-06 | BC: 8.5503e-06 | PDE: 1.7465e-02 | Val: 9.6496e-06 | Test: 1.2480e-04 | LR=9.8e-04

>>> Alpha increased: 1e-05 → 1e-04 (BC=1.4785e-05) <<<
Epoch  11/100 | Steps:  11000 | α=1e-04 | Loss: 1.4996e-05 | BC: 1.4785e-05 | PDE: 2.1097e-02 | Val: 3.4195e-05 | Test: 1.5217e-04 | LR=9.8e-04 *
Epoch  12/100 | Steps:  12000 | α=1e-04 | Loss: 1.4859e-05 | BC: 1.3468e-05 | PDE: 1.3910e-02 | Val: 9.9660e-06 | Test: 1.2027e-04 | LR=9.7e-04 *
Epoch  13/100 | Steps:  13000 | α=1e-04 | Loss: 1.5847e-05 | BC: 1.4781e-05 | PDE: 1.0651e-02 | Val: 6.9495e-07 | Test: 1.1396e-04 | LR=9.7e-04 *
Epoch  14/100 | Steps:  14000 | α=1e-04 | Loss: 1.2080e-05 | BC: 1.1135e-05 | PDE: 9.4445e-03 | Val: 1.9403e-05 | Test: 1.3569e-04 | LR=9.6e-04
Epoch  15/100 | Steps:  15000 | α=1e-04 | Loss: 1.5197e-05 | BC: 1.4229e-05 | PDE: 9.6750e-03 | Val: 8.1092e-07 | Test: 1.1601e-04 | LR=9.5e-04
Epoch  16/100 | Steps:  16000 | α=1e-04 | Loss: 1.3365e-05 | BC: 1.2303e-05 | PDE: 1.0626e-02 | Val: 6.4361e-07 | Test: 1.1076e-04 | LR=9.5e-04 *
Epoch  17/100 | Steps:  17000 | α=1e-04 | Loss: 1.0306e-05 | BC: 9.4997e-06 | PDE: 8.0630e-03 | Val: 4.5434e-05 | Test: 1.4905e-04 | LR=9.4e-04
Epoch  18/100 | Steps:  18000 | α=1e-04 | Loss: 1.7938e-05 | BC: 1.6987e-05 | PDE: 9.5072e-03 | Val: 1.5532e-07 | Test: 1.1301e-04 | LR=9.3e-04 *
Epoch  19/100 | Steps:  19000 | α=1e-04 | Loss: 9.3543e-06 | BC: 8.5896e-06 | PDE: 7.6463e-03 | Val: 1.1390e-05 | Test: 1.2055e-04 | LR=9.2e-04
Epoch  20/100 | Steps:  20000 | α=1e-04 | Loss: 1.0842e-05 | BC: 9.9716e-06 | PDE: 8.7061e-03 | Val: 5.6333e-07 | Test: 1.0964e-04 | LR=9.1e-04
Epoch  21/100 | Steps:  21000 | α=1e-04 | Loss: 2.0382e-05 | BC: 1.9286e-05 | PDE: 1.0958e-02 | Val: 2.2932e-07 | Test: 1.1217e-04 | LR=9.1e-04
Epoch  22/100 | Steps:  22000 | α=1e-04 | Loss: 6.4820e-06 | BC: 5.8370e-06 | PDE: 6.4495e-03 | Val: 1.8383e-06 | Test: 1.1644e-04 | LR=9.0e-04
Epoch  23/100 | Steps:  23000 | α=1e-04 | Loss: 1.1382e-05 | BC: 1.0537e-05 | PDE: 8.4538e-03 | Val: 1.4109e-05 | Test: 1.2896e-04 | LR=8.9e-04
Epoch  24/100 | Steps:  24000 | α=1e-04 | Loss: 2.1781e-05 | BC: 2.0543e-05 | PDE: 1.2382e-02 | Val: 3.8724e-07 | Test: 1.1432e-04 | LR=8.8e-04
Epoch  25/100 | Steps:  25000 | α=1e-04 | Loss: 4.2726e-06 | BC: 3.6954e-06 | PDE: 5.7717e-03 | Val: 1.3741e-07 | Test: 1.1157e-04 | LR=8.7e-04 *
Epoch  26/100 | Steps:  26000 | α=1e-04 | Loss: 8.7592e-06 | BC: 7.9637e-06 | PDE: 7.9546e-03 | Val: 3.1401e-07 | Test: 1.1227e-04 | LR=8.6e-04
Epoch  27/100 | Steps:  27000 | α=1e-04 | Loss: 8.3335e-06 | BC: 7.5289e-06 | PDE: 8.0466e-03 | Val: 2.7449e-07 | Test: 1.1286e-04 | LR=8.4e-04
Epoch  28/100 | Steps:  28000 | α=1e-04 | Loss: 1.5692e-05 | BC: 1.4636e-05 | PDE: 1.0555e-02 | Val: 1.9420e-07 | Test: 1.1417e-04 | LR=8.3e-04
Epoch  29/100 | Steps:  29000 | α=1e-04 | Loss: 6.2226e-06 | BC: 5.5007e-06 | PDE: 7.2191e-03 | Val: 1.3861e-05 | Test: 1.2364e-04 | LR=8.2e-04

>>> Alpha increased: 1e-04 → 1e-03 (BC=7.0470e-06) <<<
Epoch  30/100 | Steps:  30000 | α=1e-03 | Loss: 7.7627e-06 | BC: 7.0470e-06 | PDE: 7.1570e-03 | Val: 8.8039e-07 | Test: 1.1237e-04 | LR=8.1e-04 *
Epoch  31/100 | Steps:  31000 | α=1e-03 | Loss: 2.1022e-04 | BC: 7.3380e-05 | PDE: 1.3684e-01 | Val: 2.4212e-06 | Test: 1.2587e-04 | LR=8.0e-04
Epoch  32/100 | Steps:  32000 | α=1e-03 | Loss: 1.1156e-05 | BC: 2.9669e-06 | PDE: 8.1889e-03 | Val: 4.9650e-06 | Test: 1.2331e-04 | LR=7.8e-04
Epoch  33/100 | Steps:  33000 | α=1e-03 | Loss: 1.6944e-05 | BC: 4.5669e-06 | PDE: 1.2377e-02 | Val: 3.8396e-06 | Test: 1.2633e-04 | LR=7.7e-04
Epoch  34/100 | Steps:  34000 | α=1e-03 | Loss: 1.7610e-05 | BC: 4.3222e-06 | PDE: 1.3288e-02 | Val: 3.5589e-06 | Test: 1.2535e-04 | LR=7.6e-04
Epoch  35/100 | Steps:  35000 | α=1e-03 | Loss: 1.6877e-05 | BC: 4.3993e-06 | PDE: 1.2478e-02 | Val: 2.7571e-06 | Test: 1.2021e-04 | LR=7.4e-04
Epoch  36/100 | Steps:  36000 | α=1e-03 | Loss: 1.9272e-05 | BC: 4.7430e-06 | PDE: 1.4529e-02 | Val: 2.8246e-06 | Test: 1.2640e-04 | LR=7.3e-04
Epoch  37/100 | Steps:  37000 | α=1e-03 | Loss: 1.4804e-05 | BC: 4.1188e-06 | PDE: 1.0685e-02 | Val: 5.7861e-06 | Test: 1.1947e-04 | LR=7.2e-04

>>> Alpha increased: 1e-03 → 1e-02 (BC=4.0364e-06) <<<
Epoch  38/100 | Steps:  38000 | α=1e-02 | Loss: 1.5058e-05 | BC: 4.0364e-06 | PDE: 1.1022e-02 | Val: 2.9226e-06 | Test: 1.3127e-04 | LR=7.0e-04 *
Epoch  39/100 | Steps:  39000 | α=1e-02 | Loss: 1.1707e-03 | BC: 3.6672e-04 | PDE: 8.0401e-02 | Val: 8.9048e-06 | Test: 1.4287e-04 | LR=6.9e-04
Epoch  40/100 | Steps:  40000 | α=1e-02 | Loss: 1.1325e-04 | BC: 1.0062e-05 | PDE: 1.0319e-02 | Val: 9.1867e-06 | Test: 1.4703e-04 | LR=6.7e-04
Epoch  41/100 | Steps:  41000 | α=1e-02 | Loss: 1.0226e-04 | BC: 8.5319e-06 | PDE: 9.3727e-03 | Val: 7.3880e-06 | Test: 1.4418e-04 | LR=6.6e-04
Epoch  42/100 | Steps:  42000 | α=1e-02 | Loss: 9.1959e-05 | BC: 8.2916e-06 | PDE: 8.3667e-03 | Val: 1.0613e-05 | Test: 1.5181e-04 | LR=6.4e-04
Epoch  43/100 | Steps:  43000 | α=1e-02 | Loss: 9.6428e-05 | BC: 8.0274e-06 | PDE: 8.8401e-03 | Val: 6.0558e-06 | Test: 1.3828e-04 | LR=6.3e-04
Epoch  44/100 | Steps:  44000 | α=1e-02 | Loss: 8.4010e-05 | BC: 7.3617e-06 | PDE: 7.6648e-03 | Val: 8.8274e-06 | Test: 1.4598e-04 | LR=6.1e-04
Epoch  45/100 | Steps:  45000 | α=1e-02 | Loss: 8.2109e-05 | BC: 7.6611e-06 | PDE: 7.4448e-03 | Val: 5.9329e-06 | Test: 1.3946e-04 | LR=6.0e-04

>>> Alpha increased: 1e-02 → 1e-01 (BC=7.0853e-06) <<<
Epoch  46/100 | Steps:  46000 | α=1e-01 | Loss: 8.3478e-05 | BC: 7.0853e-06 | PDE: 7.6393e-03 | Val: 5.1533e-06 | Test: 1.3497e-04 | LR=5.8e-04 *
Epoch  47/100 | Steps:  47000 | α=1e-01 | Loss: 7.2607e-03 | BC: 1.4612e-03 | PDE: 5.7995e-02 | Val: 1.6647e-04 | Test: 3.3942e-04 | LR=5.7e-04
Epoch  48/100 | Steps:  48000 | α=1e-01 | Loss: 1.9322e-03 | BC: 1.0512e-04 | PDE: 1.8271e-02 | Val: 5.5242e-05 | Test: 2.1950e-04 | LR=5.5e-04
Epoch  49/100 | Steps:  49000 | α=1e-01 | Loss: 1.5561e-03 | BC: 7.7367e-05 | PDE: 1.4788e-02 | Val: 6.2972e-05 | Test: 2.3026e-04 | LR=5.4e-04
Epoch  50/100 | Steps:  50000 | α=1e-01 | Loss: 1.2342e-03 | BC: 5.5103e-05 | PDE: 1.1791e-02 | Val: 2.0362e-05 | Test: 1.7335e-04 | LR=5.2e-04
Epoch  51/100 | Steps:  51000 | α=1e-01 | Loss: 1.1140e-03 | BC: 4.9770e-05 | PDE: 1.0642e-02 | Val: 2.4557e-05 | Test: 1.8129e-04 | LR=5.1e-04
Epoch  52/100 | Steps:  52000 | α=1e-01 | Loss: 8.8935e-04 | BC: 4.1292e-05 | PDE: 8.4805e-03 | Val: 6.3075e-05 | Test: 2.3145e-04 | LR=4.9e-04
Epoch  53/100 | Steps:  53000 | α=1e-01 | Loss: 7.7266e-04 | BC: 3.7161e-05 | PDE: 7.3550e-03 | Val: 2.0777e-05 | Test: 1.7370e-04 | LR=4.7e-04
Epoch  54/100 | Steps:  54000 | α=1e-01 | Loss: 9.4556e-04 | BC: 4.3333e-05 | PDE: 9.0223e-03 | Val: 2.1570e-05 | Test: 1.7016e-04 | LR=4.6e-04
Epoch  55/100 | Steps:  55000 | α=1e-01 | Loss: 6.4365e-04 | BC: 3.2284e-05 | PDE: 6.1136e-03 | Val: 7.1560e-05 | Test: 2.4474e-04 | LR=4.4e-04
Epoch  56/100 | Steps:  56000 | α=1e-01 | Loss: 6.6091e-04 | BC: 3.3884e-05 | PDE: 6.2703e-03 | Val: 3.3844e-05 | Test: 1.9160e-04 | LR=4.3e-04
Epoch  57/100 | Steps:  57000 | α=1e-01 | Loss: 6.5015e-04 | BC: 3.3095e-05 | PDE: 6.1706e-03 | Val: 2.3278e-05 | Test: 1.7780e-04 | LR=4.1e-04
Epoch  58/100 | Steps:  58000 | α=1e-01 | Loss: 4.8124e-04 | BC: 2.7076e-05 | PDE: 4.5416e-03 | Val: 4.4932e-05 | Test: 2.1184e-04 | LR=4.0e-04
Epoch  59/100 | Steps:  59000 | α=1e-01 | Loss: 4.1738e-04 | BC: 2.5734e-05 | PDE: 3.9164e-03 | Val: 4.5957e-05 | Test: 2.2038e-04 | LR=3.8e-04
Epoch  60/100 | Steps:  60000 | α=1e-01 | Loss: 4.7879e-04 | BC: 2.7592e-05 | PDE: 4.5120e-03 | Val: 2.5167e-05 | Test: 1.8105e-04 | LR=3.7e-04
Epoch  61/100 | Steps:  61000 | α=1e-01 | Loss: 2.6817e-04 | BC: 2.0208e-05 | PDE: 2.4796e-03 | Val: 1.9162e-05 | Test: 1.6509e-04 | LR=3.5e-04
Epoch  62/100 | Steps:  62000 | α=1e-01 | Loss: 3.0521e-04 | BC: 2.2056e-05 | PDE: 2.8315e-03 | Val: 1.7950e-05 | Test: 1.6195e-04 | LR=3.4e-04
Epoch  63/100 | Steps:  63000 | α=1e-01 | Loss: 2.0644e-04 | BC: 1.9121e-05 | PDE: 1.8732e-03 | Val: 1.9273e-05 | Test: 1.6996e-04 | LR=3.2e-04
Epoch  64/100 | Steps:  64000 | α=1e-01 | Loss: 2.2293e-04 | BC: 1.9239e-05 | PDE: 2.0369e-03 | Val: 1.8530e-05 | Test: 1.6666e-04 | LR=3.1e-04
Epoch  65/100 | Steps:  65000 | α=1e-01 | Loss: 1.7658e-04 | BC: 1.8350e-05 | PDE: 1.5823e-03 | Val: 2.1602e-05 | Test: 1.8000e-04 | LR=2.9e-04
Epoch  66/100 | Steps:  66000 | α=1e-01 | Loss: 2.9346e-04 | BC: 2.1959e-05 | PDE: 2.7150e-03 | Val: 1.7635e-05 | Test: 1.6146e-04 | LR=2.8e-04
Epoch  67/100 | Steps:  67000 | α=1e-01 | Loss: 1.4108e-04 | BC: 1.7991e-05 | PDE: 1.2309e-03 | Val: 1.8657e-05 | Test: 1.6855e-04 | LR=2.7e-04
Epoch  68/100 | Steps:  68000 | α=1e-01 | Loss: 1.4482e-04 | BC: 1.8054e-05 | PDE: 1.2677e-03 | Val: 1.7999e-05 | Test: 1.6480e-04 | LR=2.5e-04
Epoch  69/100 | Steps:  69000 | α=1e-01 | Loss: 2.2442e-04 | BC: 2.0663e-05 | PDE: 2.0376e-03 | Val: 1.7885e-05 | Test: 1.6235e-04 | LR=2.4e-04
Epoch  70/100 | Steps:  70000 | α=1e-01 | Loss: 1.2063e-04 | BC: 1.7632e-05 | PDE: 1.0300e-03 | Val: 1.7359e-05 | Test: 1.6413e-04 | LR=2.3e-04
Epoch  71/100 | Steps:  71000 | α=1e-01 | Loss: 1.2926e-04 | BC: 1.7531e-05 | PDE: 1.1173e-03 | Val: 1.7156e-05 | Test: 1.6253e-04 | LR=2.1e-04
Epoch  72/100 | Steps:  72000 | α=1e-01 | Loss: 1.0988e-04 | BC: 1.7217e-05 | PDE: 9.2663e-04 | Val: 1.7425e-05 | Test: 1.6450e-04 | LR=2.0e-04

Both thresholds reached -- BC (val): 1.7425e-05 < 1.0000e-04, PDE: 9.2663e-04 < 1.0000e-03

Restored best model from epoch 46 (val_loss: 5.1533e-06, test_loss: 1.3497e-04)
Best checkpoint saved to: outputs/expr_7_2_iter/p2to20_square/fix_alpha_1e-2/checkpoints/best_model.pt
Final checkpoint saved to: outputs/expr_7_2_iter/p2to20_square/fix_alpha_1e-2/checkpoints/final_model.pt
Training completed in 644.21s (72,000 total steps)
  Stage 8 (p=9) PDE diagnostics:
    p-Lap (p=9) raw:        3.0919e+00
    p-Lap (p=9) normalized: 9.8524e-03
    Inf-Lap raw:              1.6450e-01
    Inf-Lap normalized:       1.0640e-01

============================================================
Stage 9/11: Training with p=10
============================================================

Training configuration:
  Boundary points (train): 32,000 -> 80 batches of 400
  Interior points (train): 1,000,000 -> 1000 batches of 1000
  Interior sampling: RE-SAMPLE each epoch
  Boundary points (val): 8,000
  Validation loss: BC only
  Steps per epoch: 1,000
  Total steps: 100,000
  Epochs: 100
  Loss balancing: AlphaPlateauScheduler
  LR scheduler: cosine (LR: 1.0e-03 -> 1.0e-05)

Epoch   1/100 | Steps:   1000 | α=1e-05 | Loss: 4.8301e-05 | BC: 4.7669e-05 | PDE: 6.3213e-02 | Val: 5.9006e-05 | Test: 1.4741e-04 | LR=1.0e-03 *
Epoch   2/100 | Steps:   2000 | α=1e-05 | Loss: 1.3949e-05 | BC: 1.3674e-05 | PDE: 2.7482e-02 | Val: 4.3478e-06 | Test: 1.0185e-04 | LR=1.0e-03 *
Epoch   3/100 | Steps:   3000 | α=1e-05 | Loss: 1.5775e-05 | BC: 1.5552e-05 | PDE: 2.2297e-02 | Val: 2.3390e-07 | Test: 9.2378e-05 | LR=1.0e-03 *
Epoch   4/100 | Steps:   4000 | α=1e-05 | Loss: 1.6354e-05 | BC: 1.6140e-05 | PDE: 2.1385e-02 | Val: 1.9474e-05 | Test: 1.1662e-04 | LR=1.0e-03
Epoch   5/100 | Steps:   5000 | α=1e-05 | Loss: 1.2189e-05 | BC: 1.2001e-05 | PDE: 1.8734e-02 | Val: 1.2881e-05 | Test: 1.0902e-04 | LR=1.0e-03
Epoch   6/100 | Steps:   6000 | α=1e-05 | Loss: 1.9903e-05 | BC: 1.9693e-05 | PDE: 2.0967e-02 | Val: 3.1055e-07 | Test: 9.1210e-05 | LR=9.9e-04

>>> Alpha increased: 1e-05 → 1e-04 (BC=2.1891e-05) <<<
Epoch   7/100 | Steps:   7000 | α=1e-04 | Loss: 2.2128e-05 | BC: 2.1891e-05 | PDE: 2.3705e-02 | Val: 1.7336e-07 | Test: 8.9990e-05 | LR=9.9e-04 *
Epoch   8/100 | Steps:   8000 | α=1e-04 | Loss: 9.3669e-06 | BC: 8.4718e-06 | PDE: 8.9516e-03 | Val: 3.0698e-07 | Test: 9.3076e-05 | LR=9.9e-04
Epoch   9/100 | Steps:   9000 | α=1e-04 | Loss: 1.3120e-05 | BC: 1.2192e-05 | PDE: 9.2807e-03 | Val: 3.1809e-06 | Test: 9.4840e-05 | LR=9.8e-04
Epoch  10/100 | Steps:  10000 | α=1e-04 | Loss: 1.4508e-05 | BC: 1.3535e-05 | PDE: 9.7312e-03 | Val: 2.2376e-06 | Test: 9.4504e-05 | LR=9.8e-04
Epoch  11/100 | Steps:  11000 | α=1e-04 | Loss: 2.5986e-05 | BC: 2.4354e-05 | PDE: 1.6321e-02 | Val: 1.9068e-07 | Test: 9.1219e-05 | LR=9.8e-04
Epoch  12/100 | Steps:  12000 | α=1e-04 | Loss: 6.8634e-06 | BC: 6.2584e-06 | PDE: 6.0498e-03 | Val: 3.4475e-07 | Test: 9.1072e-05 | LR=9.7e-04
Epoch  13/100 | Steps:  13000 | α=1e-04 | Loss: 1.2182e-05 | BC: 1.1285e-05 | PDE: 8.9775e-03 | Val: 4.7480e-06 | Test: 9.6491e-05 | LR=9.7e-04
Epoch  14/100 | Steps:  14000 | α=1e-04 | Loss: 1.6697e-04 | BC: 1.6063e-04 | PDE: 6.3410e-02 | Val: 1.6814e-07 | Test: 8.9154e-05 | LR=9.6e-04 *
Epoch  15/100 | Steps:  15000 | α=1e-04 | Loss: 5.4412e-07 | BC: 1.2609e-07 | PDE: 4.1803e-03 | Val: 1.5096e-07 | Test: 8.8791e-05 | LR=9.5e-04 *
Epoch  16/100 | Steps:  16000 | α=1e-04 | Loss: 3.9761e-06 | BC: 3.3988e-06 | PDE: 5.7724e-03 | Val: 2.9425e-06 | Test: 9.0552e-05 | LR=9.5e-04
Epoch  17/100 | Steps:  17000 | α=1e-04 | Loss: 1.0523e-05 | BC: 9.6681e-06 | PDE: 8.5495e-03 | Val: 1.7798e-06 | Test: 8.5682e-05 | LR=9.4e-04
Epoch  18/100 | Steps:  18000 | α=1e-04 | Loss: 1.0621e-05 | BC: 9.5316e-06 | PDE: 1.0898e-02 | Val: 4.1865e-06 | Test: 9.2329e-05 | LR=9.3e-04
Epoch  19/100 | Steps:  19000 | α=1e-04 | Loss: 1.0750e-05 | BC: 9.7123e-06 | PDE: 1.0381e-02 | Val: 8.6875e-07 | Test: 8.8874e-05 | LR=9.2e-04

>>> Alpha increased: 1e-04 → 1e-03 (BC=9.9303e-06) <<<
Epoch  20/100 | Steps:  20000 | α=1e-03 | Loss: 1.0909e-05 | BC: 9.9303e-06 | PDE: 9.7860e-03 | Val: 4.4110e-06 | Test: 9.0799e-05 | LR=9.1e-04 *
Epoch  21/100 | Steps:  21000 | α=1e-03 | Loss: 2.8783e-04 | BC: 9.6167e-05 | PDE: 1.9166e-01 | Val: 2.0014e-06 | Test: 1.0272e-04 | LR=9.1e-04 *
Epoch  22/100 | Steps:  22000 | α=1e-03 | Loss: 1.4693e-05 | BC: 2.9338e-06 | PDE: 1.1759e-02 | Val: 1.5628e-06 | Test: 1.0232e-04 | LR=9.0e-04 *
Epoch  23/100 | Steps:  23000 | α=1e-03 | Loss: 2.6417e-05 | BC: 5.4013e-06 | PDE: 2.1016e-02 | Val: 1.7870e-06 | Test: 9.8737e-05 | LR=8.9e-04
Epoch  24/100 | Steps:  24000 | α=1e-03 | Loss: 2.3982e-05 | BC: 5.6360e-06 | PDE: 1.8346e-02 | Val: 7.5938e-06 | Test: 1.0027e-04 | LR=8.8e-04
Epoch  25/100 | Steps:  25000 | α=1e-03 | Loss: 2.2968e-05 | BC: 5.5894e-06 | PDE: 1.7379e-02 | Val: 1.4864e-06 | Test: 9.6239e-05 | LR=8.7e-04 *
Epoch  26/100 | Steps:  26000 | α=1e-03 | Loss: 2.2221e-05 | BC: 5.9788e-06 | PDE: 1.6242e-02 | Val: 7.2880e-06 | Test: 1.0296e-04 | LR=8.6e-04
Epoch  27/100 | Steps:  27000 | α=1e-03 | Loss: 2.2774e-05 | BC: 5.1400e-06 | PDE: 1.7634e-02 | Val: 7.4430e-06 | Test: 9.8776e-05 | LR=8.4e-04

>>> Alpha increased: 1e-03 → 1e-02 (BC=5.7015e-06) <<<
Epoch  28/100 | Steps:  28000 | α=1e-02 | Loss: 2.0775e-05 | BC: 5.7015e-06 | PDE: 1.5074e-02 | Val: 3.7370e-06 | Test: 1.0275e-04 | LR=8.3e-04 *
Epoch  29/100 | Steps:  29000 | α=1e-02 | Loss: 1.8672e-03 | BC: 6.0996e-04 | PDE: 1.2573e-01 | Val: 1.1243e-05 | Test: 1.2377e-04 | LR=8.2e-04
Epoch  30/100 | Steps:  30000 | α=1e-02 | Loss: 1.4284e-04 | BC: 1.3246e-05 | PDE: 1.2959e-02 | Val: 1.5962e-05 | Test: 1.3708e-04 | LR=8.1e-04
Epoch  31/100 | Steps:  31000 | α=1e-02 | Loss: 1.4978e-04 | BC: 1.3624e-05 | PDE: 1.3616e-02 | Val: 1.0528e-05 | Test: 1.2770e-04 | LR=8.0e-04
Epoch  32/100 | Steps:  32000 | α=1e-02 | Loss: 1.4320e-04 | BC: 1.2623e-05 | PDE: 1.3058e-02 | Val: 9.3708e-06 | Test: 1.2336e-04 | LR=7.8e-04
Epoch  33/100 | Steps:  33000 | α=1e-02 | Loss: 1.5343e-04 | BC: 1.3380e-05 | PDE: 1.4005e-02 | Val: 9.2866e-06 | Test: 1.2236e-04 | LR=7.7e-04
Epoch  34/100 | Steps:  34000 | α=1e-02 | Loss: 1.2643e-04 | BC: 1.2171e-05 | PDE: 1.1426e-02 | Val: 1.3703e-05 | Test: 1.3232e-04 | LR=7.6e-04
Epoch  35/100 | Steps:  35000 | α=1e-02 | Loss: 1.3721e-04 | BC: 1.2603e-05 | PDE: 1.2460e-02 | Val: 8.0681e-06 | Test: 1.2041e-04 | LR=7.4e-04

>>> Alpha increased: 1e-02 → 1e-01 (BC=1.1642e-05) <<<
Epoch  36/100 | Steps:  36000 | α=1e-01 | Loss: 1.3011e-04 | BC: 1.1642e-05 | PDE: 1.1847e-02 | Val: 1.7597e-05 | Test: 1.4491e-04 | LR=7.3e-04 *
Epoch  37/100 | Steps:  37000 | α=1e-01 | Loss: 9.6657e-03 | BC: 2.0432e-03 | PDE: 7.6225e-02 | Val: 2.8278e-04 | Test: 3.7895e-04 | LR=7.2e-04
Epoch  38/100 | Steps:  38000 | α=1e-01 | Loss: 3.2920e-03 | BC: 2.5487e-04 | PDE: 3.0371e-02 | Val: 2.3647e-04 | Test: 3.3612e-04 | LR=7.0e-04
Epoch  39/100 | Steps:  39000 | α=1e-01 | Loss: 2.8661e-03 | BC: 1.9884e-04 | PDE: 2.6672e-02 | Val: 1.5676e-04 | Test: 2.7702e-04 | LR=6.9e-04
Epoch  40/100 | Steps:  40000 | α=1e-01 | Loss: 2.3356e-03 | BC: 1.3873e-04 | PDE: 2.1969e-02 | Val: 1.2162e-04 | Test: 2.4446e-04 | LR=6.7e-04
Epoch  41/100 | Steps:  41000 | α=1e-01 | Loss: 2.2559e-03 | BC: 1.3284e-04 | PDE: 2.1231e-02 | Val: 1.6063e-04 | Test: 2.7064e-04 | LR=6.6e-04
Epoch  42/100 | Steps:  42000 | α=1e-01 | Loss: 2.0952e-03 | BC: 1.1730e-04 | PDE: 1.9779e-02 | Val: 1.2573e-04 | Test: 2.4352e-04 | LR=6.4e-04
Epoch  43/100 | Steps:  43000 | α=1e-01 | Loss: 2.0403e-03 | BC: 1.1607e-04 | PDE: 1.9242e-02 | Val: 7.6709e-05 | Test: 2.0221e-04 | LR=6.3e-04
Epoch  44/100 | Steps:  44000 | α=1e-01 | Loss: 1.8781e-03 | BC: 1.0203e-04 | PDE: 1.7760e-02 | Val: 3.1420e-05 | Test: 1.5977e-04 | LR=6.1e-04
Epoch  45/100 | Steps:  45000 | α=1e-01 | Loss: 1.6649e-03 | BC: 8.4660e-05 | PDE: 1.5802e-02 | Val: 8.5993e-05 | Test: 2.0951e-04 | LR=6.0e-04
Epoch  46/100 | Steps:  46000 | α=1e-01 | Loss: 1.7191e-03 | BC: 8.8222e-05 | PDE: 1.6309e-02 | Val: 1.0259e-04 | Test: 2.3409e-04 | LR=5.8e-04
Epoch  47/100 | Steps:  47000 | α=1e-01 | Loss: 1.6437e-03 | BC: 8.2796e-05 | PDE: 1.5609e-02 | Val: 8.7207e-05 | Test: 2.1828e-04 | LR=5.7e-04
Epoch  48/100 | Steps:  48000 | α=1e-01 | Loss: 1.4281e-03 | BC: 6.8569e-05 | PDE: 1.3596e-02 | Val: 6.5766e-05 | Test: 1.9729e-04 | LR=5.5e-04
Epoch  49/100 | Steps:  49000 | α=1e-01 | Loss: 1.3384e-03 | BC: 6.1956e-05 | PDE: 1.2764e-02 | Val: 5.4797e-05 | Test: 1.8039e-04 | LR=5.4e-04
Epoch  50/100 | Steps:  50000 | α=1e-01 | Loss: 1.2562e-03 | BC: 6.0447e-05 | PDE: 1.1958e-02 | Val: 5.3646e-05 | Test: 1.8087e-04 | LR=5.2e-04
Epoch  51/100 | Steps:  51000 | α=1e-01 | Loss: 1.1780e-03 | BC: 5.4784e-05 | PDE: 1.1232e-02 | Val: 4.9396e-05 | Test: 1.7720e-04 | LR=5.1e-04
Epoch  52/100 | Steps:  52000 | α=1e-01 | Loss: 1.0540e-03 | BC: 4.9131e-05 | PDE: 1.0049e-02 | Val: 5.8412e-05 | Test: 1.9153e-04 | LR=4.9e-04
Epoch  53/100 | Steps:  53000 | α=1e-01 | Loss: 9.2891e-04 | BC: 4.4300e-05 | PDE: 8.8461e-03 | Val: 9.5408e-05 | Test: 2.2885e-04 | LR=4.7e-04
Epoch  54/100 | Steps:  54000 | α=1e-01 | Loss: 1.1033e-03 | BC: 5.0730e-05 | PDE: 1.0526e-02 | Val: 5.5417e-05 | Test: 1.8325e-04 | LR=4.6e-04
Epoch  55/100 | Steps:  55000 | α=1e-01 | Loss: 8.2383e-04 | BC: 4.1100e-05 | PDE: 7.8273e-03 | Val: 4.1189e-05 | Test: 1.6964e-04 | LR=4.4e-04
Epoch  56/100 | Steps:  56000 | α=1e-01 | Loss: 6.3550e-04 | BC: 3.4749e-05 | PDE: 6.0075e-03 | Val: 2.4831e-05 | Test: 1.4623e-04 | LR=4.3e-04
Epoch  57/100 | Steps:  57000 | α=1e-01 | Loss: 7.1729e-04 | BC: 3.9221e-05 | PDE: 6.7807e-03 | Val: 6.8641e-05 | Test: 2.0831e-04 | LR=4.1e-04
Epoch  58/100 | Steps:  58000 | α=1e-01 | Loss: 7.3390e-04 | BC: 3.8154e-05 | PDE: 6.9574e-03 | Val: 3.9825e-05 | Test: 1.7342e-04 | LR=4.0e-04
Epoch  59/100 | Steps:  59000 | α=1e-01 | Loss: 4.7581e-04 | BC: 2.9123e-05 | PDE: 4.4669e-03 | Val: 6.2285e-05 | Test: 2.0474e-04 | LR=3.8e-04
Epoch  60/100 | Steps:  60000 | α=1e-01 | Loss: 7.0577e-04 | BC: 3.6830e-05 | PDE: 6.6894e-03 | Val: 3.7977e-05 | Test: 1.7024e-04 | LR=3.7e-04
Epoch  61/100 | Steps:  61000 | α=1e-01 | Loss: 4.5650e-04 | BC: 2.8733e-05 | PDE: 4.2776e-03 | Val: 5.3827e-05 | Test: 1.9047e-04 | LR=3.5e-04
Epoch  62/100 | Steps:  62000 | α=1e-01 | Loss: 3.2348e-04 | BC: 2.5156e-05 | PDE: 2.9833e-03 | Val: 2.1815e-05 | Test: 1.4270e-04 | LR=3.4e-04
Epoch  63/100 | Steps:  63000 | α=1e-01 | Loss: 3.7650e-04 | BC: 2.7084e-05 | PDE: 3.4942e-03 | Val: 2.2680e-05 | Test: 1.4335e-04 | LR=3.2e-04
Epoch  64/100 | Steps:  64000 | α=1e-01 | Loss: 1.9886e-04 | BC: 2.2362e-05 | PDE: 1.7650e-03 | Val: 2.4610e-05 | Test: 1.5204e-04 | LR=3.1e-04
Epoch  65/100 | Steps:  65000 | α=1e-01 | Loss: 1.8992e-04 | BC: 2.2159e-05 | PDE: 1.6776e-03 | Val: 2.3386e-05 | Test: 1.4972e-04 | LR=2.9e-04
Epoch  66/100 | Steps:  66000 | α=1e-01 | Loss: 1.8874e-04 | BC: 2.2192e-05 | PDE: 1.6655e-03 | Val: 2.1187e-05 | Test: 1.4083e-04 | LR=2.8e-04
Epoch  67/100 | Steps:  67000 | α=1e-01 | Loss: 1.6922e-04 | BC: 2.1792e-05 | PDE: 1.4742e-03 | Val: 2.1951e-05 | Test: 1.4547e-04 | LR=2.7e-04
Epoch  68/100 | Steps:  68000 | α=1e-01 | Loss: 3.8064e-04 | BC: 2.6378e-05 | PDE: 3.5426e-03 | Val: 2.1046e-05 | Test: 1.3949e-04 | LR=2.5e-04
Epoch  69/100 | Steps:  69000 | α=1e-01 | Loss: 1.2104e-04 | BC: 2.1045e-05 | PDE: 9.9992e-04 | Val: 2.1996e-05 | Test: 1.4171e-04 | LR=2.4e-04

Both thresholds reached -- BC (val): 2.1996e-05 < 1.0000e-04, PDE: 9.9992e-04 < 1.0000e-03

Restored best model from epoch 36 (val_loss: 1.7597e-05, test_loss: 1.4491e-04)
Best checkpoint saved to: outputs/expr_7_2_iter/p2to20_square/fix_alpha_1e-2/checkpoints/best_model.pt
Final checkpoint saved to: outputs/expr_7_2_iter/p2to20_square/fix_alpha_1e-2/checkpoints/final_model.pt
Training completed in 671.29s (69,000 total steps)
  Stage 9 (p=10) PDE diagnostics:
    p-Lap (p=10) raw:        1.4396e+01
    p-Lap (p=10) normalized: 1.2718e-02
    Inf-Lap raw:              1.3168e-01
    Inf-Lap normalized:       9.7160e-02

============================================================
Stage 10/11: Training with p=15
============================================================

Training configuration:
  Boundary points (train): 32,000 -> 80 batches of 400
  Interior points (train): 1,000,000 -> 1000 batches of 1000
  Interior sampling: RE-SAMPLE each epoch
  Boundary points (val): 8,000
  Validation loss: BC only
  Steps per epoch: 1,000
  Total steps: 100,000
  Epochs: 100
  Loss balancing: AlphaPlateauScheduler
  LR scheduler: cosine (LR: 1.0e-03 -> 1.0e-05)

Epoch   1/100 | Steps:   1000 | α=1e-05 | Loss: 6.2235e-05 | BC: 6.1090e-05 | PDE: 1.1451e-01 | Val: 2.4515e-06 | Test: 4.5373e-05 | LR=1.0e-03 *
Epoch   2/100 | Steps:   2000 | α=1e-05 | Loss: 1.2702e-05 | BC: 1.2237e-05 | PDE: 4.6455e-02 | Val: 2.2685e-05 | Test: 6.1004e-05 | LR=1.0e-03
Epoch   3/100 | Steps:   3000 | α=1e-05 | Loss: 1.9337e-05 | BC: 1.8904e-05 | PDE: 4.3299e-02 | Val: 8.9480e-06 | Test: 3.8928e-05 | LR=1.0e-03
Epoch   4/100 | Steps:   4000 | α=1e-05 | Loss: 1.3835e-05 | BC: 1.3467e-05 | PDE: 3.6858e-02 | Val: 3.8119e-06 | Test: 4.5629e-05 | LR=1.0e-03
Epoch   5/100 | Steps:   5000 | α=1e-05 | Loss: 1.5083e-05 | BC: 1.4725e-05 | PDE: 3.5759e-02 | Val: 8.3419e-06 | Test: 4.8647e-05 | LR=1.0e-03
Epoch   6/100 | Steps:   6000 | α=1e-05 | Loss: 2.9308e-05 | BC: 2.8832e-05 | PDE: 4.7558e-02 | Val: 7.1742e-06 | Test: 4.4574e-05 | LR=9.9e-04

>>> Alpha increased: 1e-05 → 1e-04 (BC=1.2923e-05) <<<
Epoch   7/100 | Steps:   7000 | α=1e-04 | Loss: 1.3227e-05 | BC: 1.2923e-05 | PDE: 3.0410e-02 | Val: 9.1878e-06 | Test: 4.7242e-05 | LR=9.9e-04 *
Epoch   8/100 | Steps:   8000 | α=1e-04 | Loss: 1.5530e-05 | BC: 1.3358e-05 | PDE: 2.1713e-02 | Val: 1.3521e-04 | Test: 1.7241e-04 | LR=9.9e-04
Epoch   9/100 | Steps:   9000 | α=1e-04 | Loss: 1.4174e-05 | BC: 1.2579e-05 | PDE: 1.5951e-02 | Val: 1.5021e-06 | Test: 4.0598e-05 | LR=9.8e-04 *
Epoch  10/100 | Steps:  10000 | α=1e-04 | Loss: 1.9757e-05 | BC: 1.7619e-05 | PDE: 2.1372e-02 | Val: 1.2002e-05 | Test: 4.9748e-05 | LR=9.8e-04
Epoch  11/100 | Steps:  11000 | α=1e-04 | Loss: 1.4382e-05 | BC: 1.2814e-05 | PDE: 1.5682e-02 | Val: 1.6844e-05 | Test: 5.3479e-05 | LR=9.8e-04
Epoch  12/100 | Steps:  12000 | α=1e-04 | Loss: 3.1727e-05 | BC: 2.9121e-05 | PDE: 2.6066e-02 | Val: 1.4592e-06 | Test: 3.9135e-05 | LR=9.7e-04 *
Epoch  13/100 | Steps:  13000 | α=1e-04 | Loss: 1.0472e-05 | BC: 9.1747e-06 | PDE: 1.2978e-02 | Val: 9.3921e-06 | Test: 4.8421e-05 | LR=9.7e-04
Epoch  14/100 | Steps:  14000 | α=1e-04 | Loss: 1.2640e-05 | BC: 1.1028e-05 | PDE: 1.6126e-02 | Val: 2.7180e-06 | Test: 4.0837e-05 | LR=9.6e-04
Epoch  15/100 | Steps:  15000 | α=1e-04 | Loss: 1.2440e-05 | BC: 1.0908e-05 | PDE: 1.5324e-02 | Val: 4.1319e-06 | Test: 4.2762e-05 | LR=9.5e-04
Epoch  16/100 | Steps:  16000 | α=1e-04 | Loss: 1.1804e-05 | BC: 1.0254e-05 | PDE: 1.5495e-02 | Val: 1.3691e-05 | Test: 4.9252e-05 | LR=9.5e-04
Epoch  17/100 | Steps:  17000 | α=1e-04 | Loss: 1.2235e-05 | BC: 1.0588e-05 | PDE: 1.6470e-02 | Val: 1.7554e-05 | Test: 5.1691e-05 | LR=9.4e-04

>>> Alpha increased: 1e-04 → 1e-03 (BC=4.8240e-05) <<<
Epoch  18/100 | Steps:  18000 | α=1e-03 | Loss: 5.3811e-05 | BC: 4.8240e-05 | PDE: 5.5707e-02 | Val: 1.8787e-07 | Test: 3.9108e-05 | LR=9.3e-04 *
Epoch  19/100 | Steps:  19000 | α=1e-03 | Loss: 5.5086e-04 | BC: 2.0276e-04 | PDE: 3.4810e-01 | Val: 5.9867e-06 | Test: 5.2608e-05 | LR=9.2e-04
Epoch  20/100 | Steps:  20000 | α=1e-03 | Loss: 4.3775e-05 | BC: 5.5961e-06 | PDE: 3.8179e-02 | Val: 4.5759e-06 | Test: 5.2105e-05 | LR=9.1e-04
Epoch  21/100 | Steps:  21000 | α=1e-03 | Loss: 4.0559e-05 | BC: 5.8160e-06 | PDE: 3.4743e-02 | Val: 3.5654e-06 | Test: 4.7164e-05 | LR=9.1e-04
Epoch  22/100 | Steps:  22000 | α=1e-03 | Loss: 4.3986e-05 | BC: 6.7151e-06 | PDE: 3.7271e-02 | Val: 2.8001e-06 | Test: 5.1058e-05 | LR=9.0e-04
Epoch  23/100 | Steps:  23000 | α=1e-03 | Loss: 5.2550e-05 | BC: 8.3029e-06 | PDE: 4.4247e-02 | Val: 2.9458e-06 | Test: 4.9194e-05 | LR=8.9e-04
Epoch  24/100 | Steps:  24000 | α=1e-03 | Loss: 3.7303e-05 | BC: 5.6673e-06 | PDE: 3.1636e-02 | Val: 8.3650e-06 | Test: 5.5146e-05 | LR=8.8e-04
Epoch  25/100 | Steps:  25000 | α=1e-03 | Loss: 4.2528e-05 | BC: 6.8673e-06 | PDE: 3.5660e-02 | Val: 7.9716e-06 | Test: 5.5848e-05 | LR=8.7e-04

>>> Alpha increased: 1e-03 → 1e-02 (BC=7.4138e-06) <<<
Epoch  26/100 | Steps:  26000 | α=1e-02 | Loss: 4.6198e-05 | BC: 7.4138e-06 | PDE: 3.8784e-02 | Val: 3.3890e-05 | Test: 6.8839e-05 | LR=8.6e-04 *
Epoch  27/100 | Steps:  27000 | α=1e-02 | Loss: 4.8958e-03 | BC: 1.5825e-03 | PDE: 3.3133e-01 | Val: 1.1713e-05 | Test: 6.8921e-05 | LR=8.4e-04 *
Epoch  28/100 | Steps:  28000 | α=1e-02 | Loss: 2.9168e-04 | BC: 1.6295e-05 | PDE: 2.7539e-02 | Val: 1.2752e-05 | Test: 6.6361e-05 | LR=8.3e-04
Epoch  29/100 | Steps:  29000 | α=1e-02 | Loss: 2.9387e-04 | BC: 1.6728e-05 | PDE: 2.7714e-02 | Val: 2.2918e-05 | Test: 7.7224e-05 | LR=8.2e-04
Epoch  30/100 | Steps:  30000 | α=1e-02 | Loss: 2.8196e-04 | BC: 1.6241e-05 | PDE: 2.6572e-02 | Val: 1.4403e-05 | Test: 7.1870e-05 | LR=8.1e-04
Epoch  31/100 | Steps:  31000 | α=1e-02 | Loss: 2.6669e-04 | BC: 1.5242e-05 | PDE: 2.5145e-02 | Val: 1.2162e-05 | Test: 6.4524e-05 | LR=8.0e-04
Epoch  32/100 | Steps:  32000 | α=1e-02 | Loss: 2.3543e-04 | BC: 1.4718e-05 | PDE: 2.2072e-02 | Val: 3.5346e-05 | Test: 1.0441e-04 | LR=7.8e-04
Epoch  33/100 | Steps:  33000 | α=1e-02 | Loss: 2.6280e-04 | BC: 1.5943e-05 | PDE: 2.4686e-02 | Val: 1.1908e-05 | Test: 6.5683e-05 | LR=7.7e-04

>>> Alpha increased: 1e-02 → 1e-01 (BC=1.4284e-05) <<<
Epoch  34/100 | Steps:  34000 | α=1e-01 | Loss: 2.1443e-04 | BC: 1.4284e-05 | PDE: 2.0014e-02 | Val: 1.1840e-05 | Test: 6.6943e-05 | LR=7.6e-04 *
Epoch  35/100 | Steps:  35000 | α=1e-01 | Loss: 1.2541e-02 | BC: 2.7192e-03 | PDE: 9.8217e-02 | Val: 1.2814e-03 | Test: 7.7276e-04 | LR=7.4e-04
Epoch  36/100 | Steps:  36000 | α=1e-01 | Loss: 6.4033e-03 | BC: 8.0982e-04 | PDE: 5.5935e-02 | Val: 7.3896e-04 | Test: 4.8251e-04 | LR=7.3e-04
Epoch  37/100 | Steps:  37000 | α=1e-01 | Loss: 6.2760e-03 | BC: 7.5350e-04 | PDE: 5.5225e-02 | Val: 6.4771e-04 | Test: 4.3890e-04 | LR=7.2e-04
Epoch  38/100 | Steps:  38000 | α=1e-01 | Loss: 4.6019e-03 | BC: 4.5886e-04 | PDE: 4.1430e-02 | Val: 3.5310e-04 | Test: 2.6803e-04 | LR=7.0e-04
Epoch  39/100 | Steps:  39000 | α=1e-01 | Loss: 4.8332e-03 | BC: 4.8490e-04 | PDE: 4.3483e-02 | Val: 5.9981e-04 | Test: 4.1632e-04 | LR=6.9e-04
Epoch  40/100 | Steps:  40000 | α=1e-01 | Loss: 4.2730e-03 | BC: 3.9942e-04 | PDE: 3.8736e-02 | Val: 3.4960e-04 | Test: 2.7162e-04 | LR=6.7e-04
Epoch  41/100 | Steps:  41000 | α=1e-01 | Loss: 4.0753e-03 | BC: 3.7220e-04 | PDE: 3.7031e-02 | Val: 3.4368e-04 | Test: 2.5960e-04 | LR=6.6e-04
Epoch  42/100 | Steps:  42000 | α=1e-01 | Loss: 4.0082e-03 | BC: 3.6247e-04 | PDE: 3.6457e-02 | Val: 2.9048e-04 | Test: 2.3546e-04 | LR=6.4e-04
Epoch  43/100 | Steps:  43000 | α=1e-01 | Loss: 3.7054e-03 | BC: 3.0015e-04 | PDE: 3.4053e-02 | Val: 2.7759e-04 | Test: 2.2256e-04 | LR=6.3e-04
Epoch  44/100 | Steps:  44000 | α=1e-01 | Loss: 3.7659e-03 | BC: 3.1797e-04 | PDE: 3.4480e-02 | Val: 2.6167e-04 | Test: 2.2424e-04 | LR=6.1e-04
Epoch  45/100 | Steps:  45000 | α=1e-01 | Loss: 3.2542e-03 | BC: 2.4930e-04 | PDE: 3.0049e-02 | Val: 4.3714e-04 | Test: 3.2546e-04 | LR=6.0e-04
Epoch  46/100 | Steps:  46000 | α=1e-01 | Loss: 3.1462e-03 | BC: 2.3522e-04 | PDE: 2.9109e-02 | Val: 1.9354e-04 | Test: 1.8170e-04 | LR=5.8e-04
Epoch  47/100 | Steps:  47000 | α=1e-01 | Loss: 2.9983e-03 | BC: 2.1779e-04 | PDE: 2.7805e-02 | Val: 1.7155e-04 | Test: 1.7023e-04 | LR=5.7e-04
Epoch  48/100 | Steps:  48000 | α=1e-01 | Loss: 2.8697e-03 | BC: 1.9643e-04 | PDE: 2.6733e-02 | Val: 3.4499e-04 | Test: 2.7208e-04 | LR=5.5e-04
Epoch  49/100 | Steps:  49000 | α=1e-01 | Loss: 2.5969e-03 | BC: 1.6981e-04 | PDE: 2.4271e-02 | Val: 1.6704e-04 | Test: 1.5699e-04 | LR=5.4e-04
Epoch  50/100 | Steps:  50000 | α=1e-01 | Loss: 2.7863e-03 | BC: 1.8370e-04 | PDE: 2.6026e-02 | Val: 1.2411e-04 | Test: 1.4292e-04 | LR=5.2e-04
Epoch  51/100 | Steps:  51000 | α=1e-01 | Loss: 2.3960e-03 | BC: 1.4381e-04 | PDE: 2.2522e-02 | Val: 1.1475e-04 | Test: 1.3666e-04 | LR=5.1e-04
Epoch  52/100 | Steps:  52000 | α=1e-01 | Loss: 2.1874e-03 | BC: 1.2695e-04 | PDE: 2.0605e-02 | Val: 2.5731e-04 | Test: 2.2645e-04 | LR=4.9e-04
Epoch  53/100 | Steps:  53000 | α=1e-01 | Loss: 2.3904e-03 | BC: 1.4094e-04 | PDE: 2.2495e-02 | Val: 1.0615e-04 | Test: 1.3602e-04 | LR=4.7e-04
Epoch  54/100 | Steps:  54000 | α=1e-01 | Loss: 1.9052e-03 | BC: 1.0002e-04 | PDE: 1.8052e-02 | Val: 1.4918e-04 | Test: 1.6043e-04 | LR=4.6e-04
Epoch  55/100 | Steps:  55000 | α=1e-01 | Loss: 1.7920e-03 | BC: 9.4511e-05 | PDE: 1.6975e-02 | Val: 8.5186e-05 | Test: 1.1632e-04 | LR=4.4e-04
Epoch  56/100 | Steps:  56000 | α=1e-01 | Loss: 1.8499e-03 | BC: 9.2415e-05 | PDE: 1.7575e-02 | Val: 1.4058e-04 | Test: 1.5581e-04 | LR=4.3e-04
Epoch  57/100 | Steps:  57000 | α=1e-01 | Loss: 1.7195e-03 | BC: 8.7932e-05 | PDE: 1.6316e-02 | Val: 9.4968e-05 | Test: 1.3123e-04 | LR=4.1e-04
Epoch  58/100 | Steps:  58000 | α=1e-01 | Loss: 1.4578e-03 | BC: 6.5512e-05 | PDE: 1.3923e-02 | Val: 9.6108e-05 | Test: 1.2626e-04 | LR=4.0e-04
Epoch  59/100 | Steps:  59000 | α=1e-01 | Loss: 1.4835e-03 | BC: 6.8514e-05 | PDE: 1.4149e-02 | Val: 5.5196e-05 | Test: 1.0246e-04 | LR=3.8e-04
Epoch  60/100 | Steps:  60000 | α=1e-01 | Loss: 1.4077e-03 | BC: 6.4193e-05 | PDE: 1.3435e-02 | Val: 5.2628e-05 | Test: 1.0077e-04 | LR=3.7e-04
Epoch  61/100 | Steps:  61000 | α=1e-01 | Loss: 1.2237e-03 | BC: 5.1490e-05 | PDE: 1.1722e-02 | Val: 4.4667e-05 | Test: 9.6869e-05 | LR=3.5e-04
Epoch  62/100 | Steps:  62000 | α=1e-01 | Loss: 1.1349e-03 | BC: 4.6415e-05 | PDE: 1.0885e-02 | Val: 4.1501e-05 | Test: 9.1758e-05 | LR=3.4e-04
Epoch  63/100 | Steps:  63000 | α=1e-01 | Loss: 1.0633e-03 | BC: 4.2476e-05 | PDE: 1.0209e-02 | Val: 4.1716e-05 | Test: 9.3477e-05 | LR=3.2e-04
Epoch  64/100 | Steps:  64000 | α=1e-01 | Loss: 9.6957e-04 | BC: 3.8587e-05 | PDE: 9.3098e-03 | Val: 3.3528e-05 | Test: 8.6717e-05 | LR=3.1e-04
Epoch  65/100 | Steps:  65000 | α=1e-01 | Loss: 8.9400e-04 | BC: 3.5695e-05 | PDE: 8.5831e-03 | Val: 3.2860e-05 | Test: 8.6616e-05 | LR=2.9e-04
Epoch  66/100 | Steps:  66000 | α=1e-01 | Loss: 8.1634e-04 | BC: 3.1821e-05 | PDE: 7.8452e-03 | Val: 2.9241e-05 | Test: 8.1997e-05 | LR=2.8e-04
Epoch  67/100 | Steps:  67000 | α=1e-01 | Loss: 7.4594e-04 | BC: 2.9597e-05 | PDE: 7.1635e-03 | Val: 2.8798e-05 | Test: 8.4756e-05 | LR=2.7e-04
Epoch  68/100 | Steps:  68000 | α=1e-01 | Loss: 6.8844e-04 | BC: 2.6823e-05 | PDE: 6.6162e-03 | Val: 3.3126e-05 | Test: 9.0137e-05 | LR=2.5e-04
Epoch  69/100 | Steps:  69000 | α=1e-01 | Loss: 6.3830e-04 | BC: 2.5139e-05 | PDE: 6.1316e-03 | Val: 2.2326e-05 | Test: 7.6491e-05 | LR=2.4e-04
Epoch  70/100 | Steps:  70000 | α=1e-01 | Loss: 5.0004e-04 | BC: 2.1755e-05 | PDE: 4.7828e-03 | Val: 2.5028e-05 | Test: 8.0939e-05 | LR=2.3e-04
Epoch  71/100 | Steps:  71000 | α=1e-01 | Loss: 4.7259e-04 | BC: 2.0859e-05 | PDE: 4.5173e-03 | Val: 2.1352e-05 | Test: 7.6943e-05 | LR=2.1e-04
Epoch  72/100 | Steps:  72000 | α=1e-01 | Loss: 4.1871e-04 | BC: 1.9670e-05 | PDE: 3.9904e-03 | Val: 2.2561e-05 | Test: 7.9754e-05 | LR=2.0e-04
Epoch  73/100 | Steps:  73000 | α=1e-01 | Loss: 3.4853e-04 | BC: 1.8197e-05 | PDE: 3.3033e-03 | Val: 1.6959e-05 | Test: 7.1168e-05 | LR=1.9e-04
Epoch  74/100 | Steps:  74000 | α=1e-01 | Loss: 2.8377e-04 | BC: 1.6968e-05 | PDE: 2.6680e-03 | Val: 2.0173e-05 | Test: 7.9057e-05 | LR=1.8e-04
Epoch  75/100 | Steps:  75000 | α=1e-01 | Loss: 3.8055e-04 | BC: 1.8343e-05 | PDE: 3.6221e-03 | Val: 1.7236e-05 | Test: 7.1440e-05 | LR=1.7e-04
Epoch  76/100 | Steps:  76000 | α=1e-01 | Loss: 2.8371e-04 | BC: 1.6783e-05 | PDE: 2.6693e-03 | Val: 1.5519e-05 | Test: 6.8944e-05 | LR=1.5e-04
Epoch  77/100 | Steps:  77000 | α=1e-01 | Loss: 2.3526e-04 | BC: 1.6081e-05 | PDE: 2.1918e-03 | Val: 1.7335e-05 | Test: 7.5468e-05 | LR=1.4e-04
Epoch  78/100 | Steps:  78000 | α=1e-01 | Loss: 1.9381e-04 | BC: 1.5546e-05 | PDE: 1.7827e-03 | Val: 1.9038e-05 | Test: 7.9227e-05 | LR=1.3e-04
Epoch  79/100 | Steps:  79000 | α=1e-01 | Loss: 2.0151e-04 | BC: 1.5557e-05 | PDE: 1.8595e-03 | Val: 1.5101e-05 | Test: 7.0967e-05 | LR=1.2e-04
Epoch  80/100 | Steps:  80000 | α=1e-01 | Loss: 1.5277e-04 | BC: 1.4838e-05 | PDE: 1.3793e-03 | Val: 1.7262e-05 | Test: 7.4101e-05 | LR=1.1e-04
Epoch  81/100 | Steps:  81000 | α=1e-01 | Loss: 1.4045e-04 | BC: 1.4715e-05 | PDE: 1.2574e-03 | Val: 1.5261e-05 | Test: 7.2474e-05 | LR=1.0e-04
Epoch  82/100 | Steps:  82000 | α=1e-01 | Loss: 1.3293e-04 | BC: 1.4655e-05 | PDE: 1.1828e-03 | Val: 1.4808e-05 | Test: 7.1803e-05 | LR=9.6e-05
Epoch  83/100 | Steps:  83000 | α=1e-01 | Loss: 1.2870e-04 | BC: 1.4680e-05 | PDE: 1.1402e-03 | Val: 1.4773e-05 | Test: 7.1449e-05 | LR=8.7e-05
Epoch  84/100 | Steps:  84000 | α=1e-01 | Loss: 1.2401e-04 | BC: 1.4575e-05 | PDE: 1.0944e-03 | Val: 1.4867e-05 | Test: 7.1652e-05 | LR=7.9e-05
Epoch  85/100 | Steps:  85000 | α=1e-01 | Loss: 1.1526e-04 | BC: 1.4542e-05 | PDE: 1.0072e-03 | Val: 1.4610e-05 | Test: 7.1433e-05 | LR=7.1e-05
Epoch  86/100 | Steps:  86000 | α=1e-01 | Loss: 1.1368e-04 | BC: 1.4515e-05 | PDE: 9.9168e-04 | Val: 1.4733e-05 | Test: 7.1485e-05 | LR=6.4e-05

Both thresholds reached -- BC (val): 1.4733e-05 < 1.0000e-04, PDE: 9.9168e-04 < 1.0000e-03

Restored best model from epoch 34 (val_loss: 1.1840e-05, test_loss: 6.6943e-05)
Best checkpoint saved to: outputs/expr_7_2_iter/p2to20_square/fix_alpha_1e-2/checkpoints/best_model.pt
Final checkpoint saved to: outputs/expr_7_2_iter/p2to20_square/fix_alpha_1e-2/checkpoints/final_model.pt
Training completed in 823.44s (86,000 total steps)
  Stage 10 (p=15) PDE diagnostics:
    p-Lap (p=15) raw:        3.9564e+02
    p-Lap (p=15) normalized: 1.5483e-02
    Inf-Lap raw:              6.0605e-02
    Inf-Lap normalized:       6.4288e-02

============================================================
Stage 11/11: Training with p=20
============================================================

Training configuration:
  Boundary points (train): 32,000 -> 80 batches of 400
  Interior points (train): 1,000,000 -> 1000 batches of 1000
  Interior sampling: RE-SAMPLE each epoch
  Boundary points (val): 8,000
  Validation loss: BC only
  Steps per epoch: 1,000
  Total steps: 100,000
  Epochs: 100
  Loss balancing: AlphaPlateauScheduler
  LR scheduler: cosine (LR: 1.0e-03 -> 1.0e-05)

Epoch   1/100 | Steps:   1000 | α=1e-05 | Loss: 8.0311e-05 | BC: 7.8972e-05 | PDE: 1.3391e-01 | Val: 1.6908e-06 | Test: 2.6829e-05 | LR=1.0e-03 *
Epoch   2/100 | Steps:   2000 | α=1e-05 | Loss: 1.3410e-05 | BC: 1.2881e-05 | PDE: 5.2890e-02 | Val: 1.5466e-06 | Test: 2.5289e-05 | LR=1.0e-03 *
Epoch   3/100 | Steps:   3000 | α=1e-05 | Loss: 2.4072e-05 | BC: 2.3549e-05 | PDE: 5.2265e-02 | Val: 7.6774e-07 | Test: 2.2902e-05 | LR=1.0e-03 *
Epoch   4/100 | Steps:   4000 | α=1e-05 | Loss: 1.2632e-05 | BC: 1.2247e-05 | PDE: 3.8527e-02 | Val: 1.2533e-05 | Test: 3.2504e-05 | LR=1.0e-03
Epoch   5/100 | Steps:   5000 | α=1e-05 | Loss: 2.2619e-05 | BC: 2.2119e-05 | PDE: 5.0004e-02 | Val: 1.1680e-06 | Test: 2.3137e-05 | LR=1.0e-03
Epoch   6/100 | Steps:   6000 | α=1e-05 | Loss: 1.2305e-05 | BC: 1.1950e-05 | PDE: 3.5550e-02 | Val: 5.0390e-05 | Test: 6.2514e-05 | LR=9.9e-04

>>> Alpha increased: 1e-05 → 1e-04 (BC=1.9058e-05) <<<
Epoch   7/100 | Steps:   7000 | α=1e-04 | Loss: 1.9465e-05 | BC: 1.9058e-05 | PDE: 4.0739e-02 | Val: 4.1557e-07 | Test: 2.1094e-05 | LR=9.9e-04 *
Epoch   8/100 | Steps:   8000 | α=1e-04 | Loss: 1.6493e-05 | BC: 1.2538e-05 | PDE: 3.9548e-02 | Val: 2.0916e-05 | Test: 4.5274e-05 | LR=9.9e-04
Epoch   9/100 | Steps:   9000 | α=1e-04 | Loss: 1.9125e-05 | BC: 1.5780e-05 | PDE: 3.3447e-02 | Val: 6.1185e-07 | Test: 2.4332e-05 | LR=9.8e-04
Epoch  10/100 | Steps:  10000 | α=1e-04 | Loss: 1.5347e-05 | BC: 1.2607e-05 | PDE: 2.7398e-02 | Val: 6.2505e-06 | Test: 2.6271e-05 | LR=9.8e-04
Epoch  11/100 | Steps:  11000 | α=1e-04 | Loss: 2.9158e-05 | BC: 2.5025e-05 | PDE: 4.1335e-02 | Val: 3.8545e-07 | Test: 2.3924e-05 | LR=9.8e-04 *
Epoch  12/100 | Steps:  12000 | α=1e-04 | Loss: 9.0733e-06 | BC: 6.9452e-06 | PDE: 2.1281e-02 | Val: 1.8449e-06 | Test: 2.5994e-05 | LR=9.7e-04
Epoch  13/100 | Steps:  13000 | α=1e-04 | Loss: 1.2610e-05 | BC: 1.0016e-05 | PDE: 2.5936e-02 | Val: 1.3928e-06 | Test: 2.3063e-05 | LR=9.7e-04
Epoch  14/100 | Steps:  14000 | α=1e-04 | Loss: 2.0757e-05 | BC: 1.7028e-05 | PDE: 3.7298e-02 | Val: 4.3743e-07 | Test: 2.3265e-05 | LR=9.6e-04
Epoch  15/100 | Steps:  15000 | α=1e-04 | Loss: 1.2086e-05 | BC: 9.2696e-06 | PDE: 2.8168e-02 | Val: 4.8544e-06 | Test: 2.7076e-05 | LR=9.5e-04
Epoch  16/100 | Steps:  16000 | α=1e-04 | Loss: 1.4852e-05 | BC: 1.1587e-05 | PDE: 3.2653e-02 | Val: 8.1066e-07 | Test: 2.4289e-05 | LR=9.5e-04

>>> Alpha increased: 1e-04 → 1e-03 (BC=1.0825e-05) <<<
Epoch  17/100 | Steps:  17000 | α=1e-03 | Loss: 1.3900e-05 | BC: 1.0825e-05 | PDE: 3.0751e-02 | Val: 1.2720e-05 | Test: 3.3153e-05 | LR=9.4e-04 *
Epoch  18/100 | Steps:  18000 | α=1e-03 | Loss: 1.2286e-03 | BC: 5.0082e-04 | PDE: 7.2781e-01 | Val: 7.8224e-06 | Test: 4.1376e-05 | LR=9.3e-04 *
Epoch  19/100 | Steps:  19000 | α=1e-03 | Loss: 7.1959e-05 | BC: 6.4106e-06 | PDE: 6.5549e-02 | Val: 6.3925e-06 | Test: 3.6853e-05 | LR=9.2e-04 *
Epoch  20/100 | Steps:  20000 | α=1e-03 | Loss: 7.9811e-05 | BC: 7.4823e-06 | PDE: 7.2328e-02 | Val: 5.3785e-06 | Test: 3.5767e-05 | LR=9.1e-04 *
Epoch  21/100 | Steps:  21000 | α=1e-03 | Loss: 6.8114e-05 | BC: 7.3041e-06 | PDE: 6.0809e-02 | Val: 2.1373e-05 | Test: 4.7684e-05 | LR=9.1e-04
Epoch  22/100 | Steps:  22000 | α=1e-03 | Loss: 7.7437e-05 | BC: 8.0641e-06 | PDE: 6.9373e-02 | Val: 5.5762e-06 | Test: 3.7257e-05 | LR=9.0e-04
Epoch  23/100 | Steps:  23000 | α=1e-03 | Loss: 5.6429e-05 | BC: 6.9944e-06 | PDE: 4.9434e-02 | Val: 1.5602e-05 | Test: 4.3553e-05 | LR=8.9e-04
Epoch  24/100 | Steps:  24000 | α=1e-03 | Loss: 6.6659e-05 | BC: 7.4373e-06 | PDE: 5.9222e-02 | Val: 3.9184e-06 | Test: 3.6117e-05 | LR=8.8e-04 *

>>> Alpha increased: 1e-03 → 1e-02 (BC=6.9343e-06) <<<
Epoch  25/100 | Steps:  25000 | α=1e-02 | Loss: 5.9516e-05 | BC: 6.9343e-06 | PDE: 5.2582e-02 | Val: 4.8354e-06 | Test: 3.7564e-05 | LR=8.7e-04 *
Epoch  26/100 | Steps:  26000 | α=1e-02 | Loss: 6.3774e-03 | BC: 1.3698e-03 | PDE: 5.0076e-01 | Val: 8.8097e-05 | Test: 8.9246e-05 | LR=8.6e-04
Epoch  27/100 | Steps:  27000 | α=1e-02 | Loss: 9.7399e-04 | BC: 7.3676e-05 | PDE: 9.0031e-02 | Val: 1.2967e-05 | Test: 4.0546e-05 | LR=8.4e-04
Epoch  28/100 | Steps:  28000 | α=1e-02 | Loss: 6.2813e-04 | BC: 3.2812e-05 | PDE: 5.9532e-02 | Val: 1.7463e-05 | Test: 4.5686e-05 | LR=8.3e-04
Epoch  29/100 | Steps:  29000 | α=1e-02 | Loss: 4.4073e-04 | BC: 1.9617e-05 | PDE: 4.2111e-02 | Val: 1.1630e-05 | Test: 3.9599e-05 | LR=8.2e-04
Epoch  30/100 | Steps:  30000 | α=1e-02 | Loss: 8.2715e-04 | BC: 4.5789e-05 | PDE: 7.8136e-02 | Val: 2.0725e-05 | Test: 4.6429e-05 | LR=8.1e-04
Epoch  31/100 | Steps:  31000 | α=1e-02 | Loss: 1.0146e-03 | BC: 5.6328e-05 | PDE: 9.5829e-02 | Val: 1.6566e-05 | Test: 4.0465e-05 | LR=8.0e-04
Epoch  32/100 | Steps:  32000 | α=1e-02 | Loss: 3.1767e-04 | BC: 1.6028e-05 | PDE: 3.0164e-02 | Val: 1.2079e-05 | Test: 4.1719e-05 | LR=7.8e-04
Epoch  33/100 | Steps:  33000 | α=1e-02 | Loss: 3.8570e-04 | BC: 1.7136e-05 | PDE: 3.6856e-02 | Val: 1.0197e-05 | Test: 4.1928e-05 | LR=7.7e-04
Epoch  34/100 | Steps:  34000 | α=1e-02 | Loss: 3.4625e-04 | BC: 1.5535e-05 | PDE: 3.3071e-02 | Val: 1.5664e-05 | Test: 4.4006e-05 | LR=7.6e-04
Epoch  35/100 | Steps:  35000 | α=1e-02 | Loss: 6.3010e-04 | BC: 4.0212e-05 | PDE: 5.8988e-02 | Val: 9.7202e-06 | Test: 3.8967e-05 | LR=7.4e-04
Epoch  36/100 | Steps:  36000 | α=1e-02 | Loss: 3.9109e-04 | BC: 1.9239e-05 | PDE: 3.7185e-02 | Val: 9.0097e-06 | Test: 3.8853e-05 | LR=7.3e-04
Epoch  37/100 | Steps:  37000 | α=1e-02 | Loss: 4.8831e-04 | BC: 2.9234e-05 | PDE: 4.5907e-02 | Val: 8.9859e-06 | Test: 4.0259e-05 | LR=7.2e-04
Epoch  38/100 | Steps:  38000 | α=1e-02 | Loss: 7.0020e-04 | BC: 3.8910e-05 | PDE: 6.6129e-02 | Val: 7.4477e-06 | Test: 3.3810e-05 | LR=7.0e-04

>>> Alpha increased: 1e-02 → 1e-01 (BC=1.3821e-05) <<<
Epoch  39/100 | Steps:  39000 | α=1e-01 | Loss: 2.5518e-04 | BC: 1.3821e-05 | PDE: 2.4136e-02 | Val: 1.6673e-05 | Test: 4.6745e-05 | LR=6.9e-04 *
Epoch  40/100 | Steps:  40000 | α=1e-01 | Loss: 1.1745e-02 | BC: 2.2017e-03 | PDE: 9.5430e-02 | Val: 1.1158e-03 | Test: 6.2883e-04 | LR=6.7e-04
Epoch  41/100 | Steps:  41000 | α=1e-01 | Loss: 7.0905e-03 | BC: 9.9854e-04 | PDE: 6.0919e-02 | Val: 7.4131e-04 | Test: 4.3378e-04 | LR=6.6e-04
Epoch  42/100 | Steps:  42000 | α=1e-01 | Loss: 5.9703e-03 | BC: 7.3260e-04 | PDE: 5.2377e-02 | Val: 7.1130e-04 | Test: 4.1938e-04 | LR=6.4e-04
Epoch  43/100 | Steps:  43000 | α=1e-01 | Loss: 6.0818e-03 | BC: 7.8282e-04 | PDE: 5.2990e-02 | Val: 5.0331e-04 | Test: 3.0883e-04 | LR=6.3e-04
Epoch  44/100 | Steps:  44000 | α=1e-01 | Loss: 5.2384e-03 | BC: 5.9250e-04 | PDE: 4.6459e-02 | Val: 7.4602e-04 | Test: 4.4094e-04 | LR=6.1e-04
Epoch  45/100 | Steps:  45000 | α=1e-01 | Loss: 5.3517e-03 | BC: 6.1239e-04 | PDE: 4.7393e-02 | Val: 4.8297e-04 | Test: 3.1379e-04 | LR=6.0e-04
Epoch  46/100 | Steps:  46000 | α=1e-01 | Loss: 4.9389e-03 | BC: 5.4175e-04 | PDE: 4.3972e-02 | Val: 4.1467e-04 | Test: 2.7131e-04 | LR=5.8e-04
Epoch  47/100 | Steps:  47000 | α=1e-01 | Loss: 4.6081e-03 | BC: 4.5575e-04 | PDE: 4.1524e-02 | Val: 5.5473e-04 | Test: 3.4486e-04 | LR=5.7e-04
Epoch  48/100 | Steps:  48000 | α=1e-01 | Loss: 4.4002e-03 | BC: 4.4322e-04 | PDE: 3.9570e-02 | Val: 3.3604e-04 | Test: 2.3263e-04 | LR=5.5e-04
Epoch  49/100 | Steps:  49000 | α=1e-01 | Loss: 4.4504e-03 | BC: 4.4508e-04 | PDE: 4.0053e-02 | Val: 3.9118e-04 | Test: 2.5246e-04 | LR=5.4e-04
Epoch  50/100 | Steps:  50000 | α=1e-01 | Loss: 3.8736e-03 | BC: 3.4275e-04 | PDE: 3.5308e-02 | Val: 4.0076e-04 | Test: 2.6395e-04 | LR=5.2e-04
Epoch  51/100 | Steps:  51000 | α=1e-01 | Loss: 3.7269e-03 | BC: 3.2166e-04 | PDE: 3.4053e-02 | Val: 4.4124e-04 | Test: 2.8527e-04 | LR=5.1e-04
Epoch  52/100 | Steps:  52000 | α=1e-01 | Loss: 3.7916e-03 | BC: 3.2069e-04 | PDE: 3.4709e-02 | Val: 3.7300e-04 | Test: 2.5399e-04 | LR=4.9e-04
Epoch  53/100 | Steps:  53000 | α=1e-01 | Loss: 3.1695e-03 | BC: 2.4905e-04 | PDE: 2.9205e-02 | Val: 2.1481e-04 | Test: 1.6786e-04 | LR=4.7e-04
Epoch  54/100 | Steps:  54000 | α=1e-01 | Loss: 3.2260e-03 | BC: 2.4717e-04 | PDE: 2.9788e-02 | Val: 3.0067e-04 | Test: 2.1122e-04 | LR=4.6e-04
Epoch  55/100 | Steps:  55000 | α=1e-01 | Loss: 3.0269e-03 | BC: 2.2411e-04 | PDE: 2.8028e-02 | Val: 1.5470e-04 | Test: 1.3117e-04 | LR=4.4e-04
Epoch  56/100 | Steps:  56000 | α=1e-01 | Loss: 2.7804e-03 | BC: 1.8889e-04 | PDE: 2.5915e-02 | Val: 1.6208e-04 | Test: 1.3164e-04 | LR=4.3e-04
Epoch  57/100 | Steps:  57000 | α=1e-01 | Loss: 2.5298e-03 | BC: 1.6390e-04 | PDE: 2.3659e-02 | Val: 1.6740e-04 | Test: 1.3498e-04 | LR=4.1e-04
Epoch  58/100 | Steps:  58000 | α=1e-01 | Loss: 2.5337e-03 | BC: 1.6612e-04 | PDE: 2.3675e-02 | Val: 2.1354e-04 | Test: 1.6171e-04 | LR=4.0e-04
Epoch  59/100 | Steps:  59000 | α=1e-01 | Loss: 2.3388e-03 | BC: 1.4541e-04 | PDE: 2.1934e-02 | Val: 1.9520e-04 | Test: 1.5232e-04 | LR=3.8e-04
Epoch  60/100 | Steps:  60000 | α=1e-01 | Loss: 2.2135e-03 | BC: 1.2830e-04 | PDE: 2.0852e-02 | Val: 1.5298e-04 | Test: 1.3123e-04 | LR=3.7e-04
Epoch  61/100 | Steps:  61000 | α=1e-01 | Loss: 1.9702e-03 | BC: 1.0973e-04 | PDE: 1.8605e-02 | Val: 1.4866e-04 | Test: 1.2918e-04 | LR=3.5e-04
Epoch  62/100 | Steps:  62000 | α=1e-01 | Loss: 1.7620e-03 | BC: 9.0112e-05 | PDE: 1.6718e-02 | Val: 8.5268e-05 | Test: 9.1610e-05 | LR=3.4e-04
Epoch  63/100 | Steps:  63000 | α=1e-01 | Loss: 1.6888e-03 | BC: 8.5128e-05 | PDE: 1.6037e-02 | Val: 7.3224e-05 | Test: 8.4203e-05 | LR=3.2e-04
Epoch  64/100 | Steps:  64000 | α=1e-01 | Loss: 1.5502e-03 | BC: 7.3388e-05 | PDE: 1.4768e-02 | Val: 7.8732e-05 | Test: 8.7287e-05 | LR=3.1e-04
Epoch  65/100 | Steps:  65000 | α=1e-01 | Loss: 1.5814e-03 | BC: 7.6106e-05 | PDE: 1.5053e-02 | Val: 8.7076e-05 | Test: 9.4823e-05 | LR=2.9e-04
Epoch  66/100 | Steps:  66000 | α=1e-01 | Loss: 1.3510e-03 | BC: 5.9792e-05 | PDE: 1.2912e-02 | Val: 4.5198e-05 | Test: 6.6125e-05 | LR=2.8e-04
Epoch  67/100 | Steps:  67000 | α=1e-01 | Loss: 1.2332e-03 | BC: 5.0753e-05 | PDE: 1.1824e-02 | Val: 4.1021e-05 | Test: 6.5921e-05 | LR=2.7e-04
Epoch  68/100 | Steps:  68000 | α=1e-01 | Loss: 1.1441e-03 | BC: 4.6533e-05 | PDE: 1.0976e-02 | Val: 3.4616e-05 | Test: 5.8995e-05 | LR=2.5e-04
Epoch  69/100 | Steps:  69000 | α=1e-01 | Loss: 1.0653e-03 | BC: 4.2367e-05 | PDE: 1.0230e-02 | Val: 4.1541e-05 | Test: 6.4847e-05 | LR=2.4e-04
Epoch  70/100 | Steps:  70000 | α=1e-01 | Loss: 9.8873e-04 | BC: 3.7261e-05 | PDE: 9.5147e-03 | Val: 3.6822e-05 | Test: 6.2308e-05 | LR=2.3e-04
Epoch  71/100 | Steps:  71000 | α=1e-01 | Loss: 8.8267e-04 | BC: 3.2328e-05 | PDE: 8.5034e-03 | Val: 4.1391e-05 | Test: 6.7257e-05 | LR=2.1e-04
Epoch  72/100 | Steps:  72000 | α=1e-01 | Loss: 8.3554e-04 | BC: 3.0307e-05 | PDE: 8.0523e-03 | Val: 3.9268e-05 | Test: 6.5230e-05 | LR=2.0e-04
Epoch  73/100 | Steps:  73000 | α=1e-01 | Loss: 7.4949e-04 | BC: 2.7630e-05 | PDE: 7.2186e-03 | Val: 2.3791e-05 | Test: 5.4214e-05 | LR=1.9e-04
Epoch  74/100 | Steps:  74000 | α=1e-01 | Loss: 6.6698e-04 | BC: 2.4024e-05 | PDE: 6.4295e-03 | Val: 2.4393e-05 | Test: 5.4217e-05 | LR=1.8e-04
Epoch  75/100 | Steps:  75000 | α=1e-01 | Loss: 6.1961e-04 | BC: 2.2286e-05 | PDE: 5.9733e-03 | Val: 2.2359e-05 | Test: 5.1352e-05 | LR=1.7e-04
Epoch  76/100 | Steps:  76000 | α=1e-01 | Loss: 5.3723e-04 | BC: 1.9791e-05 | PDE: 5.1744e-03 | Val: 2.0680e-05 | Test: 5.1445e-05 | LR=1.5e-04
Epoch  77/100 | Steps:  77000 | α=1e-01 | Loss: 5.1066e-04 | BC: 1.8751e-05 | PDE: 4.9191e-03 | Val: 1.8463e-05 | Test: 4.9812e-05 | LR=1.4e-04
Epoch  78/100 | Steps:  78000 | α=1e-01 | Loss: 4.5993e-04 | BC: 1.7163e-05 | PDE: 4.4277e-03 | Val: 1.5874e-05 | Test: 4.6871e-05 | LR=1.3e-04 *
Epoch  79/100 | Steps:  79000 | α=1e-01 | Loss: 4.2519e-04 | BC: 1.6239e-05 | PDE: 4.0895e-03 | Val: 1.4396e-05 | Test: 4.6150e-05 | LR=1.2e-04 *
Epoch  80/100 | Steps:  80000 | α=1e-01 | Loss: 3.6937e-04 | BC: 1.5039e-05 | PDE: 3.5433e-03 | Val: 1.3336e-05 | Test: 4.4555e-05 | LR=1.1e-04 *
Epoch  81/100 | Steps:  81000 | α=1e-01 | Loss: 3.1856e-04 | BC: 1.4258e-05 | PDE: 3.0431e-03 | Val: 1.6152e-05 | Test: 4.6971e-05 | LR=1.0e-04
Epoch  82/100 | Steps:  82000 | α=1e-01 | Loss: 3.0033e-04 | BC: 1.3403e-05 | PDE: 2.8693e-03 | Val: 1.3742e-05 | Test: 4.5807e-05 | LR=9.6e-05
Epoch  83/100 | Steps:  83000 | α=1e-01 | Loss: 2.5054e-04 | BC: 1.2676e-05 | PDE: 2.3786e-03 | Val: 1.2801e-05 | Test: 4.5317e-05 | LR=8.7e-05 *
Epoch  84/100 | Steps:  84000 | α=1e-01 | Loss: 2.5576e-04 | BC: 1.2621e-05 | PDE: 2.4314e-03 | Val: 1.1832e-05 | Test: 4.3229e-05 | LR=7.9e-05 *
Epoch  85/100 | Steps:  85000 | α=1e-01 | Loss: 2.2898e-04 | BC: 1.1961e-05 | PDE: 2.1702e-03 | Val: 1.5164e-05 | Test: 4.6877e-05 | LR=7.1e-05
Epoch  86/100 | Steps:  86000 | α=1e-01 | Loss: 2.1289e-04 | BC: 1.1976e-05 | PDE: 2.0091e-03 | Val: 1.0909e-05 | Test: 4.3155e-05 | LR=6.4e-05 *
Epoch  87/100 | Steps:  87000 | α=1e-01 | Loss: 2.0220e-04 | BC: 1.1291e-05 | PDE: 1.9091e-03 | Val: 1.1938e-05 | Test: 4.4235e-05 | LR=5.7e-05
Epoch  88/100 | Steps:  88000 | α=1e-01 | Loss: 1.9220e-04 | BC: 1.1218e-05 | PDE: 1.8098e-03 | Val: 1.1757e-05 | Test: 4.3713e-05 | LR=5.1e-05
Epoch  89/100 | Steps:  89000 | α=1e-01 | Loss: 1.8878e-04 | BC: 1.0959e-05 | PDE: 1.7782e-03 | Val: 1.0826e-05 | Test: 4.3699e-05 | LR=4.5e-05 *
Epoch  90/100 | Steps:  90000 | α=1e-01 | Loss: 1.7754e-04 | BC: 1.0721e-05 | PDE: 1.6682e-03 | Val: 1.2138e-05 | Test: 4.4605e-05 | LR=3.9e-05
Epoch  91/100 | Steps:  91000 | α=1e-01 | Loss: 1.7174e-04 | BC: 1.0598e-05 | PDE: 1.6114e-03 | Val: 1.0660e-05 | Test: 4.2735e-05 | LR=3.4e-05 *
Epoch  92/100 | Steps:  92000 | α=1e-01 | Loss: 1.6438e-04 | BC: 1.0397e-05 | PDE: 1.5398e-03 | Val: 1.0909e-05 | Test: 4.4000e-05 | LR=3.0e-05
Epoch  93/100 | Steps:  93000 | α=1e-01 | Loss: 1.6277e-04 | BC: 1.0404e-05 | PDE: 1.5237e-03 | Val: 1.0544e-05 | Test: 4.2797e-05 | LR=2.6e-05 *
Epoch  94/100 | Steps:  94000 | α=1e-01 | Loss: 1.5683e-04 | BC: 1.0198e-05 | PDE: 1.4663e-03 | Val: 1.0844e-05 | Test: 4.3565e-05 | LR=2.2e-05
Epoch  95/100 | Steps:  95000 | α=1e-01 | Loss: 1.5562e-04 | BC: 1.0073e-05 | PDE: 1.4554e-03 | Val: 1.0567e-05 | Test: 4.3398e-05 | LR=1.9e-05
Epoch  96/100 | Steps:  96000 | α=1e-01 | Loss: 1.5218e-04 | BC: 1.0034e-05 | PDE: 1.4215e-03 | Val: 1.0121e-05 | Test: 4.3073e-05 | LR=1.6e-05 *
Epoch  97/100 | Steps:  97000 | α=1e-01 | Loss: 1.5013e-04 | BC: 1.0038e-05 | PDE: 1.4009e-03 | Val: 1.0681e-05 | Test: 4.3821e-05 | LR=1.4e-05
Epoch  98/100 | Steps:  98000 | α=1e-01 | Loss: 1.4837e-04 | BC: 9.9666e-06 | PDE: 1.3840e-03 | Val: 1.0335e-05 | Test: 4.3391e-05 | LR=1.2e-05
Epoch  99/100 | Steps:  99000 | α=1e-01 | Loss: 1.4566e-04 | BC: 9.8698e-06 | PDE: 1.3579e-03 | Val: 1.0178e-05 | Test: 4.3284e-05 | LR=1.1e-05
Epoch 100/100 | Steps: 100000 | α=1e-01 | Loss: 1.4407e-04 | BC: 9.8512e-06 | PDE: 1.3422e-03 | Val: 1.0193e-05 | Test: 4.3255e-05 | LR=1.0e-05

Restored best model from epoch 96 (val_loss: 1.0121e-05, test_loss: 4.3073e-05)
Best checkpoint saved to: outputs/expr_7_2_iter/p2to20_square/fix_alpha_1e-2/checkpoints/best_model.pt
Final checkpoint saved to: outputs/expr_7_2_iter/p2to20_square/fix_alpha_1e-2/checkpoints/final_model.pt
Training completed in 929.62s (100,000 total steps)
  Stage 11 (p=20) PDE diagnostics:
    p-Lap (p=20) raw:        7.6885e+03
    p-Lap (p=20) normalized: 1.2294e-02
    Inf-Lap raw:              3.7308e-02
    Inf-Lap normalized:       4.4796e-02

Iterative training completed in 7372.71s
Total epochs: 789

Final Test MSE: 4.3255e-05
Inference (per point): 7.7534e-05s | (full domain): 7.7367e-05s
p-Lap (p=20) PDE test (raw):        7.6885e+03
p-Lap (p=20) PDE test (normalized): 1.2294e-02
Inf-Lap PDE test (raw):                    3.7308e-02
Inf-Lap PDE test (normalized):             4.4796e-02
Saved .npz files to outputs/expr_7_2_iter/p2to20_square/fix_alpha_1e-2/npy/
Saved plot to outputs/expr_7_2_iter/p2to20_square/fix_alpha_1e-2/plots/results.png
