$MeshFormat
2.2 0 8
$EndMeshFormat
$Nodes
2275
1 1 0 0
2 0.9953839685958787 0.04798633936423669 0
3 0.9820451424302378 0.09432303301576707 0
4 0.9614211391448634 0.1375403515385515 0
5 0.934914210357758 0.1774369037652045 0
6 0.9047733050916271 0.2129467459211184 0
7 0.8713166805143608 0.2453605725546768 0
8 0.8353759955142674 0.2748394741110466 0
9 0.7974362030771679 0.3017016332495857 0
10 0.7551850651167964 0.3277558227646535 0
11 0.7115052905605022 0.351340369693128 0
12 0.6667081647587133 0.3726594366992698 0
13 0.6209837487908539 0.3919117195675761 0
14 0.5752415875892566 0.4089917835078694 0
15 0.528890767335773 0.4243449529059398 0
16 0.4820416596068786 0.438074148519245 0
17 0.4347701138478973 0.4502707374748792 0
18 0.3907454923968508 0.460249378101574 0
19 0.3464664734457482 0.4690311777425 0
20 0.3019762017719865 0.4766577319113172 0
21 0.2573083688096649 0.4831646725859905 0
22 0.2110254616585418 0.4887402823923457 0
23 0.1646196262342749 0.4931785626572002 0
24 0.1181213957687354 0.4964995810324632 0
25 0.07155751805843541 0.4987182374871899 0
26 0.02165932220806775 0.4998827046821802 0
27 -0.02825239778041488 0.4998004106690133 0
28 -0.07814666756092836 0.4984709365522532 0
29 -0.1279917255589844 0.495887617860245 0
30 -0.1786665524194243 0.4919548411812199 0
31 -0.2292200070264804 0.4866873196362271 0
32 -0.2796146885230569 0.4800561493102015 0
33 -0.3298051062886121 0.4720245205140188 0
34 -0.3775220816131225 0.4630002910081415 0
35 -0.4249593547090337 0.4526062159441918 0
36 -0.4720651212793607 0.4407818398231438 0
37 -0.5187684818523457 0.4274573844948209 0
38 -0.5617292578581926 0.4136605615918939 0
39 -0.6041979600393727 0.3984171259761121 0
40 -0.6460905923210426 0.3816303664916631 0
41 -0.6872835916465306 0.3631945982023428 0
42 -0.7289658632432851 0.3422750247337557 0
43 -0.7695472909643317 0.3192949134301462 0
44 -0.8087986357688736 0.294042839896846 0
45 -0.8463425353805214 0.266319503982374 0
46 -0.8853136471189378 0.232497175372608 0
47 -0.9207869667749193 0.1950329214629184 0
48 -0.9517558021983519 0.1534282348377994 0
49 -0.9764622194781074 0.1078442556790675 0
50 -0.9929521436753257 0.05925799602284763 0
51 -0.9998577826833044 0.008432295174299526 0
52 -0.9963301515651645 -0.04279669695822462 0
53 -0.9827970463963124 -0.09234441725773762 0
54 -0.9594099777621725 -0.1410075304464158 0
55 -0.9286878128898364 -0.185431217834196 0
56 -0.8927468167407521 -0.2252793383775208 0
57 -0.8527968624587574 -0.261121385269619 0
58 -0.814127571941009 -0.2903430284187297 0
59 -0.7735553866920092 -0.3168643494146099 0
60 -0.7315195176097876 -0.3409102504164195 0
61 -0.688280811215133 -0.3627221818806504 0
62 -0.6455034811699986 -0.3818786639095635 0
63 -0.6019732416080174 -0.399258129656722 0
64 -0.5578279420886899 -0.4149783087780304 0
65 -0.5131599805888306 -0.4291464884867611 0
66 -0.4667419947267248 -0.4421967634318794 0
67 -0.4199353744654527 -0.4537770050566027 0
68 -0.3728081538720513 -0.4639542219892263 0
69 -0.32541030357425 -0.472786456639706 0
70 -0.2784293552674668 -0.4802283556094284 0
71 -0.2312705180865947 -0.4864447418422667 0
72 -0.1839709984272116 -0.4914658359788844 0
73 -0.1365617323187918 -0.4953157814127495 0
74 -0.0887691050737556 -0.4980261152751943 0
75 -0.04092492821917353 -0.4995811120954873 0
76 0.006942547933933279 -0.4999879501118464 0
77 0.05480603980801795 -0.4992485097625635 0
78 0.1030120478185508 -0.4973400541893415 0
79 0.1511570424345461 -0.4942548807352439 0
80 0.1992118123573599 -0.4899782275309016 0
81 0.2471432097415955 -0.4844894823106642 0
82 0.294125017357641 -0.4778834779955171 0
83 0.3409171681092616 -0.4700466690894537 0
84 0.3874813235961292 -0.4609387768088599 0
85 0.4337679238490766 -0.4505123162133477 0
86 0.4785558702190021 -0.4390285523399741 0
87 0.5229700281247989 -0.4261755359247956 0
88 0.566946785980144 -0.4118772092100947 0
89 0.6103957336884465 -0.3960483077526475 0
90 0.6549044788188518 -0.3778558334944057 0
91 0.6985872189974688 -0.3577624552176286 0
92 0.7412818521610069 -0.3355969366877277 0
93 0.782729195753544 -0.3111812197558724 0
94 0.823760598552553 -0.2834689031764947 0
95 0.8626840232466525 -0.2528716453237537 0
96 0.8989644831610019 -0.2190107634427318 0
97 0.9316502858780998 -0.1816781115209362 0
98 0.9593967095261186 -0.1410300976303077 0
99 0.9810588925689445 -0.09685485185497437 0
100 0.9951232516241536 -0.04931965651992 0
101 -0.02234985111993527 -0.2204783877835944 0
102 0.3897198793480815 0.002544119097015724 0
103 0.03909062872876373 0.2200228627803435 0
104 -0.3759028756209177 -0.002240342746238427 0
105 0.06257835224957266 0.447007029142615 0
106 0.05653353694731408 0.3998125681457789 0
107 0.05180810250883389 0.3573085950141999 0
108 0.04798508608232274 0.3194460449729844 0
109 0.04485214349460227 0.2862402426888975 0
110 0.04230660926906114 0.2578603509637957 0
111 0.0403198315779141 0.2348427623606711 0
112 0.3764986523478673 0.01643799337693721 0
113 0.3557063559745587 0.03637490537921582 0
114 0.3301632244392431 0.05856243833839164 0
115 0.3007686791715193 0.08155126509932892 0
116 0.2683027431053597 0.1044262025887412 0
117 0.2335475299232448 0.1265488524195442 0
118 0.1973383395775118 0.1474512505647597 0
119 0.1606019405811907 0.1667716208897612 0
120 0.1244207428172358 0.1841993561372416 0
121 0.09018514098327793 0.1993992884335994 0
122 0.06007646508567382 0.2117923896368351 0
123 0.8633837010565741 -0.000710057489060434 0
124 0.7514372118583641 -0.0004862714398700229 0
125 0.6583319696010037 -1.858790791118467e-05 0
126 0.5800636230753591 0.0005470823286401188 0
127 0.5143374537638632 0.001135911030066478 0
128 0.459979706304982 0.001702076792516168 0
129 0.4172937821567419 0.002202685204309677 0
130 -0.8577991492438377 0.005413599503102234 0
131 -0.7426342518205555 0.003326410381041618 0
132 -0.647606372916008 0.001806754763061856 0
133 -0.5681409671258038 0.0006196369461205723 0
134 -0.501630186515688 -0.0003497733218160267 0
135 -0.4467335638940205 -0.001154452119587193 0
136 -0.4034003948495996 -0.001807164657656851 0
137 0.01679891221585779 0.2132266503734181 0
138 -0.01523905127418161 0.2028583905390714 0
139 -0.05193126486992036 0.1899470290784677 0
140 -0.09102687054499717 0.1748948742934432 0
141 -0.131110172309975 0.1579139082555869 0
142 -0.1710938315930533 0.1391945170349764 0
143 -0.2100583044670184 0.1189617888980183 0
144 -0.2471803153620191 0.09751549230240344 0
145 -0.2816921829242811 0.07527487839954876 0
146 -0.3128494044038699 0.05284165835397609 0
147 -0.3398775527203172 0.0311069175576027 0
148 -0.3618150279480902 0.01148815129359284 0
149 -0.03757435945199591 -0.4478062199080525 0
150 -0.03447748395841066 -0.4005757371646917 0
151 -0.03165379239773777 -0.3580277981437373 0
152 -0.02910405740187545 -0.3201081216713075 0
153 -0.02684738115738758 -0.2868393677852688 0
154 -0.0249147788763491 -0.2584085845211747 0
155 -0.02329276246296 -0.2353428601715055 0
156 -0.04316681440757555 -0.2124199773226186 0
157 -0.07358504972438074 -0.2000984309665577 0
158 -0.1079726990321111 -0.1850304632873695 0
159 -0.1443496419464581 -0.1677116065726778 0
160 -0.1813305245801152 -0.1484537845540469 0
161 -0.2178259700985519 -0.1275509305744916 0
162 -0.2529024928285157 -0.1053515092346328 0
163 -0.285714784091734 -0.08231737713034729 0
164 -0.3154637524634062 -0.05909321128138579 0
165 -0.3413428926420165 -0.03661726262916069 0
166 -0.3623937663061111 -0.01637554070655264 0
167 3.623985169523558e-06 -0.2134746276141007 0
168 0.0314585257179191 -0.2029837798412436 0
169 0.06780422635313479 -0.1898605353136104 0
170 0.1065351839466459 -0.1746039169951329 0
171 0.1462641750495497 -0.1574365504692208 0
172 0.1859264410050126 -0.1385584062315408 0
173 0.2246159394779993 -0.118204858094981 0
174 0.2615138608190819 -0.09668724326367237 0
175 0.2958509028009045 -0.07443614849368774 0
176 0.3268793311220752 -0.05206031581055722 0
177 0.3538258673004344 -0.03044728821297589 0
178 0.3757623659594161 -0.01100138344948881 0
179 0.8518688770673306 0.07491065979337652 0
180 0.7431610342876955 0.06157370138554647 0
181 0.6518557791944808 0.05172817181009481 0
182 0.5746435776601866 0.04393076548779305 0
183 0.5094387591535574 0.03732802939572422 0
184 0.4550006086210678 0.03126031002064489 0
185 0.4108577056427787 0.02492313109098824 0
186 0.8185774819263731 0.1444613419227167 0
187 0.7177717055688821 0.1202208317836825 0
188 0.6313507103103322 0.1014385502969535 0
189 0.5572341484617672 0.0861191383334545 0
190 0.493793269036239 0.07298279086955346 0
191 0.4397867952926648 0.06102980718776841 0
192 0.3941929273799651 0.04924765150683322 0
193 0.7689905349552131 0.2053697477102848 0
194 0.6780846576773178 0.1735141681809617 0
195 0.598521882210806 0.1477025670594913 0
196 0.5291107081564598 0.1261242765560034 0
197 0.4686778752151431 0.1074534080083419 0
198 0.4161323257389972 0.09061545031755189 0
199 0.3703900580485127 0.07463036938408402 0
200 0.707444741464949 0.2579564292321059 0
201 0.6271247411418752 0.2208574620080856 0
202 0.5555552069075606 0.1897501904353376 0
203 0.4920076636453916 0.1632225274917659 0
204 0.4356740706200932 0.1400909620626901 0
205 0.3856808232856289 0.1193456348302736 0
206 0.34107559756682 0.1000930740155832 0
207 0.6365976246877763 0.3032971229647938 0
208 0.5674643132757463 0.2622926818299131 0
209 0.5045764925689984 0.2272334468437542 0
210 0.447690990404605 0.1969251763836235 0
211 0.3963303079069391 0.1703422752964683 0
212 0.3498471921012187 0.1465828380092175 0
213 0.3074656599252091 0.1248446498219957 0
214 0.5596807754053477 0.3415487811791327 0
215 0.5015853110183797 0.2978644475485854 0
216 0.4476022519760615 0.2599791393701227 0
217 0.3978497146185657 0.2269028868968312 0
218 0.3521092614125538 0.1977702090039803 0
219 0.3099162892675932 0.1717999444761239 0
220 0.2706388938067478 0.1482772618262074 0
221 0.4793284388269518 0.373012594228286 0
222 0.4316230684356612 0.3276978134966301 0
223 0.3864023941831041 0.2879269448159176 0
224 0.3439965015349494 0.252937389207502 0
225 0.3043409107974698 0.2220358747461529 0
226 0.2670725385310374 0.1945715673738177 0
227 0.2316267319505039 0.1699170655863422 0
228 0.3974083831254377 0.3982291446925883 0
229 0.3592124767558766 0.3520344403062336 0
230 0.3223913147135604 0.3111028846124069 0
231 0.2873930831199056 0.2748841629367812 0
232 0.254185401761153 0.242864525823658 0
233 0.2224072174846525 0.2145362014460164 0
234 0.1914564048159804 0.1893701031450626 0
235 0.3155214010945845 0.4176559481016686 0
236 0.285443383475993 0.371149708530543 0
237 0.2565597194777957 0.3295739355673181 0
238 0.2289991736597435 0.2926321174372307 0
239 0.2026003122030298 0.2600020938544552 0
240 0.1769135005756014 0.2313420108260049 0
241 0.1511873950561867 0.206257642936803 0
242 0.2329304310899309 0.4320328936532176 0
243 0.2104989399585784 0.3853669226518692 0
244 0.1894064426296771 0.3434179594510111 0
245 0.1694436097127917 0.3060685136425266 0
246 0.1503028098557681 0.2731699323126907 0
247 0.131454908394518 0.2445754253932813 0
248 0.1119584712225854 0.2201172868221938 0
249 0.1486848215454035 0.4417994734621363 0
250 0.1342153014975905 0.3949027566220744 0
251 0.1211239797230038 0.35266920528239 0
252 0.1090660245805691 0.3150542679035475 0
253 0.09771142956968702 0.2820335293772834 0
254 0.0866240145193843 0.2536687559880446 0
255 0.07496832431078448 0.2301838018065584 0
256 -0.02578532888202728 0.4475729419684688 0
257 -0.02247599729919673 0.4000698375810612 0
258 -0.01841056330374506 0.3573136142738854 0
259 -0.01378592152964764 0.3191813118252715 0
260 -0.008594541188398697 0.2856197193413638 0
261 -0.002570267000872609 0.2566745740690846 0
262 0.005037362056760988 0.232531485015727 0
263 -0.1153431354482659 0.4433203767338661 0
264 -0.1022638524535928 0.3956210032974337 0
265 -0.08918901146760225 0.3527021577616686 0
266 -0.07612366934634096 0.3143461250062878 0
267 -0.06287356605944205 0.2803821081304615 0
268 -0.04898714627384987 0.2506561813198115 0
269 -0.03360294804473268 0.2249733469784637 0
270 -0.2051326250098933 0.4341053357435021 0
271 -0.182051241970042 0.3864339008634223 0
272 -0.1599585307624367 0.3435356671548998 0
273 -0.1386461938810096 0.3051191925756114 0
274 -0.1177883089319495 0.2709065457227448 0
275 -0.09688915927343755 0.2405925801992586 0
276 -0.0752320828973656 0.2137953192793591 0
277 -0.2938022546716473 0.419899678892443 0
278 -0.2608495011075711 0.3725194608689239 0
279 -0.2299484451393298 0.3298955823262389 0
280 -0.2007142989515022 0.2916887126915088 0
281 -0.1727440018577768 0.2575325374488723 0
282 -0.1455452820495949 0.2270151662652942 0
283 -0.1185186492454505 0.1996613361086823 0
284 -0.379850507835973 0.4007558715063795 0
285 -0.3375944049255018 0.3538955973476507 0
286 -0.2982723785194352 0.3118469040772187 0
287 -0.2615186049781479 0.274207825580748 0
288 -0.2269279900820251 0.2405199287911366 0
289 -0.1940277320609554 0.2102767203483414 0
290 -0.1622751886309058 0.1829352443018788 0
291 -0.4625617437030714 0.3766158168125676 0
292 -0.4113889814509914 0.3305128389842024 0
293 -0.3640294962911649 0.2893973143806552 0
294 -0.32015982665411 0.2527760525666156 0
295 -0.2794216142462799 0.2200628109137078 0
296 -0.2413623560794496 0.1906387139168128 0
297 -0.2054457265101208 0.1638845226108352 0
298 -0.5408905864636633 0.3473936449420302 0
299 -0.4813773590576536 0.3021906502971185 0
300 -0.4262991269063781 0.2624623673067876 0
301 -0.3756696952014523 0.2274365660869916 0
302 -0.3292363728474159 0.1963167037627922 0
303 -0.2865553873542907 0.1683326776087795 0
304 -0.2470503152191732 0.142765609567377 0
305 -0.6151754843596433 0.3122215882270856 0
306 -0.5469370852192905 0.2684436476981418 0
307 -0.4841236022896792 0.230834394892383 0
308 -0.4269836069690304 0.1981914801007341 0
309 -0.3752989681277771 0.16943488674775 0
310 -0.3285745496664415 0.1436112142851919 0
311 -0.2861382803726323 0.1198801987722385 0
312 -0.6852043463094812 0.2697940232887454 0
313 -0.6071039913620737 0.2285798914088416 0
314 -0.5362806989964162 0.1942510230192348 0
315 -0.4728424008295839 0.1650604791105937 0
316 -0.4164015972336906 0.1396202353137735 0
317 -0.366308567581965 0.1167981649283989 0
318 -0.3217423444181413 0.09562634791540124 0
319 -0.7491869939986255 0.218540349276942 0
320 -0.6600572234279056 0.181882898048893 0
321 -0.5810627293981481 0.1525429173602743 0
322 -0.5117041028298737 0.1281796940860143 0
323 -0.451156784676808 0.1071874340560812 0
324 -0.3985197499524281 0.08833525915888912 0
325 -0.3528229575639263 0.0705516650507463 0
326 -0.8039496437524158 0.1565436972547878 0
327 -0.7029584031284761 0.1279609386010416 0
328 -0.6162266373269645 0.1058761413268173 0
329 -0.5417552228825022 0.08792859491726056 0
330 -0.4780020383974606 0.07261438534623438 0
331 -0.4237949563380617 0.05880246428662558 0
332 -0.3781692969530863 0.04540406253118651 0
333 -0.8425953037912617 0.08437388911436997 0
334 -0.7317707456523574 0.06766107416779278 0
335 -0.6391614570885906 0.05509327367333572 0
336 -0.5610893284532679 0.04504481162543907 0
337 -0.4953013636131716 0.03653811085110152 0
338 -0.4404844470617804 0.02884148200922086 0
339 -0.3961025673771577 0.02112131241059206 0
340 -0.8457840437379609 -0.07457749022636898 0
341 -0.733694585507165 -0.06157098167607582 0
342 -0.6405446032480837 -0.05181259043654685 0
343 -0.5622398090487619 -0.04402340495799571 0
344 -0.4963455917546024 -0.03740199434036306 0
345 -0.4414535380920643 -0.03130278784766535 0
346 -0.3969601122029843 -0.02492253614327903 0
347 -0.8086803338061055 -0.1493915336422364 0
348 -0.7061155270008475 -0.1233277438825935 0
349 -0.6186868921007591 -0.1034795760903103 0
350 -0.5439295794389927 -0.08749928368367234 0
351 -0.4800593115816171 -0.07393065833206876 0
352 -0.4257604711349652 -0.06167713498906715 0
353 -0.3799680537444396 -0.04966959527245447 0
354 -0.7537553605720306 -0.2142008105381782 0
355 -0.663597331707126 -0.1790124150482849 0
356 -0.584191082564415 -0.1513013724527994 0
357 -0.5147332796596604 -0.1285642214838707 0
358 -0.4542021266909241 -0.1091436995193427 0
359 -0.4015631645035411 -0.09179374322390205 0
360 -0.3557487633581816 -0.0754394104089829 0
361 -0.688651937743981 -0.2676855728362508 0
362 -0.610426907210373 -0.2273226738134855 0
363 -0.5397653900289434 -0.1941682331805963 0
364 -0.476610869667676 -0.1663131363575877 0
365 -0.4204531879795084 -0.1422860445320224 0
366 -0.3705469828039513 -0.1209128545713579 0
367 -0.3259928085335947 -0.1012032270682369 0
368 -0.6170688446115966 -0.3117539362070131 0
369 -0.549766529974332 -0.2684806689667003 0
370 -0.4878428485826626 -0.2317500772901511 0
371 -0.431491920261744 -0.2002345201672378 0
372 -0.3804531042323391 -0.1727744863308158 0
373 -0.334182997677789 -0.1483682951280967 0
374 -0.2919544111734623 -0.1261439210324116 0
375 -0.541173931369578 -0.3480570534473631 0
376 -0.4837622252925416 -0.3031553482685521 0
377 -0.4303535747629584 -0.2641286042615772 0
378 -0.3810610408651041 -0.2301007663645711 0
379 -0.3356845535862335 -0.2002091577248341 0
380 -0.2937805670249879 -0.1736427529002365 0
381 -0.2547342771391048 -0.1496518570259804 0
382 -0.4618299932471367 -0.3778675913509113 0
383 -0.413776445354129 -0.3320056335745524 0
384 -0.3687520016728348 -0.2915181588469402 0
385 -0.3267142351711689 -0.2558311146462244 0
386 -0.2874436585573951 -0.2243187482479915 0
387 -0.2505224488123943 -0.1963431689221553 0
388 -0.2153725924045831 -0.1712679283945799 0
389 -0.3794530236548359 -0.402039673822077 0
390 -0.3407758271921318 -0.3555297348038989 0
391 -0.3041663394082676 -0.3141162960419131 0
392 -0.2696003235625951 -0.2773870862767913 0
393 -0.2368534602580805 -0.2448917131032092 0
394 -0.2054938759852163 -0.2161451905631602 0
395 -0.1749013021999299 -0.1906201789609001 0
396 -0.2951777505849338 -0.4208938084238312 0
397 -0.2657139356640818 -0.3740044173292768 0
398 -0.2375390799246959 -0.332038534732569 0
399 -0.2106673162820905 -0.2947094954842027 0
400 -0.1848759300889749 -0.2617160169880047 0
401 -0.1596978994123952 -0.2327280512508045 0
402 -0.1343893863720874 -0.2073525559698005 0
403 -0.2099656423803548 -0.4346578165399974 0
404 -0.1893697575038636 -0.3875968859514258 0
405 -0.1696100815169956 -0.3453314164453834 0
406 -0.1506539545175612 -0.3076964638403173 0
407 -0.1322846956753228 -0.2745348773379147 0
408 -0.1140292739143579 -0.2457007083910443 0
409 -0.09498632669475165 -0.2210257002040528 0
410 -0.124059965499103 -0.4435792987011369 0
411 -0.1121959044311715 -0.3964295336515925 0
412 -0.1008783160963918 -0.3539987708512053 0
413 -0.09005363286241733 -0.3162081670588053 0
414 -0.07957803808861896 -0.2830244334359329 0
415 -0.06912419507385609 -0.2545106977123218 0
416 -0.05788124704807807 -0.2309031827786285 0
417 0.8502138102073906 -0.07692943734143717 0
418 0.8144881632734018 -0.147684744596701 0
419 0.761749399976976 -0.20991242827665 0
420 0.6975782575528671 -0.2629846147773735 0
421 0.6262415777465535 -0.3074095859186904 0
422 0.5503399157846652 -0.344254819335708 0
423 0.4717104497374175 -0.3744091800474266 0
424 0.3907130927297299 -0.3988248108397526 0
425 0.3073862418381539 -0.4181456417235454 0
426 0.2223481770368997 -0.4326062059936261 0
427 0.1360619992234355 -0.442342223633098 0
428 0.04922354364839113 -0.4474015798384252 0
429 0.7413345600524397 -0.0627850410748084 0
430 0.7138167088074958 -0.1219891998954006 0
431 0.671907059043658 -0.1758365939137173 0
432 0.6191192078613237 -0.2233248745914364 0
433 0.5585598310968056 -0.2643070171527572 0
434 0.4925698353172314 -0.2991096921154738 0
435 0.4228050629568483 -0.3281913930387871 0
436 0.3502034878861932 -0.3520380438123514 0
437 0.2753760236294145 -0.3710160421003882 0
438 0.1989445967088253 -0.3853112581435357 0
439 0.1214742574861145 -0.3950018987495648 0
440 0.04351564469179132 -0.4000973392161312 0
441 0.6501009664282618 -0.05185794526108441 0
442 0.6277100072319648 -0.1017885248886635 0
443 0.5930520120956353 -0.1482395550558397 0
444 0.5484969862455323 -0.1902664702731917 0
445 0.4963601229277102 -0.2274558166494689 0
446 0.4386025558632943 -0.2597487290039672 0
447 0.3767557980567664 -0.2872614565784055 0
448 0.3119312354517342 -0.3101707426243678 0
449 0.2449699436886902 -0.3286194103690878 0
450 0.1765839230274659 -0.3426677146551452 0
451 0.1073765696598367 -0.3523007318393233 0
452 0.03784381404244534 -0.3574495058579321 0
453 0.57300972265604 -0.04285654993497726 0
454 0.5538867960818367 -0.08508540990810971 0
455 0.5241084912368223 -0.1250829556453286 0
456 0.4854653447436344 -0.1620589789663886 0
457 0.4397865360891373 -0.195511743003457 0
458 0.3887279224450106 -0.2251767279295763 0
459 0.3336866362854419 -0.2509423769780474 0
460 0.2757973317006953 -0.2727708228531124 0
461 0.2159897306667146 -0.2906295063917826 0
462 0.1550454305397964 -0.3044454211306554 0
463 0.09360496627329101 -0.3140876187372761 0
464 0.03213741105913801 -0.3193725626744834 0
465 0.5079354677967004 -0.03503205548839008 0
466 0.490697183133552 -0.07061312110617511 0
467 0.4640233092017735 -0.1049467833568347 0
468 0.4294655575368598 -0.1373733492391764 0
469 0.3885900483912574 -0.1673537904286916 0
470 0.342834049282111 -0.1945021963575047 0
471 0.2934642701861315 -0.2185584565400644 0
472 0.2415811025295959 -0.2393384403983369 0
473 0.1881460615921225 -0.2566799161779733 0
474 0.1340031459486246 -0.2703940279240221 0
475 0.07986035274801777 -0.280226849050578 0
476 0.02620494930961855 -0.2858376909600575 0
477 0.4536490010027717 -0.02779260987075289 0
478 0.4369783014547508 -0.05738861689632471 0
479 0.4118410328826086 -0.08672055938693329 0
480 0.3798015059628819 -0.1151392280115706 0
481 0.3422894890944042 -0.1420353041428801 0
482 0.3005650990426407 -0.1669287984023086 0
483 0.2557623113850314 -0.189461035240966 0
484 0.208919788670848 -0.2093558996783425 0
485 0.1610093916359719 -0.2263702387634083 0
486 0.1129560124367144 -0.2402380621086802 0
487 0.06562024445127926 -0.2506034395100188 0
488 0.01966252537776489 -0.2569280848135866 0
489 0.4097594459437873 -0.0203924018946649 0
490 0.3917833203601002 -0.04441684399674647 0
491 0.3665363476608692 -0.06940684781526389 0
492 0.3356034198037148 -0.09442655886770308 0
493 0.3001995434253353 -0.1187182175254884 0
494 0.2613732323210537 -0.1417154401109911 0
495 0.2200990469424931 -0.1629997404986026 0
496 0.1773255445585131 -0.1822526198090372 0
497 0.1340150723030132 -0.1992058245168415 0
498 0.09119066388286227 -0.2135832191547529 0
499 0.04999532550443304 -0.2250127741564291 0
500 0.01173299453689686 -0.2328098680890966 0
501 -0.02075808297131554 -0.197662288346875 0
502 -0.04815471665030907 -0.1818802017206693 0
503 -0.07955985439361368 -0.1649577351015941 0
504 -0.1131917527005611 -0.146742187440333 0
505 -0.1477735865720265 -0.1272848209069255 0
506 -0.1823377231055004 -0.1067460447707237 0
507 -0.2161167440205853 -0.08539203751382789 0
508 -0.248502020038794 -0.06361784499081861 0
509 -0.2790505314967196 -0.04199218717085525 0
510 -0.3075505928042665 -0.0213364433338906 0
511 -0.3343002995014885 -0.002881304990550373 0
512 0.008510597516291407 -0.1834283216201992 0
513 -0.01867269930809627 -0.1648359915453844 0
514 -0.04891862931121702 -0.1461808782261849 0
515 -0.08108353710999772 -0.1270166392596931 0
516 -0.1142345987544877 -0.1071991609029182 0
517 -0.1476356252936079 -0.08675802181714727 0
518 -0.1807264912329458 -0.06585403380084702 0
519 -0.2131282844204008 -0.04477063619838994 0
520 -0.2446893802169416 -0.02392192059506326 0
521 -0.2756000514289969 -0.003866010243150378 0
522 -0.3066645819182027 0.01470231642948729 0
523 0.04205892926158403 -0.1682623618115636 0
524 0.01385308755936046 -0.1478624046686841 0
525 -0.01636628230710933 -0.1279074952808588 0
526 -0.04799174134817744 -0.1079389850399162 0
527 -0.08044466064151132 -0.08773278360673975 0
528 -0.1132398751829086 -0.06722959314327448 0
529 -0.1460190258109587 -0.04649368606992226 0
530 -0.1785866081664152 -0.02568917578233313 0
531 -0.2109679667386498 -0.005062854211665843 0
532 -0.2435040492515865 0.01508050062737958 0
533 -0.2769952895569309 0.03443609148030399 0
534 0.07806422254993906 -0.1519077656072464 0
535 0.04838619516225157 -0.1304487249791196 0
536 0.01759108327206811 -0.109647576060024 0
537 -0.01407274419693319 -0.08909855738750275 0
538 -0.04631236832317481 -0.06856300456492814 0
539 -0.07885988480086098 -0.0479335835431976 0
540 -0.1115226103159608 -0.02720176626647672 0
541 -0.1442304340266571 -0.006429527354693156 0
542 -0.1770909739715631 0.01427888870699601 0
543 -0.2104556052227651 0.03481358521826639 0
544 -0.2449875486989522 0.05511674584384073 0
545 0.1152718828578837 -0.1343262591376289 0
546 0.08403409642768067 -0.1123817648230859 0
547 0.05241698064470176 -0.09113584149763131 0
548 0.02042203631368943 -0.07024466160823666 0
549 -0.011872185207895 -0.04948708542350799 0
550 -0.04436468159550333 -0.02873996348890283 0
551 -0.07698108843040333 -0.007950263464790308 0
552 -0.1097215314855579 0.01289394568093511 0
553 -0.1427099118705789 0.03379434880564748 0
554 -0.1762423188745068 0.0547782989699923 0
555 -0.2108248541176487 0.0759438770021377 0
556 0.1527253109394805 -0.1155880103465501 0
557 0.1200616372967953 -0.09362031940160229 0
558 0.08762072801571402 -0.07226964820710972 0
559 0.05521609349235754 -0.05125716861040674 0
560 0.02276627268419727 -0.03040071201099465 0
561 -0.009745567928056267 -0.009588921430466971 0
562 -0.04231553024899304 0.01124673028650168 0
563 -0.07496469154272034 0.0321612247849529 0
564 -0.1077848529311819 0.05322626806360069 0
565 -0.1409808444093676 0.07456186540703855 0
566 -0.1749028404461683 0.09636902482524053 0
567 0.1896459848970924 -0.09585492424811326 0
568 0.1558689476021031 -0.07424531302788996 0
569 0.1227883815948022 -0.05306550219890042 0
570 0.0900553403584012 -0.03211365819335096 0
571 0.05746675040511765 -0.01126967265850599 0
572 0.02493166744784533 0.009538259491698904 0
573 -0.007570773094302652 0.03036488125719609 0
574 -0.040036851547504 0.05127795512462609 0
575 -0.07248398637931075 0.07238764368265244 0
576 -0.104994799555959 0.09387461944689802 0
577 -0.1377571164334754 0.1160144964115654 0
578 0.2253825758828182 -0.07538794286427045 0
579 0.1909843342756885 -0.05444313983972544 0
580 0.1576088344459377 -0.03363356741477087 0
581 0.1247501426734575 -0.01286229355009539 0
582 0.09211372120297816 0.007897420014824748 0
583 0.05957626040918709 0.02864675079779322 0
584 0.02713762197144541 0.049396580125959 0
585 -0.005127955204573195 0.07019807079486652 0
586 -0.03711945659054208 0.09117174557268384 0
587 -0.06875818063676928 0.1125354178718453 0
588 -0.1000428749359966 0.1346271427209476 0
589 0.2593990999413474 -0.05457093901274928 0
590 0.2250834565605953 -0.03450721313503154 0
591 0.1919129392086098 -0.01416342646044627 0
592 0.1592226845401642 0.006400629014602677 0
593 0.1266617314401519 0.02707489542867018 0
594 0.09412203101554936 0.04775474355811728 0
595 0.06167295577547881 0.06837661765397339 0
596 0.02950686533021018 0.08894600238173553 0
597 -0.00210771158000829 0.1095658657485509 0
598 -0.0328759896405551 0.1304692615925728 0
599 -0.06254774993623366 0.1520531887673055 0
600 0.2912970331218894 -0.03395406555644842 0
601 0.2580459415084553 -0.01485110775810675 0
602 0.2257373821490423 0.005086481543845652 0
603 0.1935659378866974 0.02555334105027249 0
604 0.1611884891605284 0.04624678911852293 0
605 0.1285771764389251 0.06692071035177118 0
606 0.09592530478472364 0.08740914455007762 0
607 0.06359017232557876 0.1076434553586596 0
608 0.03205773555809911 0.1276764712798632 0
609 0.001909880057985702 0.1477238097712838 0
610 -0.02624216218629191 0.1682310190942783 0
611 0.3208895233031771 -0.01433117183207067 0
612 0.2900776383000384 0.003973372387624206 0
613 0.2594255398876772 0.02380736924375314 0
614 0.2281152136040261 0.04447946961951767 0
615 0.1959491110918366 0.06543820968842151 0
616 0.1630728807970035 0.08627216418059705 0
617 0.1298609145989306 0.1066957948359063 0
618 0.09687078364052108 0.1265422032555981 0
619 0.0648386129511212 0.1457727826017411 0
620 0.03470084668127652 0.1645199795851544 0
621 0.007607137370913966 0.1832102526804845 0
622 0.3484816744765311 0.003095819579894838 0
623 0.3219841340613481 0.02127638957349562 0
624 0.2937735333167085 0.04169087848115369 0
625 0.2635201608348196 0.06311900247031924 0
626 0.2314197492350798 0.08475443136466723 0
627 0.1979042257933344 0.1060339454413507 0
628 0.1635746068343175 0.1265596636094977 0
629 0.1291933639938722 0.1460567749238579 0
630 0.09572509510740257 0.1643525910910273 0
631 0.06445019965334098 0.1813793842598037 0
632 0.03721308303838186 0.1972550314925056 0
633 0.4627094190862768 -0.06390366833957288 0
634 0.4253693394298186 -0.07212719149659198 0
635 0.4370024198006691 -0.095657490056733 0
636 0.478445110617373 -0.08797876692821616 0
637 0.4508810322202447 -0.07991671582419099 0
638 0.3965915170860729 -0.1010843938896483 0
639 0.403890541872822 -0.1260090391961584 0
640 0.4476311319244209 -0.1214349928204276 0
641 0.4212785476097974 -0.111046391201071 0
642 0.3616487665384818 -0.1288101072079648 0
643 0.364865806146082 -0.1543926667236561 0
644 0.409725391186848 -0.1526961471352876 0
645 0.3850321403582609 -0.1404768856079502 0
646 0.3218815323194707 -0.1547568035822918 0
647 0.321276732519342 -0.1803739712724352 0
648 0.3662403411994787 -0.1813002190866944 0
649 0.3435657203092091 -0.1677057706671186 0
650 0.2784825397597024 -0.1785085714167551 0
651 0.2743253492766307 -0.2036383627502766 0
652 0.3185297114953241 -0.2069294476105054 0
653 0.298153312064833 -0.1923623997228723 0
654 0.2325346052085852 -0.1997536981375272 0
655 0.2250842991810471 -0.2239493460013285 0
656 0.2677748133824743 -0.2293683912925786 0
657 0.2499296022750872 -0.2141772177636433 0
658 0.1850396649070228 -0.2182391155078557 0
659 0.1745222628970775 -0.2410977106399571 0
660 0.2150029036535338 -0.2484504107854458 0
661 0.1999122216425662 -0.2329338695980923 0
662 0.1369452390682242 -0.2337177478950815 0
663 0.1235205311795714 -0.2548495666166378 0
664 0.1611161222307964 -0.2640054301831088 0
665 0.1490260738924555 -0.248417286463677 0
666 0.08915106407019981 -0.2458881257900085 0
667 0.07284903944829758 -0.2648942529550675 0
668 0.1068965278919844 -0.2758159899689481 0
669 0.09810440891243184 -0.2603615896175822 0
670 0.04244983679095694 -0.2543164146428081 0
671 0.02304937381471675 -0.2707941364636819 0
672 0.05295719877945314 -0.2835849860517172 0
673 0.0478264417398889 -0.2683969817477357 0
674 -0.002750426300686892 -0.2583250683180026 0
675 -0.02583737110843086 -0.2719928232438432 0
676 -0.000383636101713658 -0.2869332103489087 0
677 -0.001480739382729301 -0.2720112438339392 0
678 0.4370562953025798 0.00196451164918027 0
679 0.4151577064960862 -0.008962745028764103 0
680 0.4304072132600998 -0.02418388194649387 0
681 0.4582136796749782 -0.01303562782411801 0
682 0.4352051964822559 -0.01105869183865015 0
683 0.4018182464933281 -0.03222617869000883 0
684 0.4133886724048388 -0.05094321657241716 0
685 0.4464834522380346 -0.04259161011116153 0
686 0.4230244364115208 -0.03748786926820447 0
687 0.3799604417167489 -0.05685209601132568 0
688 0.3884050495610002 -0.07801045343866077 0
689 0.401780263954993 -0.06448330375392558 0
690 0.3517006063405639 -0.08196409587854882 0
691 0.357084496713759 -0.1046459200614316 0
692 0.3734448283079033 -0.09142627921817259 0
693 0.3183930027068466 -0.1067017172495406 0
694 0.3207703661671936 -0.1301746541651251 0
695 0.3394735003090631 -0.1175831295627387 0
696 0.2811524924570638 -0.1304068732207801 0
697 0.2806262731335628 -0.1540711985251505 0
698 0.3011071587243096 -0.1423523286231559 0
699 0.2409826825609507 -0.1525928830758547 0
700 0.2377114758799813 -0.1759418314262106 0
701 0.2594503887341191 -0.1652784778797403 0
702 0.1988401052399436 -0.1728972891595033 0
703 0.1930238464451328 -0.1954830612308338 0
704 0.2155273012665826 -0.1860187413613909 0
705 0.1556749371238002 -0.1910332605634276 0
706 0.1475342884002771 -0.2124318790245268 0
707 0.1703181146797702 -0.2042965158765543 0
708 0.1124734855431076 -0.206737120789788 0
709 0.1022176555376638 -0.2265071526261157 0
710 0.1247927000405224 -0.2198480693991447 0
711 0.0703111931689783 -0.219699840325544 0
712 0.05806269493159821 -0.2373284143865257 0
713 0.07993579393246553 -0.2323553827699521 0
714 0.03042782392033178 -0.2294352537298655 0
715 0.01596157365524033 -0.2442586909999009 0
716 0.03672684124667724 -0.2413352822649685 0
717 -0.006061477776930599 -0.2348795092176776 0
718 -0.0240654189551972 -0.2461286415294262 0
719 -0.004230180655022855 -0.2459005312963835 0
720 0.4007995586820723 0.002410828554813513 0
721 0.3842962712411091 -0.002897434492741421 0
722 0.3916302244282773 -0.01613402986733509 0
723 0.3980651372826755 -0.006495824342649775 0
724 0.3655084696104372 -0.02031596897162746 0
725 0.3720233506236598 -0.03763873062445892 0
726 0.3827458384404974 -0.02658124001303429 0
727 0.3409186918824857 -0.04108236138586932 0
728 0.346095772881408 -0.06078855416179475 0
729 0.3597476676145143 -0.04909098693498313 0
730 0.3118264333136136 -0.06321420616412718 0
731 0.3152424309971089 -0.08438188059670754 0
732 0.331215306373462 -0.07258739564448687 0
733 0.2790493526650031 -0.085618991559338 0
734 0.2804848801646277 -0.1075791463341596 0
735 0.2982917452433441 -0.09607048719990093 0
736 0.2433374656648924 -0.107567069049309 0
737 0.2427317318278508 -0.1297830650801612 0
738 0.2619261866127754 -0.1188339747027712 0
739 0.2054449931109591 -0.1285481842391039 0
740 0.2028602690696033 -0.1505621934553313 0
741 0.2230046297108711 -0.1403714213653286 0
742 0.166162204118969 -0.1481975261711154 0
743 0.16175939876021 -0.1695956269274465 0
744 0.1824053559103652 -0.1603129089436621 0
745 0.1263451360984235 -0.1662468058227406 0
746 0.1203712781273646 -0.1866250118862162 0
747 0.1410376966643772 -0.1783748233690463 0
748 0.08696635897323682 -0.182483940748648 0
749 0.07975438023708455 -0.2014023961571823 0
750 0.09989150368165228 -0.1943116118905381 0
751 0.04921841369667881 -0.1967083878512803 0
752 0.04120860108213909 -0.2136072113238489 0
753 0.06012245909719217 -0.2078540558896362 0
754 0.01484495032579471 -0.2086235024744421 0
755 0.006742045594582288 -0.2225450402308359 0
756 0.02329454173465731 -0.218560264036602 0
757 -0.01118056708097971 -0.2169849490312465 0
758 -0.0224786968661482 -0.2262653706251953 0
759 -0.00834268099619935 -0.2253071570315295 0
760 -0.009252929843597352 -0.2053601600176053 0
761 -0.03296166387327783 -0.2047776721259898 0
762 -0.03043909294504621 -0.2171942702707297 0
763 -0.02119876755410631 -0.2110553900787699 0
764 -0.03380397575026269 -0.1898826613432257 0
765 -0.06141081550834668 -0.1907428903907736 0
766 -0.05768543570133766 -0.2066574433876897 0
767 -0.04647134035997322 -0.1980144522996348 0
768 -0.06347618613763692 -0.1735767881939343 0
769 -0.09404517449942126 -0.1747705364652995 0
770 -0.09041570127417844 -0.192871184155621 0
771 -0.0773380919696913 -0.1829903221826269 0
772 -0.09618333817174954 -0.1560106668212762 0
773 -0.1288746748512379 -0.1570271761415128 0
774 -0.1260045975416639 -0.1766321464101235 0
775 -0.1112774096393751 -0.1661099875201319 0
776 -0.1304282312423704 -0.1371606448080661 0
777 -0.1645236770228257 -0.1376989819723418 0
778 -0.1628357165653546 -0.1583073608909727 0
779 -0.1466657663733794 -0.1475483724248561 0
780 -0.1651087070825629 -0.1171361202664306 0
781 -0.199945168306558 -0.1170177575059101 0
782 -0.1996991661017122 -0.1381877749006673 0
783 -0.1823191849053404 -0.1275100157019957 0
784 -0.1993661738641831 -0.09614892974854043 0
785 -0.2342809576260061 -0.09529626717546469 0
786 -0.2355957561293314 -0.1165868469128643 0
787 -0.217296884740318 -0.1062623616051209 0
788 -0.2325146694818954 -0.0745255277192981 0
789 -0.2668015381210829 -0.07297076640937773 0
790 -0.2696424432627764 -0.09390200987176343 0
791 -0.250809678678375 -0.08417363782400246 0
792 -0.2640243117023472 -0.05274045277459415 0
793 -0.2968863903507382 -0.05066168320474602 0
794 -0.3010223455324211 -0.07067580715719063 0
795 -0.2821833791597974 -0.06176229822932875 0
796 -0.2935529392795344 -0.03147560243289171 0
797 -0.3240302840669635 -0.02927910996472365 0
798 -0.3289432202002429 -0.04767951064825737 0
799 -0.3108528566491851 -0.03977426609478831 0
800 -0.3210738028797075 -0.01172981395092313 0
801 -0.3479531813291018 -0.01027574477091095 0
802 -0.3525609997932108 -0.02606953855753709 0
803 -0.336398016135783 -0.01933696864199972 0
804 -0.3476266991867537 0.004939329574129807 0
805 -0.3703515933624552 0.003281583706924471 0
806 -0.3705892350804226 -0.007931150966560373 0
807 -0.3589332856477101 -0.002499531065815129 0
808 0.02056114659538476 -0.192992622082169 0
809 -0.00679392206883879 -0.1906153444724896 0
810 0.004822695743234864 -0.199399127220113 0
811 -0.004620678812647022 -0.1740885873934404 0
812 -0.03385615391474819 -0.1732935808497045 0
813 -0.01977144904611405 -0.1819691957318343 0
814 -0.03348800528152469 -0.1555508531258476 0
815 -0.06450062340376808 -0.155462613015661 0
816 -0.048831294756499 -0.1644713108859457 0
817 -0.06482305813322298 -0.1366747171363811 0
818 -0.0972612882656369 -0.1367648083153186 0
819 -0.08069269258140274 -0.1462283388212868 0
820 -0.09758485906553457 -0.1171899913565403 0
821 -0.1310215155986537 -0.1171385136339017 0
822 -0.1140743369503856 -0.1270635212401671 0
823 -0.1309417608986383 -0.09704848235626047 0
824 -0.1649217921477775 -0.09667499289597119 0
825 -0.1479986393846908 -0.1069995481614207 0
826 -0.1642467877473173 -0.07634818918313156 0
827 -0.1982962953346953 -0.07558834075291777 0
828 -0.181707861702821 -0.08619017311371314 0
829 -0.1970274771058631 -0.05531111154612894 0
830 -0.2306551023547452 -0.05422092886577881 0
831 -0.2146234663938347 -0.06491161631410634 0
832 -0.2290092082791327 -0.03428447567004767 0
833 -0.2617137988402001 -0.03306942951019819 0
834 -0.2463507978743663 -0.04357908208457362 0
835 -0.2601900387577585 -0.01375333474094807 0
836 -0.2914963343085813 -0.01282994006094132 0
837 -0.2767387458390223 -0.02278245918733968 0
838 -0.2910160372156902 0.005650115118358468 0
839 -0.3206675323596722 0.005538611171392513 0
840 -0.3060607723530789 -0.003342931481360678 0
841 -0.322817734595448 0.02319560380638062 0
842 -0.3515746156719947 0.02089257736824047 0
843 -0.3356644926423246 0.01363951081536284 0
844 0.05524479085082595 -0.1788553766398575 0
845 0.02487744740472232 -0.1759827299130049 0
846 0.03747456586373455 -0.1861348395541759 0
847 0.02824075290133602 -0.1579648557746096 0
848 -0.002722879320685628 -0.1563779520020387 0
849 0.01144355477474988 -0.1661038831867433 0
850 -0.001042670321602254 -0.1378626848971066 0
851 -0.03285021217956216 -0.1370155866577843 0
852 -0.01752637010711498 -0.1467021649542165 0
853 -0.03204061656856311 -0.1179421273713937 0
854 -0.06465233744181362 -0.1174250608492405 0
855 -0.04859198830188621 -0.1272645719483792 0
856 -0.06414696386282334 -0.09787162747851673 0
857 -0.09737869876157587 -0.09741070841561 0
858 -0.08094101300094278 -0.1074744246811002 0
859 -0.0968242995062526 -0.07751612384918356 0
860 -0.1304201519881691 -0.0769522523563712 0
861 -0.1138914031936871 -0.08723193817264445 0
862 -0.1296468797232189 -0.05688197740731576 0
863 -0.1633203759920704 -0.05616000291034094 0
864 -0.1469086560263113 -0.06658567811142622 0
865 -0.1623321371889151 -0.03608575353559604 0
866 -0.1957989819823171 -0.03525690765783599 0
867 -0.1796198673366177 -0.04570358267265391 0
868 -0.1947856730146131 -0.01533522516758792 0
869 -0.227806230443087 -0.01457216356689561 0
870 -0.2118503050668933 -0.0248624203740217 0
871 -0.2271759308543786 0.005089248052866533 0
872 -0.2596320822899956 0.005468160864515636 0
873 -0.2437017197199252 -0.004442306540629332 0
874 -0.2600531057630061 0.02487156978237041 0
875 -0.292115422144631 0.0243836937442008 0
876 -0.2757050104319493 0.0150932626776341 0
877 -0.2945160395086469 0.04375185762176646 0
878 -0.3269347575606869 0.04180886505683432 0
879 -0.3090962414286849 0.03328531091635237 0
880 0.09244290911318262 -0.163060578320007 0
881 0.05983900174112085 -0.1602376035520968 0
882 0.07362348056639939 -0.1711591980660738 0
883 0.06337423064916661 -0.1410625434679281 0
884 0.03092762892290898 -0.139226760093214 0
885 0.04559553064772007 -0.1496230968513503 0
886 0.03311414437810085 -0.1199944410918988 0
887 0.000471309486704638 -0.1187950787493058 0
888 0.01586740909132213 -0.1289700179667485 0
889 0.001849507235696837 -0.09935894200754372 0
890 -0.03112027279043073 -0.09850696256883285 0
891 -0.01521027119531902 -0.1086509656135436 0
892 -0.03013820831554664 -0.07883769978153327 0
893 -0.06342042000452766 -0.07812520395469731 0
894 -0.04720667180712068 -0.08833547274289877 0
895 -0.06256135559748477 -0.05826195138469957 0
896 -0.09605820193531547 -0.05756196577263391 0
897 -0.07971621881600227 -0.06786637111135879 0
898 -0.0951837547881573 -0.03757752579231747 0
899 -0.1287635152808088 -0.03684178826542336 0
900 -0.1124132151295197 -0.04721587425870458 0
901 -0.1278677059219312 -0.0168145749789599 0
902 -0.1614106897020264 -0.01607471403287601 0
903 -0.1450936806907474 -0.02645429268402211 0
904 -0.1606243429580269 0.003939913617286146 0
905 -0.1940760436489243 0.004567832530593664 0
906 -0.177724491851384 -0.005725663142351786 0
907 -0.1936745112957908 0.02457321721908411 0
908 -0.2271176954726434 0.02488603697880598 0
909 -0.2105115948378556 0.01477897107816628 0
910 -0.2275181487499244 0.04499227687530592 0
911 -0.2612757931423729 0.04471284881015206 0
912 -0.243991857619455 0.03486567228035072 0
913 -0.2629946126027292 0.06519787174107153 0
914 -0.2977373609991902 0.06403228086759497 0
915 -0.2791311652344807 0.05442387804411373 0
916 0.1307823145450386 -0.145703171343246 0
917 0.09658084457016193 -0.1432671540196295 0
918 0.1115378686574733 -0.1545693579727021 0
919 0.09969471170626473 -0.1232394106113155 0
920 0.06611921441592566 -0.1215012625385448 0
921 0.08144234870732872 -0.1322677152510051 0
922 0.06827461994110665 -0.1016952765077805 0
923 0.0349274501168645 -0.1004313886077945 0
924 0.05060881084587125 -0.1109058241102805 0
925 0.03646262475317278 -0.08066157807360259 0
926 0.003120245233324187 -0.07968237145162065 0
927 0.01908985614581324 -0.09003375364749402 0
928 0.00430596699531996 -0.05985826180018024 0
929 -0.02912449546299348 -0.05902104892590602 0
930 -0.01295923198098753 -0.06934996021217767 0
931 -0.02809915724070185 -0.03911644033494694 0
932 -0.06162862585917483 -0.03832851896120926 0
933 -0.04535351736571105 -0.04868205996878777 0
934 -0.06065906530282678 -0.0183515874523097 0
935 -0.09426462697048019 -0.01757041115038789 0
936 -0.07793414479835944 -0.02795705814337858 0
937 -0.0933305673791221 0.002465072645440949 0
938 -0.1270039842830759 0.003232008173527469 0
939 -0.1106169048540201 -0.007172012044868717 0
940 -0.126169457392246 0.02333623682343624 0
941 -0.1599693691629 0.0240320680388877 0
942 -0.1434420844665938 0.01363503731879575 0
943 -0.1593801310962806 0.04427142973183144 0
944 -0.1934903884641708 0.04479487999744423 0
945 -0.1766290594715296 0.03441792208780275 0
946 -0.1933604057394387 0.0653270341813702 0
947 -0.2281529055766668 0.06554935148929653 0
948 -0.2106309570656508 0.05516598044474543 0
949 -0.2287292589593803 0.08665754680479248 0
950 -0.2648090517505048 0.08646044093443372 0
951 -0.2461715623973394 0.07596641203584444 0
952 0.1692336941403233 -0.1269201584851808 0
953 0.134018610117189 -0.1250927555510681 0
954 0.1500492067415119 -0.136478393344643 0
955 0.1363480895025572 -0.1045047315886237 0
956 0.1020398938748892 -0.1030841638555656 0
957 0.1180254259859463 -0.1139803841460808 0
958 0.1038270915134245 -0.08288717298010967 0
959 0.06999891741537752 -0.08174730622366001 0
960 0.08603519515084131 -0.09235368316868608 0
961 0.07142040297744676 -0.06173391755878866 0
962 0.03779828948308706 -0.06077009986911475 0
963 0.05392007729056088 -0.07122839039135259 0
964 0.03899860800885898 -0.04081733092825358 0
965 0.005430817794032497 -0.03994809825724539 0
966 0.02163340106105761 -0.05034855379191745 0
967 0.006517824862444593 -0.01999396041909911 0
968 -0.0270671776178478 -0.01916064722136148 0
969 -0.01080447338305351 -0.02955484661808434 0
970 -0.02602278165837403 0.0008225439300989 0
971 -0.05966237914760267 0.001656656360935981 0
972 -0.04335293884920688 -0.008758283386164169 0
973 -0.05862604058814008 0.02169021636588085 0
974 -0.0923712467199396 0.02254109054227092 0
975 -0.07599770437453901 0.01208826699900292 0
976 -0.09134279200245626 0.04266853220586649 0
977 -0.1253071266753045 0.04353355539845914 0
978 -0.108797889314406 0.033019903374431 0
979 -0.1243165752383233 0.06384932626902823 0
980 -0.1587244292910746 0.0647124505755165 0
981 -0.1419324119307496 0.05409180173029871 0
982 -0.1578218886768089 0.08538899904045211 0
983 -0.19305188200579 0.0862323937179497 0
984 -0.1757400072842506 0.07541537956309219 0
985 -0.1922894597687936 0.1075421814362836 0
986 -0.2288981451368358 0.1083664995058772 0
987 -0.2107422488300761 0.09719973776632024 0
988 0.2069464037487514 -0.1069131638012744 0
989 0.1712944936557849 -0.1058309283352939 0
990 0.1882298607962992 -0.1170531392596461 0
991 0.1726415606814755 -0.08497905075680885 0
992 0.1380241962573595 -0.08399917801952317 0
993 0.1545772107614884 -0.094828585883331 0
994 0.1392661708338739 -0.06361602898396607 0
995 0.1052301905752787 -0.06270397688696321 0
996 0.1215870755628764 -0.07330176139617012 0
997 0.1063933346505607 -0.04256966080178727 0
998 0.07264318188117913 -0.04170263907904086 0
999 0.08892189744336895 -0.0521776834259239 0
1000 0.07375023806009087 -0.02168318588039971 0
1001 0.04011665476778856 -0.02084059730015242 0
1002 0.05637723306068011 -0.03126102126427704 0
1003 0.04119463034313237 -0.0008646143735316874 0
1004 0.007591476746904843 -2.262798288892895e-05 0
1005 0.02385516160801217 -0.01043048932184601 0
1006 0.008676154395597477 0.01994550722961198 0
1007 -0.02494646524311406 0.02081659331122516 0
1008 -0.008675432811254546 0.0103905042722312 0
1009 -0.02380802131470477 0.0408047166871557 0
1010 -0.05751149704009753 0.04174214232499127 0
1011 -0.04122308446281778 0.03126346010036873 0
1012 -0.05625909805612458 0.06179835082867261 0
1013 -0.09016351804857664 0.06284862847473727 0
1014 -0.073819367838005 0.05226451082878331 0
1015 -0.08872180655484044 0.08306849935124193 0
1016 -0.1230504971459333 0.08428977632206135 0
1017 -0.1065633173333434 0.07351422645685723 0
1018 -0.1213268162827646 0.1048406466924616 0
1019 -0.1564436657906633 0.1063065539146064 0
1020 -0.1396609416488956 0.09520669747935809 0
1021 -0.1543278979620401 0.1274459069793237 0
1022 -0.1907559869284601 0.1292501279288511 0
1023 -0.1734542898654935 0.1176362603390661 0
1024 0.24318199626743 -0.08597268072124166 0
1025 0.2076973221361475 -0.08569112303260354 0
1026 0.2252907190593465 -0.09653607884020161 0
1027 0.2080142048917597 -0.06488758713379832 0
1028 0.1735356929561384 -0.06438077956250858 0
1029 0.1904723515183841 -0.07498474008922951 0
1030 0.1742043576274385 -0.04402918573954598 0
1031 0.1402548512005346 -0.04336710868958096 0
1032 0.1568155212858778 -0.05384840782946575 0
1033 0.1411366168022808 -0.02324556587901341 0
1034 0.1074276061494914 -0.02249589483996549 0
1035 0.1238033091013287 -0.03291965083711496 0
1036 0.1084143812495457 -0.002481138945952031 0
1037 0.07480114287856909 -0.001689024167194509 0
1038 0.09109847490680187 -0.01208736126641997 0
1039 0.07583430408080916 0.01827318154714813 0
1040 0.04226289508295719 0.01909413927463047 0
1041 0.05852331960492364 0.008703406269172391 0
1042 0.04334079021256168 0.03901938267434875 0
1043 0.009796538468322985 0.03989020254250718 0
1044 0.02601913045941354 0.02948732969656538 0
1045 0.0109768989859907 0.0597847923271497 0
1046 -0.02256475839949432 0.06076225708700388 0
1047 -0.006399832864102423 0.05031055831929138 0
1048 -0.0211637745695013 0.08065165697649268 0
1049 -0.05478499264362402 0.08182906369536881 0
1050 -0.03869318854983647 0.07126045833294407 0
1051 -0.05298494655565547 0.101785872073333 0
1052 -0.08687190326148853 0.10329257177796 0
1053 -0.07084098850427414 0.09249420608270906 0
1054 -0.08443926448448527 0.1234631627770661 0
1055 -0.1189241016822395 0.1254607478709507 0
1056 -0.1028906099098036 0.114264514503969 0
1057 -0.1155875589868054 0.1460876686269084 0
1058 -0.151173785914484 0.1487583351266436 0
1059 -0.1350033552809408 0.1369382232359957 0
1060 0.277287403155026 -0.06451279121370573 0
1061 0.2426328759608999 -0.06499164651838886 0
1062 0.260537738668434 -0.07527415878999416 0
1063 0.2420413718621487 -0.04457256825675671 0
1064 0.2081718717255836 -0.0444678807925139 0
1065 0.2252152566885369 -0.05473001938817214 0
1066 0.208402809558315 -0.02436808250685514 0
1067 0.174826512351987 -0.02388799858042939 0
1068 0.1914017206204274 -0.03418836711523671 0
1069 0.1755345243551206 -0.003902308682571945 0
1070 0.1420112702994194 -0.0032248159077275 0
1071 0.1583775074660999 -0.01356521044438124 0
1072 0.1429363691274105 0.01673101348393268 0
1073 0.1093974159249532 0.01748625599148764 0
1074 0.1256900424232447 0.007127818890232483 0
1075 0.1103874145630139 0.03741909681388682 0
1076 0.07686242224332536 0.03819800670240855 0
1077 0.09312051151943113 0.0278441459287513 0
1078 0.07787580338835487 0.05807404959315939 0
1079 0.04443448243275375 0.05888782049728771 0
1080 0.060628467908928 0.04854484992493827 0
1081 0.04553860161333462 0.07866341297380026 0
1082 0.01224091744771297 0.07958761993411963 0
1083 0.02829781107176657 0.06923098516957842 0
1084 0.01361204622412571 0.09923761492059935 0
1085 -0.01953981680264832 0.100412826997679 0
1086 -0.003712570135466525 0.08997256421329833 0
1087 -0.01761503803452208 0.1199604008985426 0
1088 -0.05072888382670476 0.1215920200077747 0
1089 -0.03521708932709328 0.1109379992940397 0
1090 -0.04785908640195954 0.1411430668161224 0
1091 -0.08121087685256526 0.1434935482335651 0
1092 -0.06605946448561817 0.1324231993623356 0
1093 -0.07693063734173858 0.1632749737190188 0
1094 -0.1110163128208287 0.1666338044913787 0
1095 -0.09618635536890424 0.1548725519798841 0
1096 0.3086912860768255 -0.04312541606631523 0
1097 0.2756285334467706 -0.04419225988192572 0
1098 0.2933580010393835 -0.05376145318297741 0
1099 0.2744777066269634 -0.02452169104003438 0
1100 0.2416998620706468 -0.02461187963134882 0
1101 0.2584620329024624 -0.0344747174428762 0
1102 0.2418340971523724 -0.004968142595010854 0
1103 0.208868864095174 -0.004492245433802883 0
1104 0.2252018153052999 -0.01461010118230091 0
1105 0.2096624743441487 0.01527340599880084 0
1106 0.1763935764829472 0.01599837125368392 0
1107 0.1926151811952415 0.005719342095655219 0
1108 0.1774091604788134 0.03588840466733685 0
1109 0.1439148288628142 0.03666085724971483 0
1110 0.1601636821068222 0.0263197007314878 0
1111 0.1449031817185145 0.05659814262424849 0
1112 0.1113548955406906 0.05732381104413646 0
1113 0.1276402162471804 0.04700050861228143 0
1114 0.1122364071652661 0.07719430591042699 0
1115 0.07883805157160127 0.07787545281027891 0
1116 0.09507641858643785 0.06761693890449494 0
1117 0.07968965785432044 0.09755719505794073 0
1118 0.04663376247547153 0.0982875753294436 0
1119 0.06267517936534965 0.08809596824694367 0
1120 0.04768839595985654 0.117674991368299 0
1121 0.01511368216372462 0.1186426384220909 0
1122 0.03076218448694435 0.1084608210951788 0
1123 0.01677186189422714 0.1376753109623237 0
1124 -0.01529307874475797 0.1391706370728439 0
1125 -0.0002553800505203374 0.1288624546423496 0
1126 -0.0124502073459602 0.1578789141269442 0
1127 -0.04417359964238857 0.1602966788390861 0
1128 -0.02994374127128002 0.1496225824211385 0
1129 -0.03940508463698864 0.1788798135518473 0
1130 -0.07127415098376894 0.1826741791793726 0
1131 -0.05794588009673216 0.171281469816519 0
1132 0.336919353777985 -0.02267879006287108 0
1133 0.3063761938181872 -0.02395153349496645 0
1134 0.3232250001102442 -0.03271027638240059 0
1135 0.3053681789742205 -0.005415229951754538 0
1136 0.2741401294094102 -0.005293751871890163 0
1137 0.2900905179946137 -0.01479576969657268 0
1138 0.2747977742243189 0.01374498223532762 0
1139 0.2425565798736209 0.01453271839437509 0
1140 0.2583326340807448 0.004504033275872862 0
1141 0.2438723538726516 0.03407573719097062 0
1142 0.2107793824588308 0.03504969598744063 0
1143 0.2267180188772723 0.02473303453126258 0
1144 0.2121346223625128 0.0549510578971476 0
1145 0.1785134282912083 0.0558349908034724 0
1146 0.1947092970352535 0.04543113472506132 0
1147 0.1795797447523937 0.07589076311871115 0
1148 0.1458042794960785 0.07656092741450889 0
1149 0.1622002529204034 0.06622124889924141 0
1150 0.146476985700912 0.09654783636641909 0
1151 0.1129290658375826 0.09700260437046673 0
1152 0.1293618108261619 0.08682642883387055 0
1153 0.1132952266802382 0.1166960699833299 0
1154 0.08034239872712959 0.1170445903486841 0
1155 0.096564303317837 0.1070751278480512 0
1156 0.08068001942134861 0.136229848420209 0
1157 0.04865387045261278 0.1366995536685264 0
1158 0.06434151085088434 0.1269123059806424 0
1159 0.04946447476711888 0.1551872733082418 0
1160 0.01861718567779483 0.1561529174684319 0
1161 0.03337731809879738 0.1464289103191247 0
1162 0.02069549262112917 0.1738234603843873 0
1163 -0.008910620144428061 0.1758584992198348 0
1164 0.004488418616767464 0.1659286549327452 0
1165 -0.004400910427719493 0.1928193608163506 0
1166 -0.03316596917862087 0.1966884302024179 0
1167 -0.02146995422074222 0.1860618882691435 0
1168 0.3616977565411439 -0.004571025158047378 0
1169 0.334868358321361 -0.005237582845128802 0
1170 0.3497400826143199 -0.01319992092074856 0
1171 0.3353746783460895 0.01180435950948474 0
1172 0.3059491967169122 0.01286038618820745 0
1173 0.3203864620773746 0.003502616915113017 0
1174 0.3081281932059837 0.03129088806069541 0
1175 0.2764399220743359 0.0328678317368048 0
1176 0.2913291648211781 0.02269132851087131 0
1177 0.2788948343276619 0.05233373405913835 0
1178 0.2456539827217897 0.05383273429607068 0
1179 0.261215453899351 0.04327782558445967 0
1180 0.2476770847513426 0.07394935917283169 0
1181 0.2135551998677164 0.0750684866902934 0
1182 0.2297552065583387 0.06445056749290877 0
1183 0.2148040591367143 0.09546602709742627 0
1184 0.1804197082834598 0.09608230461005307 0
1185 0.1970896530979832 0.08562692672743072 0
1186 0.1807964523491657 0.1164102056671078 0
1187 0.1467315162722611 0.1165294463910437 0
1188 0.1636062387335986 0.1063923996575015 0
1189 0.146334146874939 0.1364493932601996 0
1190 0.1131528813702452 0.1361886272185608 0
1191 0.1298786865496866 0.1264658067484642 0
1192 0.112271907775073 0.1553610702481608 0
1193 0.08054224196252921 0.1549581549878639 0
1194 0.09666222704069519 0.1456843859552366 0
1195 0.07971107647187244 0.1730219509996707 0
1196 0.05002039641220447 0.172886118629078 0
1197 0.06493528366636275 0.1640134174774793 0
1198 0.05018246371108096 0.1894283594433057 0
1199 0.02307556353197356 0.1903045151959244 0
1200 0.03599410757840849 0.1816101387423652 0
1201 0.02592597821562129 0.2050397506647834 0
1202 0.001585517199870684 0.2084062753837741 0
1203 0.01154949884882681 0.1991418037501463 0
1204 0.3845910784300679 0.008141382206595202 0
1205 0.36210985659955 0.01039772907061429 0
1206 0.3729658644341087 0.002769141203581529 0
1207 0.3667804602216899 0.02598331079039572 0
1208 0.3384401049950636 0.02912064325890634 0
1209 0.3506687660173373 0.0193249644711001 0
1210 0.3434699244671737 0.04728956405214806 0
1211 0.3116035773778488 0.05024734406921125 0
1212 0.325409915560616 0.03948810412252126 0
1213 0.3158981386443487 0.07001942314607526 0
1214 0.2818403835912499 0.07234507750133064 0
1215 0.2970590183449445 0.06123693627589863 0
1216 0.2848713397812063 0.0930463197232623 0
1217 0.2496327445664872 0.09452389727633596 0
1218 0.2660051695327376 0.08346637670691007 0
1219 0.2511602469453713 0.1156130902748239 0
1220 0.2155870813621789 0.1161702372942605 0
1221 0.2327959030283453 0.1054433349035161 0
1222 0.2155685923599396 0.1371765798316786 0
1223 0.1804238082081221 0.1368440610288471 0
1224 0.1980940153565296 0.126650175127644 0
1225 0.1789716167551257 0.1573290365837152 0
1226 0.1449949177191373 0.1562220998158265 0
1227 0.1626813932863403 0.1467109858634013 0
1228 0.1423621044925484 0.1757416574399481 0
1229 0.1103421484321531 0.1740582586639175 0
1230 0.1274933789670561 0.1653456112235552 0
1231 0.1069450702992502 0.192105073813955 0
1232 0.07785006363964078 0.1901444979853947 0
1233 0.09371239571899392 0.1823327505494394 0
1234 0.07440599108844624 0.2060073910058593 0
1235 0.04967660394212252 0.2042599441455555 0
1236 0.0630259309414605 0.1974596921283371 0
1237 0.04794386342709647 0.2164868419097376 0
1238 0.03005993290630614 0.2172574392749516 0
1239 0.03834627258625373 0.2106813801262399 0
1240 0.4794847814518572 -0.03137920233389129 0
1241 0.5005882301104569 -0.05293637606200399 0
1242 0.4723162122154105 -0.04770258247863322 0
1243 0.4857563182351609 0.001424079136227405 0
1244 0.5125415121472623 -0.01698492586746051 0
1245 0.4839998578330416 -0.01499384680059559 0
1246 0.02921943295659329 -0.3020359275194883 0
1247 -0.02793702450130511 -0.3028850006029836 0
1248 0.001482455448906614 -0.320315668830624 0
1249 0.0005950834647450165 -0.3030426340356357 0
1250 0.08675722398879668 -0.2966224031599187 0
1251 0.06285531911422307 -0.3172862870358223 0
1252 0.05794701945305394 -0.2998824057390285 0
1253 0.1444900672220905 -0.2869165858722139 0
1254 0.1243549659674885 -0.3097981602512621 0
1255 0.1156245143013498 -0.2922881120158465 0
1256 0.2019503042924567 -0.2731754805980001 0
1257 0.1856172821453832 -0.2980492824682657 0
1258 0.1732933385366008 -0.2805365348005969 0
1259 0.2584703252830547 -0.2555920738021492 0
1260 0.2460821690987299 -0.2821993523332859 0
1261 0.2303763354679527 -0.2648542134722659 0
1262 0.3132381115757905 -0.2343006816155792 0
1263 0.3050367964560317 -0.2623497035824769 0
1264 0.2861298965765272 -0.2454026460900383 0
1265 0.3653037234306098 -0.2094044776347348 0
1266 0.3616295775824342 -0.2385492898610138 0
1267 0.3396751250049427 -0.2222959581987153 0
1268 0.4135450038336395 -0.1810219425180562 0
1269 0.4148369430433765 -0.210825916986336 0
1270 0.3899813078544485 -0.1956381703484671 0
1271 0.4566305771715969 -0.1493467164288126 0
1272 0.4633967883044434 -0.1792450780755376 0
1273 0.4358242295402102 -0.1655775347431585 0
1274 0.4930225500196425 -0.1147105015756276 0
1275 0.5057775651169352 -0.1439842963550045 0
1276 0.4757653095044865 -0.1323691850699406 0
1277 0.5210466374080396 -0.07763447762568373 0
1278 0.5402185510358242 -0.1054174047852303 0
1279 0.5081832380918112 -0.09643527870305924 0
1280 0.539059850921865 -0.03883508891986504 0
1281 0.5648751555353488 -0.06418788004084262 0
1282 0.5313935786783881 -0.05839833030629051 0
1283 0.5457223274312648 0.0008415870468963171 0
1284 0.5780919863726888 -0.02122772639704267 0
1285 0.5438564415644604 -0.01905139616997589 0
1286 0.03500487959361964 -0.3378428293241721 0
1287 -0.03034360755257874 -0.3384901947350987 0
1288 0.003074494801841535 -0.3583121665010106 0
1289 0.002304421384792421 -0.3387404768021207 0
1290 0.1004662043859814 -0.3326424263640058 0
1291 0.07262599553959359 -0.3554403377965301 0
1292 0.06773788282200041 -0.335803183735651 0
1293 0.1657301561109789 -0.3230197461027657 0
1294 0.1420501638200924 -0.3480390011640566 0
1295 0.1331501743272309 -0.3283748563321607 0
1296 0.2303178422590461 -0.3090964239416337 0
1297 0.2109155992368193 -0.3361927893607243 0
1298 0.1981450669181651 -0.3165895505330495 0
1299 0.2936086523189479 -0.2909436217820521 0
1300 0.2786714008125553 -0.3199467826187021 0
1301 0.2621698891514256 -0.3005465431304007 0
1302 0.3548536689602838 -0.2685685607529462 0
1303 0.3446601263151686 -0.299280664384122 0
1304 0.3245396852497663 -0.2802856627286198 0
1305 0.413156118725062 -0.241921913171838 0
1306 0.4081140605909988 -0.2740910676103195 0
1307 0.3844382222242324 -0.2557827726805796 0
1308 0.4673812970466514 -0.2109442711136248 0
1309 0.4680798976350513 -0.2442081533107199 0
1310 0.4408634374885623 -0.2269751734735498 0
1311 0.5160649647579519 -0.175645376162636 0
1312 0.5232455360468762 -0.209473132877107 0
1313 0.4925220724433542 -0.1938271118739677 0
1314 0.5574096589078057 -0.1362027555553929 0
1315 0.5718608659419113 -0.1698390091714542 0
1316 0.5377783207806948 -0.1564180143494462 0
1317 0.5893759652056818 -0.09308708615820413 0
1318 0.6117670598499751 -0.1255181021749032 0
1319 0.5746931403604985 -0.1150564484027856 0
1320 0.6099374123479497 -0.04716872778554206 0
1321 0.6405676001624436 -0.0771708461486558 0
1322 0.6011901875401406 -0.07040363988999783 0
1323 0.6175072874713983 0.0002573425829772555 0
1324 0.6560502676751063 -0.02605510490177315 0
1325 0.6153992168487914 -0.02354845246159005 0
1326 0.04067794548739524 -0.3781983678513339 0
1327 -0.03303180564421057 -0.3787216104062653 0
1328 0.004502557846981226 -0.4009144371988645 0
1329 0.003805724182262132 -0.3790364845032149 0
1330 0.114372798047892 -0.3730824592813385 0
1331 0.08252479776247253 -0.3981256560565891 0
1332 0.07755023859491758 -0.3762115150054089 0
1333 0.1876467348880699 -0.3634235507856163 0
1334 0.1603049415621526 -0.3907311391591712 0
1335 0.151093496235702 -0.3688186746853689 0
1336 0.2599824509301689 -0.349247152057903 0
1337 0.2373246961944739 -0.3787434280902276 0
1338 0.2239671986160629 -0.356901325307717 0
1339 0.3307928636462665 -0.330517919833037 0
1340 0.3130293082831938 -0.362122128694742 0
1341 0.2956187958860639 -0.3404580731314262 0
1342 0.3994117676397797 -0.3071087398545466 0
1343 0.3868205353408186 -0.3407434617857645 0
1344 0.3654210360303607 -0.319412279103749 0
1345 0.4650857081967217 -0.2787714211489057 0
1346 0.458089972347423 -0.3143356911724871 0
1347 0.432674987258295 -0.2935763128263826 0
1348 0.5267590948818022 -0.2451894290473226 0
1349 0.5261282157924809 -0.2824540042092973 0
1350 0.4965127257014785 -0.2626553185958134 0
1351 0.5828385527510098 -0.2060900046828157 0
1352 0.5896527401655929 -0.2446144638618894 0
1353 0.5556233921863243 -0.2263412975396057 0
1354 0.6311750581399918 -0.1613710509174268 0
1355 0.646666742155422 -0.2003982078645301 0
1356 0.6081346358677358 -0.1844240159858566 0
1357 0.6691010504883843 -0.1113462445483146 0
1358 0.6944415562037112 -0.1496658585725223 0
1359 0.6516203818867763 -0.136974619257285 0
1360 0.6937628592678051 -0.05701558059190152 0
1361 0.729584774082469 -0.09294358312005679 0
1362 0.6832535648440208 -0.08461826799082593 0
1363 0.70282028421336 -0.0002722176768037716 0
1364 0.7486806208937777 -0.03182477211669635 0
1365 0.7003288273202559 -0.02879139407615747 0
1366 0.04636701040969895 -0.4231662628615779 0
1367 -0.03599095482212641 -0.4236059657171623 0
1368 0.005801025033262422 -0.4481837005705184 0
1369 0.005169720441072126 -0.4239665430906527 0
1370 0.128702108861468 -0.4180883121569403 0
1371 0.09266692673260409 -0.4454553330579032 0
1372 0.08756513812064426 -0.4212077242243236 0
1373 0.2105043505797877 -0.4083705141267946 0
1374 0.1793228579324655 -0.4380606911449772 0
1375 0.1697084080436409 -0.4138113116363049 0
1376 0.2911757314920798 -0.393977810821724 0
1377 0.2650490463805908 -0.4259745128052997 0
1378 0.2510135452575126 -0.4017651078864621 0
1379 0.3701751482298475 -0.374800458122683 0
1380 0.3493041214748357 -0.4091041541758763 0
1381 0.3309210345286143 -0.384999559879342 0
1382 0.4469249431127379 -0.3506074883761348 0
1383 0.4315181299803269 -0.3872842767855873 0
1384 0.4088589637056624 -0.3633574895315134 0
1385 0.5210311383517328 -0.3209013921550952 0
1386 0.5113191739231524 -0.3601090102769661 0
1387 0.484340349447947 -0.336486848978489 0
1388 0.591755491567989 -0.2849947181223087 0
1389 0.5887305364901276 -0.326721452246973 0
1390 0.5569095071760966 -0.3037662381382011 0
1391 0.6573922041392635 -0.2422078830802758 0
1392 0.6626271107489774 -0.2862102720442841 0
1393 0.6253546515923043 -0.2645050395353725 0
1394 0.7154126394552702 -0.1919111272912377 0
1395 0.7307926702149261 -0.2375770145907067 0
1396 0.6875635923635215 -0.2180210567857917 0
1397 0.7621824473626089 -0.133983719136424 0
1398 0.7898807143622886 -0.1799295697607665 0
1399 0.7404758756199339 -0.1638695106912982 0
1400 0.7932921385092864 -0.06933428490932442 0
1401 0.8348412366119899 -0.1132501819508167 0
1402 0.7799704385184087 -0.1023738398862489 0
1403 0.8047178670353718 -0.0006468224829056995 0
1404 0.8598611156390619 -0.03915692684906497 0
1405 0.8016311003729322 -0.03523801119767309 0
1406 0.05207268571757335 -0.4727714332765152 0
1407 -0.03922365518776216 -0.4731419739448909 0
1408 0.006391915032134293 -0.4735254114879569 0
1409 0.1435532855595885 -0.4677384206720644 0
1410 0.09782083761136329 -0.4708301570558101 0
1411 0.2344984272206504 -0.4579951891914424 0
1412 0.1891594980872168 -0.4634450221971614 0
1413 0.323988991195442 -0.4435064973275303 0
1414 0.2794296164779783 -0.451342581675874 0
1415 0.4118238237826812 -0.4240949687441334 0
1416 0.3681698176466963 -0.4344100197002551 0
1417 0.4970926434291662 -0.3996058573972638 0
1418 0.4547669350783527 -0.4125046416505752 0
1419 0.5803347729840584 -0.3692368821862131 0
1420 0.538898840052772 -0.3852246064709188 0
1421 0.6619055919564716 -0.3316422233721915 0
1422 0.621442914561644 -0.3513808738815521 0
1423 0.7395354577291082 -0.2858425951623265 0
1424 0.7013237594807786 -0.309845767445967 0
1425 0.8108917167860308 -0.2300948524488752 0
1426 0.7762352544013027 -0.2592679225257888 0
1427 0.8709004466289814 -0.1634029252055882 0
1428 0.8426801714922563 -0.1981140833498332 0
1429 0.9125305636092591 -0.08585094986678392 0
1430 0.8944456766035074 -0.1258817491434472 0
1431 0.9280460275515741 -0.0006146973073239172 0
1432 0.9238881690566576 -0.04371047812976193 0
1433 -0.0403721007198285 -0.2339351141272024 0
1434 -0.0512283220525904 -0.2210466214528719 0
1435 -0.03634439674802066 -0.2246788990305298 0
1436 -0.04698236886283769 -0.2571128699402656 0
1437 -0.06369816445048898 -0.242067452431859 0
1438 -0.04378854087545253 -0.2448131232639536 0
1439 -0.05322917558183568 -0.2855302438009966 0
1440 -0.07438493318843792 -0.2681724210839966 0
1441 -0.05010897792645108 -0.2707029201323434 0
1442 -0.05961685640566378 -0.3187381497718235 0
1443 -0.08478856042893065 -0.2990388453078662 0
1444 -0.05639299597357886 -0.3015482861976776 0
1445 -0.06631315652756004 -0.3565917226038938 0
1446 -0.09541125939826542 -0.3345271140753633 0
1447 -0.06292127157945077 -0.3370868616359696 0
1448 -0.07338810012243455 -0.3990858360326624 0
1449 -0.1064710972435158 -0.3746307169006694 0
1450 -0.0698010580375529 -0.377257007350456 0
1451 -0.08087293865479692 -0.4462717152190468 0
1452 -0.1180576596609832 -0.4194141378712339 0
1453 -0.07707756595611001 -0.4220937436330835 0
1454 -0.1302049319651898 -0.4688915561735698 0
1455 -0.08477296368432863 -0.4715864864939117 0
1456 -0.07607942280412056 -0.2265108962285342 0
1457 -0.084690452535226 -0.2101478603676878 0
1458 -0.06742923661995145 -0.216094408491376 0
1459 -0.09146759773051699 -0.2506683553536212 0
1460 -0.1046909711977341 -0.2328617577447136 0
1461 -0.08398732767818567 -0.2380284436037039 0
1462 -0.1059323971150961 -0.2793416431420151 0
1463 -0.1231899392696362 -0.259587063221892 0
1464 -0.09874343235715505 -0.2644427974460567 0
1465 -0.120408177144806 -0.312519812922348 0
1466 -0.1414206652913085 -0.2905664061375573 0
1467 -0.1131372361298907 -0.2953669893939326 0
1468 -0.1353226566065822 -0.3502433034841117 0
1469 -0.1600418228096888 -0.3259459732816055 0
1470 -0.1277959032242014 -0.3308092374377 0
1471 -0.1508676948831787 -0.3926035433928075 0
1472 -0.1793847792013152 -0.3658764084859291 0
1473 -0.1430115283328895 -0.370838124414822 0
1474 -0.1670955879277742 -0.439709068995487 0
1475 -0.1995684515812625 -0.4105233571170605 0
1476 -0.1588973485621197 -0.4155621426790493 0
1477 -0.2205413489173077 -0.4599741657691271 0
1478 -0.1754582156194466 -0.4650143804670492 0
1479 -0.1144737902639225 -0.2146088462437752 0
1480 -0.1213784725866456 -0.1958584238646096 0
1481 -0.1027414005228723 -0.203371139405823 0
1482 -0.1368019735233668 -0.239695922617332 0
1483 -0.147118442227691 -0.2196204629030754 0
1484 -0.1257712597458673 -0.2266964234952384 0
1485 -0.1586207160578234 -0.2686442969810795 0
1486 -0.1722521012798112 -0.246745326179319 0
1487 -0.1477157447449446 -0.2536680802961792 0
1488 -0.1807606215528613 -0.3017522471688029 0
1489 -0.1976617519361 -0.2776915964525198 0
1490 -0.1696156389483209 -0.2846636697237406 0
1491 -0.2037021740249919 -0.3392621374703896 0
1492 -0.2239507331561501 -0.3128138650659346 0
1493 -0.1921136585161924 -0.3199435522170058 0
1494 -0.2276689259924344 -0.3814034313254626 0
1495 -0.251460852004929 -0.352425253781891 0
1496 -0.2155540028775609 -0.3597412655012251 0
1497 -0.2526635312397233 -0.4283924492661406 0
1498 -0.280300608530122 -0.3968216835893812 0
1499 -0.2400501966877802 -0.404284706087923 0
1500 -0.3102900131191659 -0.4462096857286403 0
1501 -0.2654718473860049 -0.4537078269357928 0
1502 -0.1545805415389228 -0.1993386104446287 0
1503 -0.1596628718771119 -0.1788821840139719 0
1504 -0.1404072492096987 -0.1876775112565852 0
1505 -0.1826340056154246 -0.2248612172464906 0
1506 -0.1901463724831846 -0.2030167138348059 0
1507 -0.1686197911382609 -0.2117089550502558 0
1508 -0.2109864566788748 -0.2537867935968719 0
1509 -0.2210364027779952 -0.2300828186507682 0
1510 -0.1967269926198676 -0.2388689072469997 0
1511 -0.2403113867666731 -0.28658234766328 0
1512 -0.2530233493638065 -0.2606406872298143 0
1513 -0.2254954921402092 -0.2696753122716724 0
1514 -0.2710578160702494 -0.323657485891958 0
1515 -0.2866388887604021 -0.295194742369757 0
1516 -0.2554894784675361 -0.3045620497822415 0
1517 -0.3034489884848824 -0.3653880018673669 0
1518 -0.3222115895250367 -0.334212521371116 0
1519 -0.2870444183850687 -0.3439202123543523 0
1520 -0.3374785237951921 -0.4121153164830937 0
1521 -0.3598655214415202 -0.3781301057308387 0
1522 -0.3202730176032426 -0.3881131248172344 0
1523 -0.3994999584545045 -0.4272540695035125 0
1524 -0.3550105293111901 -0.437389491600811 0
1525 -0.1952098682135662 -0.1812485308000755 0
1526 -0.198253775171685 -0.1596188716388341 0
1527 -0.1789908356632058 -0.1695140773588688 0
1528 -0.2281655581441426 -0.2066256372341409 0
1529 -0.2327668547868021 -0.183483291058941 0
1530 -0.2115721503948407 -0.1935933807502011 0
1531 -0.2623794577933289 -0.2350595318095821 0
1532 -0.2687235773137647 -0.2099294837760856 0
1533 -0.2450761104157942 -0.2204242773694997 0
1534 -0.2984407149743327 -0.2671332496096515 0
1535 -0.3067563383089827 -0.2395937023632387 0
1536 -0.2801497873915151 -0.2506067425999509 0
1537 -0.336770623382539 -0.3034068845164533 0
1538 -0.3473704414935966 -0.2731144155312412 0
1539 -0.3173049733974605 -0.284712236587114 0
1540 -0.3775943029387399 -0.3444141659109098 0
1541 -0.3908861203290215 -0.3111262893265782 0
1542 -0.3568653012370185 -0.3232892767087875 0
1543 -0.4209596326224056 -0.3906287962045241 0
1544 -0.4374252605954607 -0.3542423430828118 0
1545 -0.3989609352186777 -0.366853089900425 0
1546 -0.4869820144069544 -0.4028727224678409 0
1547 -0.4435675217282618 -0.415736474459407 0
1548 -0.2352567011238947 -0.1607201274673289 0
1549 -0.2360596073774585 -0.1384050752570068 0
1550 -0.2173173935595235 -0.1492329201360995 0
1551 -0.2724391592102572 -0.1853352171042218 0
1552 -0.2739439746974202 -0.1613696904043454 0
1553 -0.2536016300597332 -0.1727270115647661 0
1554 -0.3119251104543539 -0.2126926929300498 0
1555 -0.3143350805060454 -0.1865589122666323 0
1556 -0.2918556233035275 -0.1986290369767101 0
1557 -0.3543015026422247 -0.243484706814927 0
1558 -0.3579080145965654 -0.2146903423748083 0
1559 -0.3327225995680117 -0.2276153266206356 0
1560 -0.3999921901374757 -0.2784329873931278 0
1561 -0.4052011878669499 -0.2465456715353007 0
1562 -0.3767161930965199 -0.2603943340571532 0
1563 -0.4492047937525207 -0.3182748795640041 0
1564 -0.4565451128698146 -0.2829638954509396 0
1565 -0.4241568687534354 -0.2976986714367159 0
1566 -0.5019140150415178 -0.3637048659158173 0
1567 -0.5119933539963812 -0.3248288348784172 0
1568 -0.4751345340359007 -0.3402619139701364 0
1569 -0.5712110053100439 -0.3728682293349097 0
1570 -0.5295065318562064 -0.3886070539455537 0
1571 -0.2736762022209117 -0.1381072748673809 0
1572 -0.2720901377713072 -0.1156094713932813 0
1573 -0.2543553743101944 -0.1271772406049679 0
1574 -0.3144106035287446 -0.1613039618567995 0
1575 -0.3126155843200108 -0.1370326784103486 0
1576 -0.2936614976347607 -0.1494534074327894 0
1577 -0.3585804724229381 -0.1868915172661749 0
1578 -0.356765582399019 -0.1602467227214304 0
1579 -0.3360228098756181 -0.1737502958850208 0
1580 -0.4068481542796605 -0.2156804114138928 0
1581 -0.4053395145860169 -0.1860632007911465 0
1582 -0.3821688731041633 -0.2008313749370746 0
1583 -0.4596955389411952 -0.2485766588456513 0
1584 -0.4589823034667845 -0.2154170534242902 0
1585 -0.4326815771612887 -0.2315548615443588 0
1586 -0.517335674324241 -0.2865879638904343 0
1587 -0.5181122600044044 -0.2493850533878965 0
1588 -0.487921627824743 -0.2668774862019045 0
1589 -0.5795778354541978 -0.3307898487131801 0
1590 -0.5827953502564323 -0.2892203228455941 0
1591 -0.5479252045934404 -0.3078559322117763 0
1592 -0.6524173678395273 -0.3361807751231501 0
1593 -0.6121600259124209 -0.3554483361961641 0
1594 -0.3094381025597372 -0.1138172227256952 0
1595 -0.3053959750978662 -0.09170105347668718 0
1596 -0.2891415049131197 -0.1037576688215218 0
1597 -0.3529489002337539 -0.1348828887779094 0
1598 -0.3476648262795521 -0.1109054841892864 0
1599 -0.3306667013578165 -0.1241596519479233 0
1600 -0.4011382934736455 -0.1578891451000366 0
1601 -0.3947734123967728 -0.1313324246548319 0
1602 -0.3764063890283866 -0.1460878786313376 0
1603 -0.4548153382367949 -0.1837693391619812 0
1604 -0.4477022570793478 -0.1538988020570546 0
1605 -0.427248637012943 -0.1704051973332523 0
1606 -0.5146118479691271 -0.2136179777027762 0
1607 -0.5072779966316212 -0.179677826532598 0
1608 -0.4839215177170955 -0.1981205308446232 0
1609 -0.5808873039450035 -0.2487560975951079 0
1610 -0.5741460056990668 -0.209974622384322 0
1611 -0.5469383181358038 -0.2304324546740061 0
1612 -0.6535258750284556 -0.2907663967139711 0
1613 -0.6486322080999007 -0.2464761917226744 0
1614 -0.6164580214143345 -0.2688045954011762 0
1615 -0.7303542303219459 -0.2911143581270322 0
1616 -0.6919345425435035 -0.3147636229989293 0
1617 -0.3414801539907236 -0.08837672998955325 0
1618 -0.3350159197820369 -0.06731787251296231 0
1619 -0.3207282977118723 -0.07951837326421045 0
1620 -0.3868119319756857 -0.1065215657137542 0
1621 -0.3778777279995247 -0.08355551470343769 0
1622 -0.3634584378938081 -0.09733999743652852 0
1623 -0.4382088539246917 -0.1260128960680263 0
1624 -0.4269627101631184 -0.1002786225136801 0
1625 -0.4116890426310948 -0.1160365320102209 0
1626 -0.4966634274897087 -0.1478905096232108 0
1627 -0.4834182520848334 -0.1185218767537316 0
1628 -0.4664979658069859 -0.1365811914925568 0
1629 -0.5630585093619624 -0.1733850747763746 0
1630 -0.5482843356963829 -0.1394251590300859 0
1631 -0.5288206351058991 -0.1600947548574789 0
1632 -0.6381250520058792 -0.2040964395331768 0
1633 -0.6225979873480778 -0.1643998508970542 0
1634 -0.5994803467992793 -0.1879629058338143 0
1635 -0.72217927983935 -0.2422538522330929 0
1636 -0.7073394857452264 -0.1954614884662363 0
1637 -0.6790666660023741 -0.2220719460221064 0
1638 -0.8026646787338469 -0.2356480347932291 0
1639 -0.7672840289605707 -0.2649116352557955 0
1640 -0.3686427323149603 -0.06249333358911337 0
1641 -0.3598892275100326 -0.04335549830961173 0
1642 -0.3481221026120286 -0.05521271582315862 0
1643 -0.4146143973868593 -0.07681290514350252 0
1644 -0.4018727008144474 -0.05571744591401563 0
1645 -0.3907515656244634 -0.0696451187158988 0
1646 -0.4682222867782513 -0.09175029903506898 0
1647 -0.4517837620591267 -0.06770388821599906 0
1648 -0.4403955913712198 -0.08413663951902689 0
1649 -0.5305716429397369 -0.1083955848384407 0
1650 -0.5107239308233753 -0.08048504614095656 0
1651 -0.4982338484844303 -0.09978847528779324 0
1652 -0.6028503467332906 -0.1279544959882128 0
1653 -0.5798484401610708 -0.09510671015189789 0
1654 -0.5653882058672715 -0.1177208948754038 0
1655 -0.6864530148579699 -0.152045043270322 0
1656 -0.6606830325830375 -0.1127964411414552 0
1657 -0.6431432289821044 -0.1392983374909876 0
1658 -0.7829107961544117 -0.1831973443115044 0
1659 -0.7553439342012171 -0.1353742790086788 0
1660 -0.7330073673046713 -0.1665189220926721 0
1661 -0.8663634704102476 -0.1657887706819487 0
1662 -0.8361237852931402 -0.202538359585418 0
1663 -0.3895184758542985 -0.03710128242295114 0
1664 -0.3785481772287097 -0.02110674094317214 0
1665 -0.3701331143605127 -0.03191159365660143 0
1666 -0.4347859253183187 -0.04648176082078276 0
1667 -0.4179213132140689 -0.02822482046961836 0
1668 -0.4110249141526495 -0.04188305141992676 0
1669 -0.4894949361910797 -0.055779470120606 0
1670 -0.4675777447064095 -0.03433062365198714 0
1671 -0.4609102771801385 -0.05107405875471006 0
1672 -0.5545516798827792 -0.06598813127543679 0
1673 -0.5278456199706714 -0.04060779142085643 0
1674 -0.5206541011986694 -0.06071534242376889 0
1675 -0.6313483976657148 -0.07801766035679411 0
1676 -0.5997120113545227 -0.04772697770530365 0
1677 -0.5913650836136237 -0.07171035539313816 0
1678 -0.7220439564438559 -0.0930481070820231 0
1679 -0.685050606588643 -0.05637902148059694 0
1680 -0.6747783880171239 -0.08505985557695758 0
1681 -0.8299697511514339 -0.1129681193215318 0
1682 -0.7870310226352997 -0.06755927020157472 0
1683 -0.7735916319421412 -0.1022361432644647 0
1684 -0.9105742173155758 -0.08282975587835692 0
1685 -0.8916052118695277 -0.1256070499454325 0
1686 -0.4017945533305626 -0.01319739190968976 0
1687 -0.3867374704532915 -0.00206584847660811 0
1688 -0.3845141966463808 -0.01117384400745656 0
1689 -0.4455008766361289 -0.01619705966859106 0
1690 -0.4235256298523806 -0.001500764025974436 0
1691 -0.4221845632281776 -0.01478401683840283 0
1692 -0.5004205237571226 -0.01889633620391785 0
1693 -0.4727583255083458 -0.0007720285234413377 0
1694 -0.471564521853229 -0.01754883149472233 0
1695 -0.5667937415202513 -0.02176098731964238 0
1696 -0.5333692766991376 0.0001116075799795936 0
1697 -0.532107869980061 -0.02028842107434933 0
1698 -0.6459973458785726 -0.02510528509728508 0
1699 -0.6061177969770675 0.001180196965644267 0
1700 -0.6046558859263 -0.0233535549599049 0
1701 -0.7406292377863548 -0.02928815829240321 0
1702 -0.6929376429590894 0.002513123919174165 0
1703 -0.6911511246436453 -0.02706470442538769 0
1704 -0.855157164588543 -0.03484831075523635 0
1705 -0.7973071960552072 0.004276901129025636 0
1706 -0.7950267546249592 -0.03185393696957047 0
1707 -0.9248195816695588 0.006773569383537354 0
1708 -0.9217477335759221 -0.03838103331076459 0
1709 -0.4013436526131799 0.009532095109975562 0
1710 -0.3777974614830219 0.01673093924136953 0
1711 -0.3841523920917549 0.006971659991345349 0
1712 -0.4450069357852381 0.01384689781071267 0
1713 -0.4169901086050092 0.02506072980768604 0
1714 -0.4217190532842671 0.01173911553916493 0
1715 -0.4998929990856296 0.01815432569542052 0
1716 -0.4665676674922205 0.03263433580680215 0
1717 -0.4710583190890021 0.01596612521169728 0
1718 -0.5662082053301782 0.02294508181391858 0
1719 -0.5267559856058306 0.04064619081403099 0
1720 -0.5315578261872158 0.02046432869147499 0
1721 -0.6452826699871994 0.02863442690666941 0
1722 -0.5984691208522159 0.04982221788169575 0
1723 -0.6040205824265574 0.02564542332461561 0
1724 -0.7396144062954955 0.03579739480604305 0
1725 -0.6834538769504672 0.06097760935381317 0
1726 -0.6903202953139549 0.03197998126744273 0
1727 -0.8534326052488481 0.04541575391447464 0
1728 -0.7846081188741654 0.07535475290494163 0
1729 -0.7937380335406734 0.04020920699419709 0
1730 -0.906224890942221 0.09501290632724356 0
1731 -0.9193733104045398 0.05159842858146829 0
1732 -0.3882105039369276 0.03309434930665651 0
1733 -0.358232037747551 0.03845082543289174 0
1734 -0.3689585854898479 0.02729573867505488 0
1735 -0.4333233055646841 0.04384242056389658 0
1736 -0.3999764427982206 0.05212788554082729 0
1737 -0.4096272845260445 0.03853319531606066 0
1738 -0.4879376467382078 0.05472064823780321 0
1739 -0.449768427340737 0.0655869151927483 0
1740 -0.4594001702158564 0.04919597886180464 0
1741 -0.552866421184238 0.06675271358829032 0
1742 -0.5086185162149175 0.08001636750612789 0
1743 -0.5190455688487412 0.06053401270222929 0
1744 -0.6293740458190786 0.08091065860766908 0
1745 -0.5775637387572314 0.09648900122496817 0
1746 -0.5895693065552174 0.07349383549818951 0
1747 -0.7193894110444272 0.09848949616988942 0
1748 -0.6579469040008097 0.1162752662931648 0
1749 -0.6725398550561599 0.08916237033305439 0
1750 -0.8257572694379147 0.1215608881080369 0
1751 -0.7515454788953602 0.1412397514543858 0
1752 -0.7703243548508996 0.1091594104490427 0
1753 -0.8603107475814575 0.1742414192745288 0
1754 -0.8860384642805306 0.1360551331845669 0
1755 -0.3663039744188796 0.05793045670869046 0
1756 -0.332218773632004 0.06174056706889943 0
1757 -0.3459216155529256 0.04998365577522995 0
1758 -0.4121211627420615 0.07366230809551459 0
1759 -0.3748748808265607 0.07937342974302992 0
1760 -0.3883186096382237 0.06577359086758691 0
1761 -0.4656682068534566 0.0901307363153422 0
1762 -0.4239100219229547 0.09756231126683856 0
1763 -0.4378670269143661 0.08173548886003527 0
1764 -0.5279482631405483 0.1084353260832777 0
1765 -0.4803863220203463 0.1173432065943328 0
1766 -0.4956557108444474 0.09898155869927269 0
1767 -0.60000467501401 0.129789523575143 0
1768 -0.5452307008018522 0.1398484531357926 0
1769 -0.5626872388077153 0.1186409596701535 0
1770 -0.6830019191385686 0.1558016615839632 0
1771 -0.6193196164941235 0.1664613029231881 0
1772 -0.640067051771479 0.1420813837347821 0
1773 -0.7780783573320611 0.1888977662109906 0
1774 -0.7033837669399476 0.1991035176957999 0
1775 -0.7290014277683365 0.17126068492292 0
1776 -0.7972599670496083 0.2405529031567799 0
1777 -0.8301952500060736 0.2091046494196075 0
1778 -0.3379189934600925 0.08314851532832659 0
1779 -0.3012270278712673 0.08539103780664621 0
1780 -0.3172751902873697 0.07357853334747759 0
1781 -0.3831884279483993 0.1027388786945288 0
1782 -0.3433951610757575 0.1060601803085574 0
1783 -0.3598439214659286 0.09283036699063438 0
1784 -0.4346660300422784 0.1237038578866871 0
1785 -0.3906119055680878 0.1279447875471975 0
1786 -0.4080939490519458 0.1129875455617714 0
1787 -0.4932553708083787 0.1470694325976399 0
1788 -0.4437863458390052 0.1519457818061574 0
1789 -0.4630235060024996 0.1350158101522802 0
1790 -0.5597232178133964 0.1740343510182795 0
1791 -0.5036591346690129 0.1791060325261555 0
1792 -0.5254668956271882 0.1600150164871192 0
1793 -0.6346411804806877 0.2061224467276267 0
1794 -0.5707685861983249 0.2106716300500701 0
1795 -0.5961114032778836 0.1893223445575548 0
1796 -0.7180980345042134 0.2453885255879247 0
1797 -0.645297459204393 0.248210074406444 0
1798 -0.6753522099095719 0.2247081615939297 0
1799 -0.7266890533053116 0.2934639051607256 0
1800 -0.7626640628531911 0.2684299100721051 0
1801 -0.3044382218117435 0.1078927668069161 0
1802 -0.2662811497322257 0.1085659843472706 0
1803 -0.2841887362824517 0.09707782328773126 0
1804 -0.3480512298119197 0.1304405246816077 0
1805 -0.306869662970816 0.1315314326226457 0
1806 -0.3256882952389901 0.1189813639673953 0
1807 -0.3965525905671313 0.1548763092355163 0
1808 -0.3513576928639131 0.1562110067906067 0
1809 -0.3716431687658973 0.1423682926933521 0
1810 -0.4506849011132811 0.1821051609595583 0
1811 -0.4004882322538445 0.1833892408564417 0
1812 -0.4228778348819934 0.1680793289808233 0
1813 -0.5110073815502449 0.2131745414057502 0
1814 -0.4548542441179923 0.2139626643030465 0
1815 -0.4800510306642711 0.1970873499387029 0
1816 -0.5777949041468777 0.2493221270100749 0
1817 -0.5148295969057288 0.2489463536200485 0
1818 -0.5435988131945328 0.2305281609905988 0
1819 -0.6508197249948333 0.2919884357285835 0
1820 -0.5804346557268236 0.2894912130625141 0
1821 -0.6135840836068489 0.2697536506832067 0
1822 -0.650984456431605 0.3367214981526442 0
1823 -0.6893450449319267 0.3161322285659592 0
1824 -0.2669679528418326 0.1315204738733411 0
1825 -0.2282844299720821 0.1306804167671695 0
1826 -0.2476078868092415 0.1197835166819517 0
1827 -0.3080287953463421 0.1562548339194877 0
1828 -0.2664468338112173 0.1552890296067098 0
1829 -0.2870781351791566 0.1436490440973999 0
1830 -0.352808610610823 0.1832557786408115 0
1831 -0.307462197295344 0.1819790041605444 0
1832 -0.3299141526584415 0.1694252647541349 0
1833 -0.4019247896529752 0.2133011128909724 0
1834 -0.3519547879075333 0.2114376415417847 0
1835 -0.3767938818450008 0.1978460723389642 0
1836 -0.4558360257644442 0.2472506358903103 0
1837 -0.4004420428343168 0.244412506731301 0
1838 -0.4282638593288581 0.2297318188535938 0
1839 -0.5147593928090373 0.2860379560890654 0
1840 -0.4532800326987343 0.2816909830053037 0
1841 -0.4846751577673458 0.2659808471687032 0
1842 -0.578514901083685 0.3306269901380977 0
1843 -0.5106028610717339 0.324071589358944 0
1844 -0.5460769720585559 0.3075564932052823 0
1845 -0.5721528889871561 0.372176710487745 0
1846 -0.6119192377806488 0.355306808381938 0
1847 -0.2265027424543197 0.1535654493097759 0
1848 -0.1881104474064197 0.1513182816780707 0
1849 -0.2084134302729055 0.141203676500423 0
1850 -0.2642896416787752 0.1798037392581132 0
1851 -0.2231726138383605 0.1769660523518339 0
1852 -0.2451028540149056 0.1664061178693311 0
1853 -0.3047285655864461 0.2085910105829462 0
1854 -0.2600903020592186 0.2049789702648805 0
1855 -0.2841425518887162 0.193838239500556 0
1856 -0.3483699480184764 0.2405934833731404 0
1857 -0.2994267736170798 0.2359699365738459 0
1858 -0.3261198460597223 0.2241480690611523 0
1859 -0.3956582530012127 0.2765008109721388 0
1860 -0.3416803510692054 0.2705617025975008 0
1861 -0.371537360646169 0.2580170945687474 0
1862 -0.4469018021946051 0.3169948243441073 0
1863 -0.3872537320020684 0.3093621891404159 0
1864 -0.420772798093188 0.296136459800812 0
1865 -0.5022748430512443 0.3626729138323679 0
1866 -0.4364701276672097 0.3529278084479611 0
1867 -0.4740621671011331 0.3391660815171669 0
1868 -0.489731813215103 0.4015487556751953 0
1869 -0.5315266956462172 0.3875070601419122 0
1870 -0.1839954365308153 0.1736842712595292 0
1871 -0.1466518585055643 0.1701727043882702 0
1872 -0.1674829818455398 0.1609834514198174 0
1873 -0.2178998411737047 0.200805194629696 0
1874 -0.1780438392626009 0.1962789786694691 0
1875 -0.2007778953438022 0.1869336239713071 0
1876 -0.2534462473337492 0.2307112383867014 0
1877 -0.2103000286196509 0.2250016626443806 0
1878 -0.2354340382003787 0.2153742758062329 0
1879 -0.2911683940342581 0.2639815254300412 0
1880 -0.2439817111541209 0.2569015513547751 0
1881 -0.2720056951674857 0.246891054170535 0
1882 -0.3315284606580573 0.3011751117916656 0
1883 -0.2795996484538291 0.2925049291096374 0
1884 -0.3109941414415227 0.2820557005115849 0
1885 -0.3749148653836178 0.3428084569227833 0
1886 -0.3175895430521945 0.3322958278729188 0
1887 -0.3528216852160985 0.3214094986125804 0
1888 -0.4216869546142167 0.3893083657038149 0
1889 -0.3583370575854324 0.3767084437529608 0
1890 -0.397854056082785 0.3654367899884359 0
1891 -0.4021076740532831 0.426043716751843 0
1892 -0.4464534445957248 0.4144073280012572 0
1893 -0.1404056648734547 0.1916043626523793 0
1894 -0.1048661242063716 0.1869965381189703 0
1895 -0.125735214568474 0.1788518485320793 0
1896 -0.1698684631793471 0.2190233443202936 0
1897 -0.1320511118867854 0.2129768306995841 0
1898 -0.1550922987442891 0.2049708304437054 0
1899 -0.1999882515244112 0.2494674550931939 0
1900 -0.1590841851810585 0.2418480458418689 0
1901 -0.1848102079352155 0.2338350971361139 0
1902 -0.2313290634223396 0.283446764284157 0
1903 -0.1866004189391102 0.2741297990244506 0
1904 -0.2154748098878934 0.2659863568372789 0
1905 -0.2643744272542579 0.3214201604229099 0
1906 -0.2151475091949815 0.3102633081847326 0
1907 -0.2476126087344913 0.3019086807882024 0
1908 -0.2995360359756821 0.3637993581141324 0
1909 -0.2451671966227272 0.3506356556129531 0
1910 -0.2816667060936668 0.3420369938932357 0
1911 -0.3371933908367571 0.4109463260926007 0
1912 -0.2770390441188293 0.395601472504661 0
1913 -0.3180277767944197 0.3867628200641788 0
1914 -0.3112075872408634 0.445402815858719 0
1915 -0.3570469907982575 0.4363477935970025 0
1916 -0.09674531429212949 0.2070719564527696 0
1917 -0.06383825222276146 0.2015512804836648 0
1918 -0.08418144927386653 0.194573405343729 0
1919 -0.1211793591843357 0.2342184671985028 0
1920 -0.08620943792004204 0.2267855365137034 0
1921 -0.1090464149427974 0.2202630911494648 0
1922 -0.145309151263423 0.2646887373108971 0
1923 -0.1073844850557595 0.2552849210149978 0
1924 -0.1332392944087758 0.2490099751273465 0
1925 -0.1697852767217616 0.2989183979042821 0
1926 -0.128188259456692 0.2875064164423571 0
1927 -0.1574707314405155 0.2813107857966798 0
1928 -0.1951050865140474 0.3372696610643513 0
1929 -0.1492230925823154 0.3237854449151938 0
1930 -0.1823152317250233 0.3175591029656521 0
1931 -0.2216418284640665 0.3800672287001083 0
1932 -0.1708928306236336 0.3644085956806074 0
1933 -0.2082018552478871 0.3580945737347734 0
1934 -0.2497121397979086 0.4276189181050325 0
1935 -0.1934593852142907 0.4096586245104148 0
1936 -0.2354639778216323 0.4032356731061273 0
1937 -0.217065314340857 0.4597737056341792 0
1938 -0.2644361736122748 0.4532103256742782 0
1939 -0.05412886914780679 0.2197862146969343 0
1940 -0.02490095462438831 0.2135266911992783 0
1941 -0.04400889111986256 0.2078882784325761 0
1942 -0.07279209690964264 0.2460923323727769 0
1943 -0.04156230735960867 0.23733075942367 0
1944 -0.06367341863909198 0.2324985322081273 0
1945 -0.09028344106860739 0.2761509319004796 0
1946 -0.05605437498743815 0.2650008954530271 0
1947 -0.08162859682243595 0.2606321491131371 0
1948 -0.1073978662474305 0.3102688985288893 0
1949 -0.0695449829638069 0.2968256324376597 0
1950 -0.09885353019167686 0.2926879061738594 0
1951 -0.1246196656798642 0.3486827717273704 0
1952 -0.08266401826393957 0.3329659779576775 0
1953 -0.115976072707177 0.3289256964779739 0
1954 -0.1422144508821661 0.391620919741983 0
1955 -0.09572301606425965 0.373580196361401 0
1956 -0.1333624179664567 0.3695724989722409 0
1957 -0.1602745513289032 0.439334753447097 0
1958 -0.1088143450218702 0.418861728093265 0
1959 -0.1511910682713213 0.4148683012346476 0
1960 -0.1218168984731715 0.4689888201252633 0
1961 -0.1694431406445921 0.4650181006335468 0
1962 -0.01383712854007191 0.2292730198210241 0
1963 0.01012211106275719 0.222319073159604 0
1964 -0.006763245985702396 0.2183838535303464 0
1965 -0.0255709163289921 0.2542154047912611 0
1966 0.0009412690419423053 0.2439886080503925 0
1967 -0.02000875909163195 0.2412025333250742 0
1968 -0.03563402608031851 0.2835540908613498 0
1969 -0.005721894444123785 0.2705622082793936 0
1970 -0.03074505176145542 0.268332913330248 0
1971 -0.04490311677760284 0.3173239488233921 0
1972 -0.01127314731529729 0.3018293603205165 0
1973 -0.04033856399845948 0.299883187841951 0
1974 -0.05376196489923263 0.3555811258994289 0
1975 -0.01616515239119835 0.3376750468346978 0
1976 -0.04937337169480505 0.3358864775457921 0
1977 -0.06232018232789671 0.398437332838973 0
1978 -0.02052260267493286 0.3781085768566929 0
1979 -0.05808170952204189 0.3764262612239976 0
1980 -0.07048805033270289 0.4460557557419567 0
1981 -0.02424351900676923 0.4232228115971122 0
1982 -0.06646537714527886 0.4216439046306067 0
1983 -0.02709651917523992 0.4731003639663225 0
1984 -0.0743706041509048 0.4716599754231869 0
1985 0.02299623433347436 0.2344954388422368 0
1986 0.03958571241970204 0.2258270071786804 0
1987 0.02552297098183266 0.2250376038457177 0
1988 0.02001175803586225 0.2579213835640912 0
1989 0.04124052687817743 0.2456038490917063 0
1990 0.02129417617056717 0.2455033824592912 0
1991 0.01822228887284995 0.2865258404561909 0
1992 0.0435075767379727 0.2714215980590787 0
1993 0.01900573516769316 0.2716078131098638 0
1994 0.0171813814473718 0.3198921157376602 0
1995 0.04633959277416195 0.3022545210827344 0
1996 0.01761792715538546 0.3026254985104633 0
1997 0.0167944175857648 0.3578894979947801 0
1998 0.04979901951048632 0.3377985737742054 0
1999 0.01690264616161145 0.3383138151582883 0
2000 0.01716867288542047 0.4005268942794707 0
2001 0.05403557499356305 0.3779793389019911 0
2002 0.01686919975994924 0.3786255656890526 0
2003 0.0186302016989931 0.4478774688739203 0
2004 0.05934294560638019 0.4228248532127228 0
2005 0.01772568877691041 0.4236124432005456 0
2006 0.06636239129871135 0.4723237006154435 0
2007 0.01994217083934813 0.4732970066458946 0
2008 0.05747553023006947 0.233320086156165 0
2009 0.06823902785714146 0.2203655086354046 0
2010 0.05343397411594328 0.2240768743042288 0
2011 0.06445414464165156 0.256417395289562 0
2012 0.08096328858849587 0.2412914357231744 0
2013 0.06103763504398176 0.2441610323176575 0
2014 0.07133088458926742 0.2847339075714068 0
2015 0.09217525007554574 0.2672580268213256 0
2016 0.06786735774583705 0.2699587143070055 0
2017 0.07861194016650888 0.317829576970089 0
2018 0.1033249833675443 0.2979683016113019 0
2019 0.07490206806546715 0.3006968664948527 0
2020 0.08658864713100621 0.3555665125609289 0
2021 0.1149859649269999 0.3332875716710865 0
2022 0.08249661973760364 0.3361206283720412 0
2023 0.09554838878156957 0.3979375794942879 0
2024 0.1275193825619123 0.3732070651356694 0
2025 0.09092348976970943 0.3761721342605814 0
2026 0.1058938616829415 0.4449731790222306 0
2027 0.1412543137022904 0.4177717653809664 0
2028 0.1005119375438054 0.4208763333344092 0
2029 0.1565044796386679 0.4669476509439416 0
2030 0.1117750670252808 0.4701898324349558 0
2031 0.09312271774930858 0.2256963256877011 0
2032 0.1014764096643318 0.2093419629299144 0
2033 0.0843142199467195 0.2153574860861942 0
2034 0.1089509667726857 0.2496823181264727 0
2035 0.121876187612232 0.2318469987150249 0
2036 0.1012304422869035 0.2371308773960668 0
2037 0.1240349572013608 0.2781611171716682 0
2038 0.1408922128917257 0.2583449306104861 0
2039 0.1165129202532884 0.2633619986924449 0
2040 0.1393468515337264 0.3111261310271649 0
2041 0.1597990011785274 0.2890728890068234 0
2042 0.1316262893559318 0.2940822796452991 0
2043 0.1553994325191971 0.3486175587277887 0
2044 0.1793004788941465 0.324178430238764 0
2045 0.147258194417469 0.3293024516883207 0
2046 0.172528976220983 0.3907151687046854 0
2047 0.1997975851315092 0.3638105968807609 0
2048 0.1638114517486183 0.3690870863315353 0
2049 0.1910200795427823 0.4374827235371606 0
2050 0.2215312318935879 0.4081127281552014 0
2051 0.1815850089871587 0.4135199819524301 0
2052 0.2447348291899885 0.4570837979808722 0
2053 0.2008472568931485 0.4625637951428258 0
2054 0.1313680335597668 0.2136048389729729 0
2055 0.1379945851107605 0.1948983918013943 0
2056 0.1194463386136404 0.2024875040870607 0
2057 0.1541368116267754 0.238436586313416 0
2058 0.1641151301402453 0.2183842150458371 0
2059 0.1428738487374213 0.2255678530792581 0
2060 0.1765091526398521 0.2671012464491243 0
2061 0.189709892233186 0.245200069528705 0
2062 0.1653115672811852 0.2522706324546963 0
2063 0.1993410772874116 0.2998966216141032 0
2064 0.2156780501539763 0.2757998640676989 0
2065 0.1878315618009822 0.2829676604143403 0
2066 0.2231331164362471 0.337070456066499 0
2067 0.242619489247213 0.3105447344512558 0
2068 0.2110984618438886 0.3179225079125861 0
2069 0.2481290297301795 0.3788547514134177 0
2070 0.2708391694866145 0.349764907949513 0
2071 0.2354748228551035 0.3573745785363456 0
2072 0.2743954112986056 0.4254346981537048 0
2073 0.3003530647812227 0.3937772993228306 0
2074 0.2611022738128583 0.4015443926516706 0
2075 0.3309009165112952 0.4427603485439592 0
2076 0.288024405230615 0.4504864448648443 0
2077 0.1712650484056676 0.1981609076791513 0
2078 0.1760601855727161 0.1777928038301219 0
2079 0.1569210312091982 0.1866480500348184 0
2080 0.1997076982371912 0.2233577223367185 0
2081 0.2068730923088058 0.201594186785653 0
2082 0.185490246376901 0.2103738910999308 0
2083 0.2285226259220837 0.2519106885583585 0
2084 0.2381521129850119 0.228272295026902 0
2085 0.2140228302849727 0.2371850614112338 0
2086 0.2583752003666569 0.2842890231493303 0
2087 0.2705836862452142 0.2583818579650066 0
2088 0.2432896427666235 0.2675953124987432 0
2089 0.2896639453932199 0.3209209435589347 0
2090 0.3046606354921385 0.2924378647579757 0
2091 0.2738296160215178 0.302048060654546 0
2092 0.3224713683903048 0.3622258697559608 0
2093 0.3405935547978961 0.3309474529234143 0
2094 0.3058917677038249 0.3409641562851853 0
2095 0.3564673738593053 0.4086187284803098 0
2096 0.3782079965872688 0.374441328295963 0
2097 0.3393744134541865 0.3847653784313433 0
2098 0.4166143062668046 0.4234309946437243 0
2099 0.3736274444429136 0.4337854489143521 0
2100 0.2116209505698627 0.1799400982845157 0
2101 0.2143789552473331 0.158450363329132 0
2102 0.1952581707019551 0.1683778463941309 0
2103 0.2449038891542762 0.2049260320798846 0
2104 0.2491625960284714 0.1819324035706834 0
2105 0.2281401301438776 0.1920979495946031 0
2106 0.2794981437064538 0.2328950771267999 0
2107 0.2854413585500076 0.2079143289623152 0
2108 0.2619987066329251 0.2185018498076063 0
2109 0.3159732176230811 0.2644282428705279 0
2110 0.3238439232701971 0.2370175326348439 0
2111 0.2974744862074856 0.2481806496732665 0
2112 0.3546785841038561 0.3001070654418459 0
2113 0.3648464905272151 0.2698798164553429 0
2114 0.3350393468710989 0.2817132014873649 0
2115 0.3956448359989435 0.3405377803927718 0
2116 0.4086755257484708 0.3071700218377533 0
2117 0.3748971793175065 0.3196899859067889 0
2118 0.438445096669011 0.386371020447861 0
2119 0.4552094947243318 0.3496183880624539 0
2120 0.4168743318087927 0.3627418288255717 0
2121 0.5039026088612311 0.397913718792379 0
2122 0.4601936967689939 0.4114651550516629 0
2123 0.2513419172436147 0.1593465267974138 0
2124 0.2518673251712433 0.137227220382345 0
2125 0.2332892187456838 0.1480500713619567 0
2126 0.2887887329549425 0.1835143222182146 0
2127 0.2899577588079445 0.1597749395925199 0
2128 0.2698126697501775 0.1711419242758887 0
2129 0.3285928225261644 0.2103156486183275 0
2130 0.3306071702590127 0.1844361475923798 0
2131 0.3083573747790452 0.1965450848719728 0
2132 0.3713410682041175 0.2404222733994485 0
2133 0.3745041873776361 0.2118942563753438 0
2134 0.3495702703504285 0.2249124317963779 0
2135 0.4174359604677901 0.2745515970230696 0
2136 0.4222068929832655 0.242896695723736 0
2137 0.3939572613587664 0.2569375622849366 0
2138 0.4670067369550674 0.3134856386894075 0
2139 0.4740670955253912 0.2782631015381468 0
2140 0.4417955879383699 0.2933668547089947 0
2141 0.5198218888567072 0.3580875963728264 0
2142 0.5301509795171376 0.3189206104828068 0
2143 0.4930454016688391 0.3350276321784425 0
2144 0.5900638792062713 0.3658259398964915 0
2145 0.5472463166964425 0.3827173191658058 0
2146 0.2893894339219912 0.1367569767007739 0
2147 0.2875414624781886 0.1145091051450576 0
2148 0.2699894799882004 0.1260266251181818 0
2149 0.3303181325916006 0.1594715354526569 0
2150 0.3281974487047256 0.1355070825137304 0
2151 0.3094655308982547 0.1478775990250198 0
2152 0.3747435077889092 0.1844311683200143 0
2153 0.3725264031396149 0.1581618559818078 0
2154 0.3520486628182256 0.1716252016621573 0
2155 0.4233624696303381 0.2123941545417896 0
2156 0.4213588359945847 0.1832267808697915 0
2157 0.3984920488274828 0.1979866321639614 0
2158 0.4767227186747957 0.2442035195679264 0
2159 0.4754112495372286 0.2115529678149561 0
2160 0.4494255158731864 0.2277618348393911 0
2161 0.5351607537251801 0.2808085514807701 0
2162 0.5352519055157364 0.244099762021641 0
2163 0.5052997850926466 0.2618429271731361 0
2164 0.5987055658309743 0.3232967654882864 0
2165 0.6012572760040387 0.2819768253869844 0
2166 0.5663180471186312 0.3012496173682544 0
2167 0.6734058728033789 0.3263601838952561 0
2168 0.6322144515457178 0.3470469223040654 0
2169 0.3247387083307711 0.1125981061466366 0
2170 0.3204620865478437 0.09077462623297397 0
2171 0.304403129616276 0.1027322402655253 0
2172 0.3683543334148701 0.13318530840829 0
2173 0.3627701340243334 0.1095840204018053 0
2174 0.3460149172279705 0.1227186856289689 0
2175 0.4167009263677717 0.1555435078255896 0
2176 0.4099437846865191 0.129477844691837 0
2177 0.391881224660598 0.1440922002558327 0
2178 0.4706428753067891 0.1805203024679129 0
2179 0.4629936212024582 0.1512981759982385 0
2180 0.4429239021603716 0.1676472659234238 0
2181 0.5309386003439708 0.2090743516009729 0
2182 0.5228293915982664 0.1759926420131706 0
2183 0.4999552628765612 0.1942850805190688 0
2184 0.5982277917458876 0.2423114940096798 0
2185 0.5902914309691474 0.2046498860886979 0
2186 0.5636765211174855 0.2250329089565916 0
2187 0.6729898443727922 0.281505430789782 0
2188 0.6661533689863073 0.238575944717964 0
2189 0.6346565314496977 0.2610910079899037 0
2190 0.7510221041601357 0.2790877552227816 0
2191 0.7131966490391393 0.3036555240522444 0
2192 0.3563420662532283 0.08740427765851735 0
2193 0.3496877624089607 0.06665716103035084 0
2194 0.3355970710228364 0.07871438075240778 0
2195 0.4016646102701709 0.105128578815608 0
2196 0.3924856634213605 0.08257582858934512 0
2197 0.3783152910707109 0.0961733446819496 0
2198 0.4530634568844931 0.1240373255376123 0
2199 0.4414872068243932 0.09886724102054717 0
2200 0.4265396266208579 0.1143778614863949 0
2201 0.5115699284014412 0.1450699533283554 0
2202 0.4978426406080995 0.1164955658320528 0
2203 0.4813673014471523 0.1342253561815921 0
2204 0.5781705773375134 0.1692793540884353 0
2205 0.5626242107671089 0.136474142075787 0
2206 0.5437983653549281 0.1567040217690677 0
2207 0.6538497348641386 0.1979334155425595 0
2208 0.6369611490878866 0.1599793544623396 0
2209 0.6148173941165647 0.1829592030769664 0
2210 0.739531220440317 0.2326189577009332 0
2211 0.7220692147296759 0.1885552507524005 0
2212 0.6954012873752922 0.2144191405711025 0
2213 0.8188112456380674 0.2241875649773475 0
2214 0.7862398021843489 0.2526700724486824 0
2215 0.3830702325997168 0.0618696986096807 0
2216 0.3741904979127422 0.04302776682485372 0
2217 0.3626035790804001 0.05471222413556752 0
2218 0.4289051508737665 0.07588611054150655 0
2219 0.4160077770858496 0.05518979886403875 0
2220 0.4051168254889465 0.06888071864143763 0
2221 0.4823187822746505 0.09040718465148183 0
2222 0.4656776077168445 0.06691875094306644 0
2223 0.4545971364817014 0.08301997546067803 0
2224 0.5444032135725063 0.1064436850485852 0
2225 0.5242636526720761 0.07934280344721818 0
2226 0.5122071064708015 0.09817246107275723 0
2227 0.6163384759832122 0.1250588174159791 0
2228 0.5928659055088805 0.09343410257188468 0
2229 0.5790578821791866 0.1153528287274815 0
2230 0.6995188932678897 0.147596400075739 0
2231 0.6729049556514948 0.1102911311609958 0
2232 0.6564292965390366 0.1357303464078657 0
2233 0.7954897319152787 0.1760089050564597 0
2234 0.7662556682477362 0.1314861500455663 0
2235 0.7458326570348037 0.1609100605163562 0
2236 0.8748383162666282 0.1594941342157279 0
2237 0.8484877793517251 0.1931860451371835 0
2238 0.4035623378329022 0.03688972895804863 0
2239 0.3925822569892016 0.02113478275846538 0
2240 0.3842796589052823 0.03176207078904851 0
2241 0.4485632712646493 0.04613306607911222 0
2242 0.4316517851186532 0.0282020960283976 0
2243 0.4249471913069998 0.04160548617964711 0
2244 0.5028911269984581 0.05526119073517887 0
2245 0.4809161293950637 0.03427093711686618 0
2246 0.4745132579688124 0.0506460745121137 0
2247 0.5673726727856292 0.06523953994367263 0
2248 0.5406285283919501 0.04052227442692401 0
2249 0.5337906138213553 0.06009162660346092 0
2250 0.643269153080118 0.07693659379588765 0
2251 0.6116328946035574 0.04763252215108756 0
2252 0.6037868800158988 0.07081107488517478 0
2253 0.7324589943590492 0.09147270827485515 0
2254 0.6955668416996539 0.05631978548136915 0
2255 0.6860494519268088 0.0837546911562921 0
2256 0.837610203833796 0.1106578692884293 0
2257 0.7950787149274481 0.06766868761422141 0
2258 0.7828495883360107 0.1003208727040346 0
2259 0.9139432686142532 0.08357624027594272 0
2260 0.8969613686358962 0.1228367090558222 0
2261 0.4156151605409249 0.01340261294014772 0
2262 0.3985016092312926 0.01136841632426369 0
2263 0.4588567536183178 0.01645695729920777 0
2264 0.4357969153532124 0.01501053832238424 0
2265 0.513265169485651 0.01926267017956153 0
2266 0.4847003959424622 0.01785361405703493 0
2267 0.5788787116849892 0.02231565864111587 0
2268 0.5446270554970004 0.02073569153849198 0
2269 0.6568891316869871 0.02599155806061922 0
2270 0.6162305067544014 0.02404973145480054 0
2271 0.7495415149464244 0.03078378485206481 0
2272 0.7012051282457288 0.02820621230147025 0
2273 0.8605594103511247 0.03755060074858162 0
2274 0.8024730664996633 0.03383989097254196 0
2275 0.9244956252865011 0.04214364976781217 0
$EndNodes
$Elements
2325
1 15 2 0 1 1
2 1 2 0 1 1 2
3 1 2 0 1 2 3
4 1 2 0 1 3 4
5 1 2 0 1 4 5
6 1 2 0 1 5 6
7 1 2 0 1 6 7
8 1 2 0 1 7 8
9 1 2 0 1 8 9
10 1 2 0 1 9 10
11 1 2 0 1 10 11
12 1 2 0 1 11 12
13 1 2 0 1 12 13
14 1 2 0 1 13 14
15 1 2 0 1 14 15
16 1 2 0 1 15 16
17 1 2 0 1 16 17
18 1 2 0 1 17 18
19 1 2 0 1 18 19
20 1 2 0 1 19 20
21 1 2 0 1 20 21
22 1 2 0 1 21 22
23 1 2 0 1 22 23
24 1 2 0 1 23 24
25 1 2 0 1 24 25
26 1 2 0 1 25 26
27 1 2 0 1 26 27
28 1 2 0 1 27 28
29 1 2 0 1 28 29
30 1 2 0 1 29 30
31 1 2 0 1 30 31
32 1 2 0 1 31 32
33 1 2 0 1 32 33
34 1 2 0 1 33 34
35 1 2 0 1 34 35
36 1 2 0 1 35 36
37 1 2 0 1 36 37
38 1 2 0 1 37 38
39 1 2 0 1 38 39
40 1 2 0 1 39 40
41 1 2 0 1 40 41
42 1 2 0 1 41 42
43 1 2 0 1 42 43
44 1 2 0 1 43 44
45 1 2 0 1 44 45
46 1 2 0 1 45 46
47 1 2 0 1 46 47
48 1 2 0 1 47 48
49 1 2 0 1 48 49
50 1 2 0 1 49 50
51 1 2 0 1 50 51
52 1 2 0 1 51 52
53 1 2 0 1 52 53
54 1 2 0 1 53 54
55 1 2 0 1 54 55
56 1 2 0 1 55 56
57 1 2 0 1 56 57
58 1 2 0 1 57 58
59 1 2 0 1 58 59
60 1 2 0 1 59 60
61 1 2 0 1 60 61
62 1 2 0 1 61 62
63 1 2 0 1 62 63
64 1 2 0 1 63 64
65 1 2 0 1 64 65
66 1 2 0 1 65 66
67 1 2 0 1 66 67
68 1 2 0 1 67 68
69 1 2 0 1 68 69
70 1 2 0 1 69 70
71 1 2 0 1 70 71
72 1 2 0 1 71 72
73 1 2 0 1 72 73
74 1 2 0 1 73 74
75 1 2 0 1 74 75
76 1 2 0 1 75 76
77 1 2 0 1 76 77
78 1 2 0 1 77 78
79 1 2 0 1 78 79
80 1 2 0 1 79 80
81 1 2 0 1 80 81
82 1 2 0 1 81 82
83 1 2 0 1 82 83
84 1 2 0 1 83 84
85 1 2 0 1 84 85
86 1 2 0 1 85 86
87 1 2 0 1 86 87
88 1 2 0 1 87 88
89 1 2 0 1 88 89
90 1 2 0 1 89 90
91 1 2 0 1 90 91
92 1 2 0 1 91 92
93 1 2 0 1 92 93
94 1 2 0 1 93 94
95 1 2 0 1 94 95
96 1 2 0 1 95 96
97 1 2 0 1 96 97
98 1 2 0 1 97 98
99 1 2 0 1 98 99
100 1 2 0 1 99 100
101 1 2 0 1 100 1
102 3 2 0 1 466 633 637 636
103 3 2 0 1 633 478 634 637
104 3 2 0 1 637 634 479 635
105 3 2 0 1 636 637 635 467
106 3 2 0 1 467 635 641 640
107 3 2 0 1 635 479 638 641
108 3 2 0 1 641 638 480 639
109 3 2 0 1 640 641 639 468
110 3 2 0 1 468 639 645 644
111 3 2 0 1 639 480 642 645
112 3 2 0 1 645 642 481 643
113 3 2 0 1 644 645 643 469
114 3 2 0 1 469 643 649 648
115 3 2 0 1 643 481 646 649
116 3 2 0 1 649 646 482 647
117 3 2 0 1 648 649 647 470
118 3 2 0 1 470 647 653 652
119 3 2 0 1 647 482 650 653
120 3 2 0 1 653 650 483 651
121 3 2 0 1 652 653 651 471
122 3 2 0 1 471 651 657 656
123 3 2 0 1 651 483 654 657
124 3 2 0 1 657 654 484 655
125 3 2 0 1 656 657 655 472
126 3 2 0 1 472 655 661 660
127 3 2 0 1 655 484 658 661
128 3 2 0 1 661 658 485 659
129 3 2 0 1 660 661 659 473
130 3 2 0 1 473 659 665 664
131 3 2 0 1 659 485 662 665
132 3 2 0 1 665 662 486 663
133 3 2 0 1 664 665 663 474
134 3 2 0 1 474 663 669 668
135 3 2 0 1 663 486 666 669
136 3 2 0 1 669 666 487 667
137 3 2 0 1 668 669 667 475
138 3 2 0 1 475 667 673 672
139 3 2 0 1 667 487 670 673
140 3 2 0 1 673 670 488 671
141 3 2 0 1 672 673 671 476
142 3 2 0 1 476 671 677 676
143 3 2 0 1 671 488 674 677
144 3 2 0 1 677 674 154 675
145 3 2 0 1 676 677 675 153
146 3 2 0 1 128 678 682 681
147 3 2 0 1 678 129 679 682
148 3 2 0 1 682 679 489 680
149 3 2 0 1 681 682 680 477
150 3 2 0 1 477 680 686 685
151 3 2 0 1 680 489 683 686
152 3 2 0 1 686 683 490 684
153 3 2 0 1 685 686 684 478
154 3 2 0 1 478 684 689 634
155 3 2 0 1 684 490 687 689
156 3 2 0 1 689 687 491 688
157 3 2 0 1 634 689 688 479
158 3 2 0 1 479 688 692 638
159 3 2 0 1 688 491 690 692
160 3 2 0 1 692 690 492 691
161 3 2 0 1 638 692 691 480
162 3 2 0 1 480 691 695 642
163 3 2 0 1 691 492 693 695
164 3 2 0 1 695 693 493 694
165 3 2 0 1 642 695 694 481
166 3 2 0 1 481 694 698 646
167 3 2 0 1 694 493 696 698
168 3 2 0 1 698 696 494 697
169 3 2 0 1 646 698 697 482
170 3 2 0 1 482 697 701 650
171 3 2 0 1 697 494 699 701
172 3 2 0 1 701 699 495 700
173 3 2 0 1 650 701 700 483
174 3 2 0 1 483 700 704 654
175 3 2 0 1 700 495 702 704
176 3 2 0 1 704 702 496 703
177 3 2 0 1 654 704 703 484
178 3 2 0 1 484 703 707 658
179 3 2 0 1 703 496 705 707
180 3 2 0 1 707 705 497 706
181 3 2 0 1 658 707 706 485
182 3 2 0 1 485 706 710 662
183 3 2 0 1 706 497 708 710
184 3 2 0 1 710 708 498 709
185 3 2 0 1 662 710 709 486
186 3 2 0 1 486 709 713 666
187 3 2 0 1 709 498 711 713
188 3 2 0 1 713 711 499 712
189 3 2 0 1 666 713 712 487
190 3 2 0 1 487 712 716 670
191 3 2 0 1 712 499 714 716
192 3 2 0 1 716 714 500 715
193 3 2 0 1 670 716 715 488
194 3 2 0 1 488 715 719 674
195 3 2 0 1 715 500 717 719
196 3 2 0 1 719 717 155 718
197 3 2 0 1 674 719 718 154
198 3 2 0 1 129 720 723 679
199 3 2 0 1 720 102 721 723
200 3 2 0 1 723 721 178 722
201 3 2 0 1 679 723 722 489
202 3 2 0 1 489 722 726 683
203 3 2 0 1 722 178 724 726
204 3 2 0 1 726 724 177 725
205 3 2 0 1 683 726 725 490
206 3 2 0 1 490 725 729 687
207 3 2 0 1 725 177 727 729
208 3 2 0 1 729 727 176 728
209 3 2 0 1 687 729 728 491
210 3 2 0 1 491 728 732 690
211 3 2 0 1 728 176 730 732
212 3 2 0 1 732 730 175 731
213 3 2 0 1 690 732 731 492
214 3 2 0 1 492 731 735 693
215 3 2 0 1 731 175 733 735
216 3 2 0 1 735 733 174 734
217 3 2 0 1 693 735 734 493
218 3 2 0 1 493 734 738 696
219 3 2 0 1 734 174 736 738
220 3 2 0 1 738 736 173 737
221 3 2 0 1 696 738 737 494
222 3 2 0 1 494 737 741 699
223 3 2 0 1 737 173 739 741
224 3 2 0 1 741 739 172 740
225 3 2 0 1 699 741 740 495
226 3 2 0 1 495 740 744 702
227 3 2 0 1 740 172 742 744
228 3 2 0 1 744 742 171 743
229 3 2 0 1 702 744 743 496
230 3 2 0 1 496 743 747 705
231 3 2 0 1 743 171 745 747
232 3 2 0 1 747 745 170 746
233 3 2 0 1 705 747 746 497
234 3 2 0 1 497 746 750 708
235 3 2 0 1 746 170 748 750
236 3 2 0 1 750 748 169 749
237 3 2 0 1 708 750 749 498
238 3 2 0 1 498 749 753 711
239 3 2 0 1 749 169 751 753
240 3 2 0 1 753 751 168 752
241 3 2 0 1 711 753 752 499
242 3 2 0 1 499 752 756 714
243 3 2 0 1 752 168 754 756
244 3 2 0 1 756 754 167 755
245 3 2 0 1 714 756 755 500
246 3 2 0 1 500 755 759 717
247 3 2 0 1 755 167 757 759
248 3 2 0 1 759 757 101 758
249 3 2 0 1 717 759 758 155
250 3 2 0 1 101 757 763 762
251 3 2 0 1 757 167 760 763
252 3 2 0 1 763 760 501 761
253 3 2 0 1 762 763 761 156
254 3 2 0 1 156 761 767 766
255 3 2 0 1 761 501 764 767
256 3 2 0 1 767 764 502 765
257 3 2 0 1 766 767 765 157
258 3 2 0 1 157 765 771 770
259 3 2 0 1 765 502 768 771
260 3 2 0 1 771 768 503 769
261 3 2 0 1 770 771 769 158
262 3 2 0 1 158 769 775 774
263 3 2 0 1 769 503 772 775
264 3 2 0 1 775 772 504 773
265 3 2 0 1 774 775 773 159
266 3 2 0 1 159 773 779 778
267 3 2 0 1 773 504 776 779
268 3 2 0 1 779 776 505 777
269 3 2 0 1 778 779 777 160
270 3 2 0 1 160 777 783 782
271 3 2 0 1 777 505 780 783
272 3 2 0 1 783 780 506 781
273 3 2 0 1 782 783 781 161
274 3 2 0 1 161 781 787 786
275 3 2 0 1 781 506 784 787
276 3 2 0 1 787 784 507 785
277 3 2 0 1 786 787 785 162
278 3 2 0 1 162 785 791 790
279 3 2 0 1 785 507 788 791
280 3 2 0 1 791 788 508 789
281 3 2 0 1 790 791 789 163
282 3 2 0 1 163 789 795 794
283 3 2 0 1 789 508 792 795
284 3 2 0 1 795 792 509 793
285 3 2 0 1 794 795 793 164
286 3 2 0 1 164 793 799 798
287 3 2 0 1 793 509 796 799
288 3 2 0 1 799 796 510 797
289 3 2 0 1 798 799 797 165
290 3 2 0 1 165 797 803 802
291 3 2 0 1 797 510 800 803
292 3 2 0 1 803 800 511 801
293 3 2 0 1 802 803 801 166
294 3 2 0 1 166 801 807 806
295 3 2 0 1 801 511 804 807
296 3 2 0 1 807 804 148 805
297 3 2 0 1 806 807 805 104
298 3 2 0 1 167 754 810 760
299 3 2 0 1 754 168 808 810
300 3 2 0 1 810 808 512 809
301 3 2 0 1 760 810 809 501
302 3 2 0 1 501 809 813 764
303 3 2 0 1 809 512 811 813
304 3 2 0 1 813 811 513 812
305 3 2 0 1 764 813 812 502
306 3 2 0 1 502 812 816 768
307 3 2 0 1 812 513 814 816
308 3 2 0 1 816 814 514 815
309 3 2 0 1 768 816 815 503
310 3 2 0 1 503 815 819 772
311 3 2 0 1 815 514 817 819
312 3 2 0 1 819 817 515 818
313 3 2 0 1 772 819 818 504
314 3 2 0 1 504 818 822 776
315 3 2 0 1 818 515 820 822
316 3 2 0 1 822 820 516 821
317 3 2 0 1 776 822 821 505
318 3 2 0 1 505 821 825 780
319 3 2 0 1 821 516 823 825
320 3 2 0 1 825 823 517 824
321 3 2 0 1 780 825 824 506
322 3 2 0 1 506 824 828 784
323 3 2 0 1 824 517 826 828
324 3 2 0 1 828 826 518 827
325 3 2 0 1 784 828 827 507
326 3 2 0 1 507 827 831 788
327 3 2 0 1 827 518 829 831
328 3 2 0 1 831 829 519 830
329 3 2 0 1 788 831 830 508
330 3 2 0 1 508 830 834 792
331 3 2 0 1 830 519 832 834
332 3 2 0 1 834 832 520 833
333 3 2 0 1 792 834 833 509
334 3 2 0 1 509 833 837 796
335 3 2 0 1 833 520 835 837
336 3 2 0 1 837 835 521 836
337 3 2 0 1 796 837 836 510
338 3 2 0 1 510 836 840 800
339 3 2 0 1 836 521 838 840
340 3 2 0 1 840 838 522 839
341 3 2 0 1 800 840 839 511
342 3 2 0 1 511 839 843 804
343 3 2 0 1 839 522 841 843
344 3 2 0 1 843 841 147 842
345 3 2 0 1 804 843 842 148
346 3 2 0 1 168 751 846 808
347 3 2 0 1 751 169 844 846
348 3 2 0 1 846 844 523 845
349 3 2 0 1 808 846 845 512
350 3 2 0 1 512 845 849 811
351 3 2 0 1 845 523 847 849
352 3 2 0 1 849 847 524 848
353 3 2 0 1 811 849 848 513
354 3 2 0 1 513 848 852 814
355 3 2 0 1 848 524 850 852
356 3 2 0 1 852 850 525 851
357 3 2 0 1 814 852 851 514
358 3 2 0 1 514 851 855 817
359 3 2 0 1 851 525 853 855
360 3 2 0 1 855 853 526 854
361 3 2 0 1 817 855 854 515
362 3 2 0 1 515 854 858 820
363 3 2 0 1 854 526 856 858
364 3 2 0 1 858 856 527 857
365 3 2 0 1 820 858 857 516
366 3 2 0 1 516 857 861 823
367 3 2 0 1 857 527 859 861
368 3 2 0 1 861 859 528 860
369 3 2 0 1 823 861 860 517
370 3 2 0 1 517 860 864 826
371 3 2 0 1 860 528 862 864
372 3 2 0 1 864 862 529 863
373 3 2 0 1 826 864 863 518
374 3 2 0 1 518 863 867 829
375 3 2 0 1 863 529 865 867
376 3 2 0 1 867 865 530 866
377 3 2 0 1 829 867 866 519
378 3 2 0 1 519 866 870 832
379 3 2 0 1 866 530 868 870
380 3 2 0 1 870 868 531 869
381 3 2 0 1 832 870 869 520
382 3 2 0 1 520 869 873 835
383 3 2 0 1 869 531 871 873
384 3 2 0 1 873 871 532 872
385 3 2 0 1 835 873 872 521
386 3 2 0 1 521 872 876 838
387 3 2 0 1 872 532 874 876
388 3 2 0 1 876 874 533 875
389 3 2 0 1 838 876 875 522
390 3 2 0 1 522 875 879 841
391 3 2 0 1 875 533 877 879
392 3 2 0 1 879 877 146 878
393 3 2 0 1 841 879 878 147
394 3 2 0 1 169 748 882 844
395 3 2 0 1 748 170 880 882
396 3 2 0 1 882 880 534 881
397 3 2 0 1 844 882 881 523
398 3 2 0 1 523 881 885 847
399 3 2 0 1 881 534 883 885
400 3 2 0 1 885 883 535 884
401 3 2 0 1 847 885 884 524
402 3 2 0 1 524 884 888 850
403 3 2 0 1 884 535 886 888
404 3 2 0 1 888 886 536 887
405 3 2 0 1 850 888 887 525
406 3 2 0 1 525 887 891 853
407 3 2 0 1 887 536 889 891
408 3 2 0 1 891 889 537 890
409 3 2 0 1 853 891 890 526
410 3 2 0 1 526 890 894 856
411 3 2 0 1 890 537 892 894
412 3 2 0 1 894 892 538 893
413 3 2 0 1 856 894 893 527
414 3 2 0 1 527 893 897 859
415 3 2 0 1 893 538 895 897
416 3 2 0 1 897 895 539 896
417 3 2 0 1 859 897 896 528
418 3 2 0 1 528 896 900 862
419 3 2 0 1 896 539 898 900
420 3 2 0 1 900 898 540 899
421 3 2 0 1 862 900 899 529
422 3 2 0 1 529 899 903 865
423 3 2 0 1 899 540 901 903
424 3 2 0 1 903 901 541 902
425 3 2 0 1 865 903 902 530
426 3 2 0 1 530 902 906 868
427 3 2 0 1 902 541 904 906
428 3 2 0 1 906 904 542 905
429 3 2 0 1 868 906 905 531
430 3 2 0 1 531 905 909 871
431 3 2 0 1 905 542 907 909
432 3 2 0 1 909 907 543 908
433 3 2 0 1 871 909 908 532
434 3 2 0 1 532 908 912 874
435 3 2 0 1 908 543 910 912
436 3 2 0 1 912 910 544 911
437 3 2 0 1 874 912 911 533
438 3 2 0 1 533 911 915 877
439 3 2 0 1 911 544 913 915
440 3 2 0 1 915 913 145 914
441 3 2 0 1 877 915 914 146
442 3 2 0 1 170 745 918 880
443 3 2 0 1 745 171 916 918
444 3 2 0 1 918 916 545 917
445 3 2 0 1 880 918 917 534
446 3 2 0 1 534 917 921 883
447 3 2 0 1 917 545 919 921
448 3 2 0 1 921 919 546 920
449 3 2 0 1 883 921 920 535
450 3 2 0 1 535 920 924 886
451 3 2 0 1 920 546 922 924
452 3 2 0 1 924 922 547 923
453 3 2 0 1 886 924 923 536
454 3 2 0 1 536 923 927 889
455 3 2 0 1 923 547 925 927
456 3 2 0 1 927 925 548 926
457 3 2 0 1 889 927 926 537
458 3 2 0 1 537 926 930 892
459 3 2 0 1 926 548 928 930
460 3 2 0 1 930 928 549 929
461 3 2 0 1 892 930 929 538
462 3 2 0 1 538 929 933 895
463 3 2 0 1 929 549 931 933
464 3 2 0 1 933 931 550 932
465 3 2 0 1 895 933 932 539
466 3 2 0 1 539 932 936 898
467 3 2 0 1 932 550 934 936
468 3 2 0 1 936 934 551 935
469 3 2 0 1 898 936 935 540
470 3 2 0 1 540 935 939 901
471 3 2 0 1 935 551 937 939
472 3 2 0 1 939 937 552 938
473 3 2 0 1 901 939 938 541
474 3 2 0 1 541 938 942 904
475 3 2 0 1 938 552 940 942
476 3 2 0 1 942 940 553 941
477 3 2 0 1 904 942 941 542
478 3 2 0 1 542 941 945 907
479 3 2 0 1 941 553 943 945
480 3 2 0 1 945 943 554 944
481 3 2 0 1 907 945 944 543
482 3 2 0 1 543 944 948 910
483 3 2 0 1 944 554 946 948
484 3 2 0 1 948 946 555 947
485 3 2 0 1 910 948 947 544
486 3 2 0 1 544 947 951 913
487 3 2 0 1 947 555 949 951
488 3 2 0 1 951 949 144 950
489 3 2 0 1 913 951 950 145
490 3 2 0 1 171 742 954 916
491 3 2 0 1 742 172 952 954
492 3 2 0 1 954 952 556 953
493 3 2 0 1 916 954 953 545
494 3 2 0 1 545 953 957 919
495 3 2 0 1 953 556 955 957
496 3 2 0 1 957 955 557 956
497 3 2 0 1 919 957 956 546
498 3 2 0 1 546 956 960 922
499 3 2 0 1 956 557 958 960
500 3 2 0 1 960 958 558 959
501 3 2 0 1 922 960 959 547
502 3 2 0 1 547 959 963 925
503 3 2 0 1 959 558 961 963
504 3 2 0 1 963 961 559 962
505 3 2 0 1 925 963 962 548
506 3 2 0 1 548 962 966 928
507 3 2 0 1 962 559 964 966
508 3 2 0 1 966 964 560 965
509 3 2 0 1 928 966 965 549
510 3 2 0 1 549 965 969 931
511 3 2 0 1 965 560 967 969
512 3 2 0 1 969 967 561 968
513 3 2 0 1 931 969 968 550
514 3 2 0 1 550 968 972 934
515 3 2 0 1 968 561 970 972
516 3 2 0 1 972 970 562 971
517 3 2 0 1 934 972 971 551
518 3 2 0 1 551 971 975 937
519 3 2 0 1 971 562 973 975
520 3 2 0 1 975 973 563 974
521 3 2 0 1 937 975 974 552
522 3 2 0 1 552 974 978 940
523 3 2 0 1 974 563 976 978
524 3 2 0 1 978 976 564 977
525 3 2 0 1 940 978 977 553
526 3 2 0 1 553 977 981 943
527 3 2 0 1 977 564 979 981
528 3 2 0 1 981 979 565 980
529 3 2 0 1 943 981 980 554
530 3 2 0 1 554 980 984 946
531 3 2 0 1 980 565 982 984
532 3 2 0 1 984 982 566 983
533 3 2 0 1 946 984 983 555
534 3 2 0 1 555 983 987 949
535 3 2 0 1 983 566 985 987
536 3 2 0 1 987 985 143 986
537 3 2 0 1 949 987 986 144
538 3 2 0 1 172 739 990 952
539 3 2 0 1 739 173 988 990
540 3 2 0 1 990 988 567 989
541 3 2 0 1 952 990 989 556
542 3 2 0 1 556 989 993 955
543 3 2 0 1 989 567 991 993
544 3 2 0 1 993 991 568 992
545 3 2 0 1 955 993 992 557
546 3 2 0 1 557 992 996 958
547 3 2 0 1 992 568 994 996
548 3 2 0 1 996 994 569 995
549 3 2 0 1 958 996 995 558
550 3 2 0 1 558 995 999 961
551 3 2 0 1 995 569 997 999
552 3 2 0 1 999 997 570 998
553 3 2 0 1 961 999 998 559
554 3 2 0 1 559 998 1002 964
555 3 2 0 1 998 570 1000 1002
556 3 2 0 1 1002 1000 571 1001
557 3 2 0 1 964 1002 1001 560
558 3 2 0 1 560 1001 1005 967
559 3 2 0 1 1001 571 1003 1005
560 3 2 0 1 1005 1003 572 1004
561 3 2 0 1 967 1005 1004 561
562 3 2 0 1 561 1004 1008 970
563 3 2 0 1 1004 572 1006 1008
564 3 2 0 1 1008 1006 573 1007
565 3 2 0 1 970 1008 1007 562
566 3 2 0 1 562 1007 1011 973
567 3 2 0 1 1007 573 1009 1011
568 3 2 0 1 1011 1009 574 1010
569 3 2 0 1 973 1011 1010 563
570 3 2 0 1 563 1010 1014 976
571 3 2 0 1 1010 574 1012 1014
572 3 2 0 1 1014 1012 575 1013
573 3 2 0 1 976 1014 1013 564
574 3 2 0 1 564 1013 1017 979
575 3 2 0 1 1013 575 1015 1017
576 3 2 0 1 1017 1015 576 1016
577 3 2 0 1 979 1017 1016 565
578 3 2 0 1 565 1016 1020 982
579 3 2 0 1 1016 576 1018 1020
580 3 2 0 1 1020 1018 577 1019
581 3 2 0 1 982 1020 1019 566
582 3 2 0 1 566 1019 1023 985
583 3 2 0 1 1019 577 1021 1023
584 3 2 0 1 1023 1021 142 1022
585 3 2 0 1 985 1023 1022 143
586 3 2 0 1 173 736 1026 988
587 3 2 0 1 736 174 1024 1026
588 3 2 0 1 1026 1024 578 1025
589 3 2 0 1 988 1026 1025 567
590 3 2 0 1 567 1025 1029 991
591 3 2 0 1 1025 578 1027 1029
592 3 2 0 1 1029 1027 579 1028
593 3 2 0 1 991 1029 1028 568
594 3 2 0 1 568 1028 1032 994
595 3 2 0 1 1028 579 1030 1032
596 3 2 0 1 1032 1030 580 1031
597 3 2 0 1 994 1032 1031 569
598 3 2 0 1 569 1031 1035 997
599 3 2 0 1 1031 580 1033 1035
600 3 2 0 1 1035 1033 581 1034
601 3 2 0 1 997 1035 1034 570
602 3 2 0 1 570 1034 1038 1000
603 3 2 0 1 1034 581 1036 1038
604 3 2 0 1 1038 1036 582 1037
605 3 2 0 1 1000 1038 1037 571
606 3 2 0 1 571 1037 1041 1003
607 3 2 0 1 1037 582 1039 1041
608 3 2 0 1 1041 1039 583 1040
609 3 2 0 1 1003 1041 1040 572
610 3 2 0 1 572 1040 1044 1006
611 3 2 0 1 1040 583 1042 1044
612 3 2 0 1 1044 1042 584 1043
613 3 2 0 1 1006 1044 1043 573
614 3 2 0 1 573 1043 1047 1009
615 3 2 0 1 1043 584 1045 1047
616 3 2 0 1 1047 1045 585 1046
617 3 2 0 1 1009 1047 1046 574
618 3 2 0 1 574 1046 1050 1012
619 3 2 0 1 1046 585 1048 1050
620 3 2 0 1 1050 1048 586 1049
621 3 2 0 1 1012 1050 1049 575
622 3 2 0 1 575 1049 1053 1015
623 3 2 0 1 1049 586 1051 1053
624 3 2 0 1 1053 1051 587 1052
625 3 2 0 1 1015 1053 1052 576
626 3 2 0 1 576 1052 1056 1018
627 3 2 0 1 1052 587 1054 1056
628 3 2 0 1 1056 1054 588 1055
629 3 2 0 1 1018 1056 1055 577
630 3 2 0 1 577 1055 1059 1021
631 3 2 0 1 1055 588 1057 1059
632 3 2 0 1 1059 1057 141 1058
633 3 2 0 1 1021 1059 1058 142
634 3 2 0 1 174 733 1062 1024
635 3 2 0 1 733 175 1060 1062
636 3 2 0 1 1062 1060 589 1061
637 3 2 0 1 1024 1062 1061 578
638 3 2 0 1 578 1061 1065 1027
639 3 2 0 1 1061 589 1063 1065
640 3 2 0 1 1065 1063 590 1064
641 3 2 0 1 1027 1065 1064 579
642 3 2 0 1 579 1064 1068 1030
643 3 2 0 1 1064 590 1066 1068
644 3 2 0 1 1068 1066 591 1067
645 3 2 0 1 1030 1068 1067 580
646 3 2 0 1 580 1067 1071 1033
647 3 2 0 1 1067 591 1069 1071
648 3 2 0 1 1071 1069 592 1070
649 3 2 0 1 1033 1071 1070 581
650 3 2 0 1 581 1070 1074 1036
651 3 2 0 1 1070 592 1072 1074
652 3 2 0 1 1074 1072 593 1073
653 3 2 0 1 1036 1074 1073 582
654 3 2 0 1 582 1073 1077 1039
655 3 2 0 1 1073 593 1075 1077
656 3 2 0 1 1077 1075 594 1076
657 3 2 0 1 1039 1077 1076 583
658 3 2 0 1 583 1076 1080 1042
659 3 2 0 1 1076 594 1078 1080
660 3 2 0 1 1080 1078 595 1079
661 3 2 0 1 1042 1080 1079 584
662 3 2 0 1 584 1079 1083 1045
663 3 2 0 1 1079 595 1081 1083
664 3 2 0 1 1083 1081 596 1082
665 3 2 0 1 1045 1083 1082 585
666 3 2 0 1 585 1082 1086 1048
667 3 2 0 1 1082 596 1084 1086
668 3 2 0 1 1086 1084 597 1085
669 3 2 0 1 1048 1086 1085 586
670 3 2 0 1 586 1085 1089 1051
671 3 2 0 1 1085 597 1087 1089
672 3 2 0 1 1089 1087 598 1088
673 3 2 0 1 1051 1089 1088 587
674 3 2 0 1 587 1088 1092 1054
675 3 2 0 1 1088 598 1090 1092
676 3 2 0 1 1092 1090 599 1091
677 3 2 0 1 1054 1092 1091 588
678 3 2 0 1 588 1091 1095 1057
679 3 2 0 1 1091 599 1093 1095
680 3 2 0 1 1095 1093 140 1094
681 3 2 0 1 1057 1095 1094 141
682 3 2 0 1 175 730 1098 1060
683 3 2 0 1 730 176 1096 1098
684 3 2 0 1 1098 1096 600 1097
685 3 2 0 1 1060 1098 1097 589
686 3 2 0 1 589 1097 1101 1063
687 3 2 0 1 1097 600 1099 1101
688 3 2 0 1 1101 1099 601 1100
689 3 2 0 1 1063 1101 1100 590
690 3 2 0 1 590 1100 1104 1066
691 3 2 0 1 1100 601 1102 1104
692 3 2 0 1 1104 1102 602 1103
693 3 2 0 1 1066 1104 1103 591
694 3 2 0 1 591 1103 1107 1069
695 3 2 0 1 1103 602 1105 1107
696 3 2 0 1 1107 1105 603 1106
697 3 2 0 1 1069 1107 1106 592
698 3 2 0 1 592 1106 1110 1072
699 3 2 0 1 1106 603 1108 1110
700 3 2 0 1 1110 1108 604 1109
701 3 2 0 1 1072 1110 1109 593
702 3 2 0 1 593 1109 1113 1075
703 3 2 0 1 1109 604 1111 1113
704 3 2 0 1 1113 1111 605 1112
705 3 2 0 1 1075 1113 1112 594
706 3 2 0 1 594 1112 1116 1078
707 3 2 0 1 1112 605 1114 1116
708 3 2 0 1 1116 1114 606 1115
709 3 2 0 1 1078 1116 1115 595
710 3 2 0 1 595 1115 1119 1081
711 3 2 0 1 1115 606 1117 1119
712 3 2 0 1 1119 1117 607 1118
713 3 2 0 1 1081 1119 1118 596
714 3 2 0 1 596 1118 1122 1084
715 3 2 0 1 1118 607 1120 1122
716 3 2 0 1 1122 1120 608 1121
717 3 2 0 1 1084 1122 1121 597
718 3 2 0 1 597 1121 1125 1087
719 3 2 0 1 1121 608 1123 1125
720 3 2 0 1 1125 1123 609 1124
721 3 2 0 1 1087 1125 1124 598
722 3 2 0 1 598 1124 1128 1090
723 3 2 0 1 1124 609 1126 1128
724 3 2 0 1 1128 1126 610 1127
725 3 2 0 1 1090 1128 1127 599
726 3 2 0 1 599 1127 1131 1093
727 3 2 0 1 1127 610 1129 1131
728 3 2 0 1 1131 1129 139 1130
729 3 2 0 1 1093 1131 1130 140
730 3 2 0 1 176 727 1134 1096
731 3 2 0 1 727 177 1132 1134
732 3 2 0 1 1134 1132 611 1133
733 3 2 0 1 1096 1134 1133 600
734 3 2 0 1 600 1133 1137 1099
735 3 2 0 1 1133 611 1135 1137
736 3 2 0 1 1137 1135 612 1136
737 3 2 0 1 1099 1137 1136 601
738 3 2 0 1 601 1136 1140 1102
739 3 2 0 1 1136 612 1138 1140
740 3 2 0 1 1140 1138 613 1139
741 3 2 0 1 1102 1140 1139 602
742 3 2 0 1 602 1139 1143 1105
743 3 2 0 1 1139 613 1141 1143
744 3 2 0 1 1143 1141 614 1142
745 3 2 0 1 1105 1143 1142 603
746 3 2 0 1 603 1142 1146 1108
747 3 2 0 1 1142 614 1144 1146
748 3 2 0 1 1146 1144 615 1145
749 3 2 0 1 1108 1146 1145 604
750 3 2 0 1 604 1145 1149 1111
751 3 2 0 1 1145 615 1147 1149
752 3 2 0 1 1149 1147 616 1148
753 3 2 0 1 1111 1149 1148 605
754 3 2 0 1 605 1148 1152 1114
755 3 2 0 1 1148 616 1150 1152
756 3 2 0 1 1152 1150 617 1151
757 3 2 0 1 1114 1152 1151 606
758 3 2 0 1 606 1151 1155 1117
759 3 2 0 1 1151 617 1153 1155
760 3 2 0 1 1155 1153 618 1154
761 3 2 0 1 1117 1155 1154 607
762 3 2 0 1 607 1154 1158 1120
763 3 2 0 1 1154 618 1156 1158
764 3 2 0 1 1158 1156 619 1157
765 3 2 0 1 1120 1158 1157 608
766 3 2 0 1 608 1157 1161 1123
767 3 2 0 1 1157 619 1159 1161
768 3 2 0 1 1161 1159 620 1160
769 3 2 0 1 1123 1161 1160 609
770 3 2 0 1 609 1160 1164 1126
771 3 2 0 1 1160 620 1162 1164
772 3 2 0 1 1164 1162 621 1163
773 3 2 0 1 1126 1164 1163 610
774 3 2 0 1 610 1163 1167 1129
775 3 2 0 1 1163 621 1165 1167
776 3 2 0 1 1167 1165 138 1166
777 3 2 0 1 1129 1167 1166 139
778 3 2 0 1 177 724 1170 1132
779 3 2 0 1 724 178 1168 1170
780 3 2 0 1 1170 1168 622 1169
781 3 2 0 1 1132 1170 1169 611
782 3 2 0 1 611 1169 1173 1135
783 3 2 0 1 1169 622 1171 1173
784 3 2 0 1 1173 1171 623 1172
785 3 2 0 1 1135 1173 1172 612
786 3 2 0 1 612 1172 1176 1138
787 3 2 0 1 1172 623 1174 1176
788 3 2 0 1 1176 1174 624 1175
789 3 2 0 1 1138 1176 1175 613
790 3 2 0 1 613 1175 1179 1141
791 3 2 0 1 1175 624 1177 1179
792 3 2 0 1 1179 1177 625 1178
793 3 2 0 1 1141 1179 1178 614
794 3 2 0 1 614 1178 1182 1144
795 3 2 0 1 1178 625 1180 1182
796 3 2 0 1 1182 1180 626 1181
797 3 2 0 1 1144 1182 1181 615
798 3 2 0 1 615 1181 1185 1147
799 3 2 0 1 1181 626 1183 1185
800 3 2 0 1 1185 1183 627 1184
801 3 2 0 1 1147 1185 1184 616
802 3 2 0 1 616 1184 1188 1150
803 3 2 0 1 1184 627 1186 1188
804 3 2 0 1 1188 1186 628 1187
805 3 2 0 1 1150 1188 1187 617
806 3 2 0 1 617 1187 1191 1153
807 3 2 0 1 1187 628 1189 1191
808 3 2 0 1 1191 1189 629 1190
809 3 2 0 1 1153 1191 1190 618
810 3 2 0 1 618 1190 1194 1156
811 3 2 0 1 1190 629 1192 1194
812 3 2 0 1 1194 1192 630 1193
813 3 2 0 1 1156 1194 1193 619
814 3 2 0 1 619 1193 1197 1159
815 3 2 0 1 1193 630 1195 1197
816 3 2 0 1 1197 1195 631 1196
817 3 2 0 1 1159 1197 1196 620
818 3 2 0 1 620 1196 1200 1162
819 3 2 0 1 1196 631 1198 1200
820 3 2 0 1 1200 1198 632 1199
821 3 2 0 1 1162 1200 1199 621
822 3 2 0 1 621 1199 1203 1165
823 3 2 0 1 1199 632 1201 1203
824 3 2 0 1 1203 1201 137 1202
825 3 2 0 1 1165 1203 1202 138
826 3 2 0 1 178 721 1206 1168
827 3 2 0 1 721 102 1204 1206
828 3 2 0 1 1206 1204 112 1205
829 3 2 0 1 1168 1206 1205 622
830 3 2 0 1 622 1205 1209 1171
831 3 2 0 1 1205 112 1207 1209
832 3 2 0 1 1209 1207 113 1208
833 3 2 0 1 1171 1209 1208 623
834 3 2 0 1 623 1208 1212 1174
835 3 2 0 1 1208 113 1210 1212
836 3 2 0 1 1212 1210 114 1211
837 3 2 0 1 1174 1212 1211 624
838 3 2 0 1 624 1211 1215 1177
839 3 2 0 1 1211 114 1213 1215
840 3 2 0 1 1215 1213 115 1214
841 3 2 0 1 1177 1215 1214 625
842 3 2 0 1 625 1214 1218 1180
843 3 2 0 1 1214 115 1216 1218
844 3 2 0 1 1218 1216 116 1217
845 3 2 0 1 1180 1218 1217 626
846 3 2 0 1 626 1217 1221 1183
847 3 2 0 1 1217 116 1219 1221
848 3 2 0 1 1221 1219 117 1220
849 3 2 0 1 1183 1221 1220 627
850 3 2 0 1 627 1220 1224 1186
851 3 2 0 1 1220 117 1222 1224
852 3 2 0 1 1224 1222 118 1223
853 3 2 0 1 1186 1224 1223 628
854 3 2 0 1 628 1223 1227 1189
855 3 2 0 1 1223 118 1225 1227
856 3 2 0 1 1227 1225 119 1226
857 3 2 0 1 1189 1227 1226 629
858 3 2 0 1 629 1226 1230 1192
859 3 2 0 1 1226 119 1228 1230
860 3 2 0 1 1230 1228 120 1229
861 3 2 0 1 1192 1230 1229 630
862 3 2 0 1 630 1229 1233 1195
863 3 2 0 1 1229 120 1231 1233
864 3 2 0 1 1233 1231 121 1232
865 3 2 0 1 1195 1233 1232 631
866 3 2 0 1 631 1232 1236 1198
867 3 2 0 1 1232 121 1234 1236
868 3 2 0 1 1236 1234 122 1235
869 3 2 0 1 1198 1236 1235 632
870 3 2 0 1 632 1235 1239 1201
871 3 2 0 1 1235 122 1237 1239
872 3 2 0 1 1239 1237 103 1238
873 3 2 0 1 1201 1239 1238 137
874 3 2 0 1 465 1240 1242 1241
875 3 2 0 1 1240 477 685 1242
876 3 2 0 1 1242 685 478 633
877 3 2 0 1 1241 1242 633 466
878 3 2 0 1 127 1243 1245 1244
879 3 2 0 1 1243 128 681 1245
880 3 2 0 1 1245 681 477 1240
881 3 2 0 1 1244 1245 1240 465
882 3 2 0 1 464 1246 1249 1248
883 3 2 0 1 1246 476 676 1249
884 3 2 0 1 1249 676 153 1247
885 3 2 0 1 1248 1249 1247 152
886 3 2 0 1 463 1250 1252 1251
887 3 2 0 1 1250 475 672 1252
888 3 2 0 1 1252 672 476 1246
889 3 2 0 1 1251 1252 1246 464
890 3 2 0 1 462 1253 1255 1254
891 3 2 0 1 1253 474 668 1255
892 3 2 0 1 1255 668 475 1250
893 3 2 0 1 1254 1255 1250 463
894 3 2 0 1 461 1256 1258 1257
895 3 2 0 1 1256 473 664 1258
896 3 2 0 1 1258 664 474 1253
897 3 2 0 1 1257 1258 1253 462
898 3 2 0 1 460 1259 1261 1260
899 3 2 0 1 1259 472 660 1261
900 3 2 0 1 1261 660 473 1256
901 3 2 0 1 1260 1261 1256 461
902 3 2 0 1 459 1262 1264 1263
903 3 2 0 1 1262 471 656 1264
904 3 2 0 1 1264 656 472 1259
905 3 2 0 1 1263 1264 1259 460
906 3 2 0 1 458 1265 1267 1266
907 3 2 0 1 1265 470 652 1267
908 3 2 0 1 1267 652 471 1262
909 3 2 0 1 1266 1267 1262 459
910 3 2 0 1 457 1268 1270 1269
911 3 2 0 1 1268 469 648 1270
912 3 2 0 1 1270 648 470 1265
913 3 2 0 1 1269 1270 1265 458
914 3 2 0 1 456 1271 1273 1272
915 3 2 0 1 1271 468 644 1273
916 3 2 0 1 1273 644 469 1268
917 3 2 0 1 1272 1273 1268 457
918 3 2 0 1 455 1274 1276 1275
919 3 2 0 1 1274 467 640 1276
920 3 2 0 1 1276 640 468 1271
921 3 2 0 1 1275 1276 1271 456
922 3 2 0 1 454 1277 1279 1278
923 3 2 0 1 1277 466 636 1279
924 3 2 0 1 1279 636 467 1274
925 3 2 0 1 1278 1279 1274 455
926 3 2 0 1 453 1280 1282 1281
927 3 2 0 1 1280 465 1241 1282
928 3 2 0 1 1282 1241 466 1277
929 3 2 0 1 1281 1282 1277 454
930 3 2 0 1 126 1283 1285 1284
931 3 2 0 1 1283 127 1244 1285
932 3 2 0 1 1285 1244 465 1280
933 3 2 0 1 1284 1285 1280 453
934 3 2 0 1 452 1286 1289 1288
935 3 2 0 1 1286 464 1248 1289
936 3 2 0 1 1289 1248 152 1287
937 3 2 0 1 1288 1289 1287 151
938 3 2 0 1 451 1290 1292 1291
939 3 2 0 1 1290 463 1251 1292
940 3 2 0 1 1292 1251 464 1286
941 3 2 0 1 1291 1292 1286 452
942 3 2 0 1 450 1293 1295 1294
943 3 2 0 1 1293 462 1254 1295
944 3 2 0 1 1295 1254 463 1290
945 3 2 0 1 1294 1295 1290 451
946 3 2 0 1 449 1296 1298 1297
947 3 2 0 1 1296 461 1257 1298
948 3 2 0 1 1298 1257 462 1293
949 3 2 0 1 1297 1298 1293 450
950 3 2 0 1 448 1299 1301 1300
951 3 2 0 1 1299 460 1260 1301
952 3 2 0 1 1301 1260 461 1296
953 3 2 0 1 1300 1301 1296 449
954 3 2 0 1 447 1302 1304 1303
955 3 2 0 1 1302 459 1263 1304
956 3 2 0 1 1304 1263 460 1299
957 3 2 0 1 1303 1304 1299 448
958 3 2 0 1 446 1305 1307 1306
959 3 2 0 1 1305 458 1266 1307
960 3 2 0 1 1307 1266 459 1302
961 3 2 0 1 1306 1307 1302 447
962 3 2 0 1 445 1308 1310 1309
963 3 2 0 1 1308 457 1269 1310
964 3 2 0 1 1310 1269 458 1305
965 3 2 0 1 1309 1310 1305 446
966 3 2 0 1 444 1311 1313 1312
967 3 2 0 1 1311 456 1272 1313
968 3 2 0 1 1313 1272 457 1308
969 3 2 0 1 1312 1313 1308 445
970 3 2 0 1 443 1314 1316 1315
971 3 2 0 1 1314 455 1275 1316
972 3 2 0 1 1316 1275 456 1311
973 3 2 0 1 1315 1316 1311 444
974 3 2 0 1 442 1317 1319 1318
975 3 2 0 1 1317 454 1278 1319
976 3 2 0 1 1319 1278 455 1314
977 3 2 0 1 1318 1319 1314 443
978 3 2 0 1 441 1320 1322 1321
979 3 2 0 1 1320 453 1281 1322
980 3 2 0 1 1322 1281 454 1317
981 3 2 0 1 1321 1322 1317 442
982 3 2 0 1 125 1323 1325 1324
983 3 2 0 1 1323 126 1284 1325
984 3 2 0 1 1325 1284 453 1320
985 3 2 0 1 1324 1325 1320 441
986 3 2 0 1 440 1326 1329 1328
987 3 2 0 1 1326 452 1288 1329
988 3 2 0 1 1329 1288 151 1327
989 3 2 0 1 1328 1329 1327 150
990 3 2 0 1 439 1330 1332 1331
991 3 2 0 1 1330 451 1291 1332
992 3 2 0 1 1332 1291 452 1326
993 3 2 0 1 1331 1332 1326 440
994 3 2 0 1 438 1333 1335 1334
995 3 2 0 1 1333 450 1294 1335
996 3 2 0 1 1335 1294 451 1330
997 3 2 0 1 1334 1335 1330 439
998 3 2 0 1 437 1336 1338 1337
999 3 2 0 1 1336 449 1297 1338
1000 3 2 0 1 1338 1297 450 1333
1001 3 2 0 1 1337 1338 1333 438
1002 3 2 0 1 436 1339 1341 1340
1003 3 2 0 1 1339 448 1300 1341
1004 3 2 0 1 1341 1300 449 1336
1005 3 2 0 1 1340 1341 1336 437
1006 3 2 0 1 435 1342 1344 1343
1007 3 2 0 1 1342 447 1303 1344
1008 3 2 0 1 1344 1303 448 1339
1009 3 2 0 1 1343 1344 1339 436
1010 3 2 0 1 434 1345 1347 1346
1011 3 2 0 1 1345 446 1306 1347
1012 3 2 0 1 1347 1306 447 1342
1013 3 2 0 1 1346 1347 1342 435
1014 3 2 0 1 433 1348 1350 1349
1015 3 2 0 1 1348 445 1309 1350
1016 3 2 0 1 1350 1309 446 1345
1017 3 2 0 1 1349 1350 1345 434
1018 3 2 0 1 432 1351 1353 1352
1019 3 2 0 1 1351 444 1312 1353
1020 3 2 0 1 1353 1312 445 1348
1021 3 2 0 1 1352 1353 1348 433
1022 3 2 0 1 431 1354 1356 1355
1023 3 2 0 1 1354 443 1315 1356
1024 3 2 0 1 1356 1315 444 1351
1025 3 2 0 1 1355 1356 1351 432
1026 3 2 0 1 430 1357 1359 1358
1027 3 2 0 1 1357 442 1318 1359
1028 3 2 0 1 1359 1318 443 1354
1029 3 2 0 1 1358 1359 1354 431
1030 3 2 0 1 429 1360 1362 1361
1031 3 2 0 1 1360 441 1321 1362
1032 3 2 0 1 1362 1321 442 1357
1033 3 2 0 1 1361 1362 1357 430
1034 3 2 0 1 124 1363 1365 1364
1035 3 2 0 1 1363 125 1324 1365
1036 3 2 0 1 1365 1324 441 1360
1037 3 2 0 1 1364 1365 1360 429
1038 3 2 0 1 428 1366 1369 1368
1039 3 2 0 1 1366 440 1328 1369
1040 3 2 0 1 1369 1328 150 1367
1041 3 2 0 1 1368 1369 1367 149
1042 3 2 0 1 427 1370 1372 1371
1043 3 2 0 1 1370 439 1331 1372
1044 3 2 0 1 1372 1331 440 1366
1045 3 2 0 1 1371 1372 1366 428
1046 3 2 0 1 426 1373 1375 1374
1047 3 2 0 1 1373 438 1334 1375
1048 3 2 0 1 1375 1334 439 1370
1049 3 2 0 1 1374 1375 1370 427
1050 3 2 0 1 425 1376 1378 1377
1051 3 2 0 1 1376 437 1337 1378
1052 3 2 0 1 1378 1337 438 1373
1053 3 2 0 1 1377 1378 1373 426
1054 3 2 0 1 424 1379 1381 1380
1055 3 2 0 1 1379 436 1340 1381
1056 3 2 0 1 1381 1340 437 1376
1057 3 2 0 1 1380 1381 1376 425
1058 3 2 0 1 423 1382 1384 1383
1059 3 2 0 1 1382 435 1343 1384
1060 3 2 0 1 1384 1343 436 1379
1061 3 2 0 1 1383 1384 1379 424
1062 3 2 0 1 422 1385 1387 1386
1063 3 2 0 1 1385 434 1346 1387
1064 3 2 0 1 1387 1346 435 1382
1065 3 2 0 1 1386 1387 1382 423
1066 3 2 0 1 421 1388 1390 1389
1067 3 2 0 1 1388 433 1349 1390
1068 3 2 0 1 1390 1349 434 1385
1069 3 2 0 1 1389 1390 1385 422
1070 3 2 0 1 420 1391 1393 1392
1071 3 2 0 1 1391 432 1352 1393
1072 3 2 0 1 1393 1352 433 1388
1073 3 2 0 1 1392 1393 1388 421
1074 3 2 0 1 419 1394 1396 1395
1075 3 2 0 1 1394 431 1355 1396
1076 3 2 0 1 1396 1355 432 1391
1077 3 2 0 1 1395 1396 1391 420
1078 3 2 0 1 418 1397 1399 1398
1079 3 2 0 1 1397 430 1358 1399
1080 3 2 0 1 1399 1358 431 1394
1081 3 2 0 1 1398 1399 1394 419
1082 3 2 0 1 417 1400 1402 1401
1083 3 2 0 1 1400 429 1361 1402
1084 3 2 0 1 1402 1361 430 1397
1085 3 2 0 1 1401 1402 1397 418
1086 3 2 0 1 123 1403 1405 1404
1087 3 2 0 1 1403 124 1364 1405
1088 3 2 0 1 1405 1364 429 1400
1089 3 2 0 1 1404 1405 1400 417
1090 3 2 0 1 77 1406 1408 76
1091 3 2 0 1 1406 428 1368 1408
1092 3 2 0 1 1408 1368 149 1407
1093 3 2 0 1 76 1408 1407 75
1094 3 2 0 1 79 1409 1410 78
1095 3 2 0 1 1409 427 1371 1410
1096 3 2 0 1 1410 1371 428 1406
1097 3 2 0 1 78 1410 1406 77
1098 3 2 0 1 81 1411 1412 80
1099 3 2 0 1 1411 426 1374 1412
1100 3 2 0 1 1412 1374 427 1409
1101 3 2 0 1 80 1412 1409 79
1102 3 2 0 1 83 1413 1414 82
1103 3 2 0 1 1413 425 1377 1414
1104 3 2 0 1 1414 1377 426 1411
1105 3 2 0 1 82 1414 1411 81
1106 3 2 0 1 85 1415 1416 84
1107 3 2 0 1 1415 424 1380 1416
1108 3 2 0 1 1416 1380 425 1413
1109 3 2 0 1 84 1416 1413 83
1110 3 2 0 1 87 1417 1418 86
1111 3 2 0 1 1417 423 1383 1418
1112 3 2 0 1 1418 1383 424 1415
1113 3 2 0 1 86 1418 1415 85
1114 3 2 0 1 89 1419 1420 88
1115 3 2 0 1 1419 422 1386 1420
1116 3 2 0 1 1420 1386 423 1417
1117 3 2 0 1 88 1420 1417 87
1118 3 2 0 1 91 1421 1422 90
1119 3 2 0 1 1421 421 1389 1422
1120 3 2 0 1 1422 1389 422 1419
1121 3 2 0 1 90 1422 1419 89
1122 3 2 0 1 93 1423 1424 92
1123 3 2 0 1 1423 420 1392 1424
1124 3 2 0 1 1424 1392 421 1421
1125 3 2 0 1 92 1424 1421 91
1126 3 2 0 1 95 1425 1426 94
1127 3 2 0 1 1425 419 1395 1426
1128 3 2 0 1 1426 1395 420 1423
1129 3 2 0 1 94 1426 1423 93
1130 3 2 0 1 97 1427 1428 96
1131 3 2 0 1 1427 418 1398 1428
1132 3 2 0 1 1428 1398 419 1425
1133 3 2 0 1 96 1428 1425 95
1134 3 2 0 1 99 1429 1430 98
1135 3 2 0 1 1429 417 1401 1430
1136 3 2 0 1 1430 1401 418 1427
1137 3 2 0 1 98 1430 1427 97
1138 3 2 0 1 1 1431 1432 100
1139 3 2 0 1 1431 123 1404 1432
1140 3 2 0 1 1432 1404 417 1429
1141 3 2 0 1 100 1432 1429 99
1142 3 2 0 1 416 1433 1435 1434
1143 3 2 0 1 1433 155 758 1435
1144 3 2 0 1 1435 758 101 762
1145 3 2 0 1 1434 1435 762 156
1146 3 2 0 1 415 1436 1438 1437
1147 3 2 0 1 1436 154 718 1438
1148 3 2 0 1 1438 718 155 1433
1149 3 2 0 1 1437 1438 1433 416
1150 3 2 0 1 414 1439 1441 1440
1151 3 2 0 1 1439 153 675 1441
1152 3 2 0 1 1441 675 154 1436
1153 3 2 0 1 1440 1441 1436 415
1154 3 2 0 1 413 1442 1444 1443
1155 3 2 0 1 1442 152 1247 1444
1156 3 2 0 1 1444 1247 153 1439
1157 3 2 0 1 1443 1444 1439 414
1158 3 2 0 1 412 1445 1447 1446
1159 3 2 0 1 1445 151 1287 1447
1160 3 2 0 1 1447 1287 152 1442
1161 3 2 0 1 1446 1447 1442 413
1162 3 2 0 1 411 1448 1450 1449
1163 3 2 0 1 1448 150 1327 1450
1164 3 2 0 1 1450 1327 151 1445
1165 3 2 0 1 1449 1450 1445 412
1166 3 2 0 1 410 1451 1453 1452
1167 3 2 0 1 1451 149 1367 1453
1168 3 2 0 1 1453 1367 150 1448
1169 3 2 0 1 1452 1453 1448 411
1170 3 2 0 1 73 74 1455 1454
1171 3 2 0 1 74 75 1407 1455
1172 3 2 0 1 1455 1407 149 1451
1173 3 2 0 1 1454 1455 1451 410
1174 3 2 0 1 409 1456 1458 1457
1175 3 2 0 1 1456 416 1434 1458
1176 3 2 0 1 1458 1434 156 766
1177 3 2 0 1 1457 1458 766 157
1178 3 2 0 1 408 1459 1461 1460
1179 3 2 0 1 1459 415 1437 1461
1180 3 2 0 1 1461 1437 416 1456
1181 3 2 0 1 1460 1461 1456 409
1182 3 2 0 1 407 1462 1464 1463
1183 3 2 0 1 1462 414 1440 1464
1184 3 2 0 1 1464 1440 415 1459
1185 3 2 0 1 1463 1464 1459 408
1186 3 2 0 1 406 1465 1467 1466
1187 3 2 0 1 1465 413 1443 1467
1188 3 2 0 1 1467 1443 414 1462
1189 3 2 0 1 1466 1467 1462 407
1190 3 2 0 1 405 1468 1470 1469
1191 3 2 0 1 1468 412 1446 1470
1192 3 2 0 1 1470 1446 413 1465
1193 3 2 0 1 1469 1470 1465 406
1194 3 2 0 1 404 1471 1473 1472
1195 3 2 0 1 1471 411 1449 1473
1196 3 2 0 1 1473 1449 412 1468
1197 3 2 0 1 1472 1473 1468 405
1198 3 2 0 1 403 1474 1476 1475
1199 3 2 0 1 1474 410 1452 1476
1200 3 2 0 1 1476 1452 411 1471
1201 3 2 0 1 1475 1476 1471 404
1202 3 2 0 1 71 72 1478 1477
1203 3 2 0 1 72 73 1454 1478
1204 3 2 0 1 1478 1454 410 1474
1205 3 2 0 1 1477 1478 1474 403
1206 3 2 0 1 402 1479 1481 1480
1207 3 2 0 1 1479 409 1457 1481
1208 3 2 0 1 1481 1457 157 770
1209 3 2 0 1 1480 1481 770 158
1210 3 2 0 1 401 1482 1484 1483
1211 3 2 0 1 1482 408 1460 1484
1212 3 2 0 1 1484 1460 409 1479
1213 3 2 0 1 1483 1484 1479 402
1214 3 2 0 1 400 1485 1487 1486
1215 3 2 0 1 1485 407 1463 1487
1216 3 2 0 1 1487 1463 408 1482
1217 3 2 0 1 1486 1487 1482 401
1218 3 2 0 1 399 1488 1490 1489
1219 3 2 0 1 1488 406 1466 1490
1220 3 2 0 1 1490 1466 407 1485
1221 3 2 0 1 1489 1490 1485 400
1222 3 2 0 1 398 1491 1493 1492
1223 3 2 0 1 1491 405 1469 1493
1224 3 2 0 1 1493 1469 406 1488
1225 3 2 0 1 1492 1493 1488 399
1226 3 2 0 1 397 1494 1496 1495
1227 3 2 0 1 1494 404 1472 1496
1228 3 2 0 1 1496 1472 405 1491
1229 3 2 0 1 1495 1496 1491 398
1230 3 2 0 1 396 1497 1499 1498
1231 3 2 0 1 1497 403 1475 1499
1232 3 2 0 1 1499 1475 404 1494
1233 3 2 0 1 1498 1499 1494 397
1234 3 2 0 1 69 70 1501 1500
1235 3 2 0 1 70 71 1477 1501
1236 3 2 0 1 1501 1477 403 1497
1237 3 2 0 1 1500 1501 1497 396
1238 3 2 0 1 395 1502 1504 1503
1239 3 2 0 1 1502 402 1480 1504
1240 3 2 0 1 1504 1480 158 774
1241 3 2 0 1 1503 1504 774 159
1242 3 2 0 1 394 1505 1507 1506
1243 3 2 0 1 1505 401 1483 1507
1244 3 2 0 1 1507 1483 402 1502
1245 3 2 0 1 1506 1507 1502 395
1246 3 2 0 1 393 1508 1510 1509
1247 3 2 0 1 1508 400 1486 1510
1248 3 2 0 1 1510 1486 401 1505
1249 3 2 0 1 1509 1510 1505 394
1250 3 2 0 1 392 1511 1513 1512
1251 3 2 0 1 1511 399 1489 1513
1252 3 2 0 1 1513 1489 400 1508
1253 3 2 0 1 1512 1513 1508 393
1254 3 2 0 1 391 1514 1516 1515
1255 3 2 0 1 1514 398 1492 1516
1256 3 2 0 1 1516 1492 399 1511
1257 3 2 0 1 1515 1516 1511 392
1258 3 2 0 1 390 1517 1519 1518
1259 3 2 0 1 1517 397 1495 1519
1260 3 2 0 1 1519 1495 398 1514
1261 3 2 0 1 1518 1519 1514 391
1262 3 2 0 1 389 1520 1522 1521
1263 3 2 0 1 1520 396 1498 1522
1264 3 2 0 1 1522 1498 397 1517
1265 3 2 0 1 1521 1522 1517 390
1266 3 2 0 1 67 68 1524 1523
1267 3 2 0 1 68 69 1500 1524
1268 3 2 0 1 1524 1500 396 1520
1269 3 2 0 1 1523 1524 1520 389
1270 3 2 0 1 388 1525 1527 1526
1271 3 2 0 1 1525 395 1503 1527
1272 3 2 0 1 1527 1503 159 778
1273 3 2 0 1 1526 1527 778 160
1274 3 2 0 1 387 1528 1530 1529
1275 3 2 0 1 1528 394 1506 1530
1276 3 2 0 1 1530 1506 395 1525
1277 3 2 0 1 1529 1530 1525 388
1278 3 2 0 1 386 1531 1533 1532
1279 3 2 0 1 1531 393 1509 1533
1280 3 2 0 1 1533 1509 394 1528
1281 3 2 0 1 1532 1533 1528 387
1282 3 2 0 1 385 1534 1536 1535
1283 3 2 0 1 1534 392 1512 1536
1284 3 2 0 1 1536 1512 393 1531
1285 3 2 0 1 1535 1536 1531 386
1286 3 2 0 1 384 1537 1539 1538
1287 3 2 0 1 1537 391 1515 1539
1288 3 2 0 1 1539 1515 392 1534
1289 3 2 0 1 1538 1539 1534 385
1290 3 2 0 1 383 1540 1542 1541
1291 3 2 0 1 1540 390 1518 1542
1292 3 2 0 1 1542 1518 391 1537
1293 3 2 0 1 1541 1542 1537 384
1294 3 2 0 1 382 1543 1545 1544
1295 3 2 0 1 1543 389 1521 1545
1296 3 2 0 1 1545 1521 390 1540
1297 3 2 0 1 1544 1545 1540 383
1298 3 2 0 1 65 66 1547 1546
1299 3 2 0 1 66 67 1523 1547
1300 3 2 0 1 1547 1523 389 1543
1301 3 2 0 1 1546 1547 1543 382
1302 3 2 0 1 381 1548 1550 1549
1303 3 2 0 1 1548 388 1526 1550
1304 3 2 0 1 1550 1526 160 782
1305 3 2 0 1 1549 1550 782 161
1306 3 2 0 1 380 1551 1553 1552
1307 3 2 0 1 1551 387 1529 1553
1308 3 2 0 1 1553 1529 388 1548
1309 3 2 0 1 1552 1553 1548 381
1310 3 2 0 1 379 1554 1556 1555
1311 3 2 0 1 1554 386 1532 1556
1312 3 2 0 1 1556 1532 387 1551
1313 3 2 0 1 1555 1556 1551 380
1314 3 2 0 1 378 1557 1559 1558
1315 3 2 0 1 1557 385 1535 1559
1316 3 2 0 1 1559 1535 386 1554
1317 3 2 0 1 1558 1559 1554 379
1318 3 2 0 1 377 1560 1562 1561
1319 3 2 0 1 1560 384 1538 1562
1320 3 2 0 1 1562 1538 385 1557
1321 3 2 0 1 1561 1562 1557 378
1322 3 2 0 1 376 1563 1565 1564
1323 3 2 0 1 1563 383 1541 1565
1324 3 2 0 1 1565 1541 384 1560
1325 3 2 0 1 1564 1565 1560 377
1326 3 2 0 1 375 1566 1568 1567
1327 3 2 0 1 1566 382 1544 1568
1328 3 2 0 1 1568 1544 383 1563
1329 3 2 0 1 1567 1568 1563 376
1330 3 2 0 1 63 64 1570 1569
1331 3 2 0 1 64 65 1546 1570
1332 3 2 0 1 1570 1546 382 1566
1333 3 2 0 1 1569 1570 1566 375
1334 3 2 0 1 374 1571 1573 1572
1335 3 2 0 1 1571 381 1549 1573
1336 3 2 0 1 1573 1549 161 786
1337 3 2 0 1 1572 1573 786 162
1338 3 2 0 1 373 1574 1576 1575
1339 3 2 0 1 1574 380 1552 1576
1340 3 2 0 1 1576 1552 381 1571
1341 3 2 0 1 1575 1576 1571 374
1342 3 2 0 1 372 1577 1579 1578
1343 3 2 0 1 1577 379 1555 1579
1344 3 2 0 1 1579 1555 380 1574
1345 3 2 0 1 1578 1579 1574 373
1346 3 2 0 1 371 1580 1582 1581
1347 3 2 0 1 1580 378 1558 1582
1348 3 2 0 1 1582 1558 379 1577
1349 3 2 0 1 1581 1582 1577 372
1350 3 2 0 1 370 1583 1585 1584
1351 3 2 0 1 1583 377 1561 1585
1352 3 2 0 1 1585 1561 378 1580
1353 3 2 0 1 1584 1585 1580 371
1354 3 2 0 1 369 1586 1588 1587
1355 3 2 0 1 1586 376 1564 1588
1356 3 2 0 1 1588 1564 377 1583
1357 3 2 0 1 1587 1588 1583 370
1358 3 2 0 1 368 1589 1591 1590
1359 3 2 0 1 1589 375 1567 1591
1360 3 2 0 1 1591 1567 376 1586
1361 3 2 0 1 1590 1591 1586 369
1362 3 2 0 1 61 62 1593 1592
1363 3 2 0 1 62 63 1569 1593
1364 3 2 0 1 1593 1569 375 1589
1365 3 2 0 1 1592 1593 1589 368
1366 3 2 0 1 367 1594 1596 1595
1367 3 2 0 1 1594 374 1572 1596
1368 3 2 0 1 1596 1572 162 790
1369 3 2 0 1 1595 1596 790 163
1370 3 2 0 1 366 1597 1599 1598
1371 3 2 0 1 1597 373 1575 1599
1372 3 2 0 1 1599 1575 374 1594
1373 3 2 0 1 1598 1599 1594 367
1374 3 2 0 1 365 1600 1602 1601
1375 3 2 0 1 1600 372 1578 1602
1376 3 2 0 1 1602 1578 373 1597
1377 3 2 0 1 1601 1602 1597 366
1378 3 2 0 1 364 1603 1605 1604
1379 3 2 0 1 1603 371 1581 1605
1380 3 2 0 1 1605 1581 372 1600
1381 3 2 0 1 1604 1605 1600 365
1382 3 2 0 1 363 1606 1608 1607
1383 3 2 0 1 1606 370 1584 1608
1384 3 2 0 1 1608 1584 371 1603
1385 3 2 0 1 1607 1608 1603 364
1386 3 2 0 1 362 1609 1611 1610
1387 3 2 0 1 1609 369 1587 1611
1388 3 2 0 1 1611 1587 370 1606
1389 3 2 0 1 1610 1611 1606 363
1390 3 2 0 1 361 1612 1614 1613
1391 3 2 0 1 1612 368 1590 1614
1392 3 2 0 1 1614 1590 369 1609
1393 3 2 0 1 1613 1614 1609 362
1394 3 2 0 1 59 60 1616 1615
1395 3 2 0 1 60 61 1592 1616
1396 3 2 0 1 1616 1592 368 1612
1397 3 2 0 1 1615 1616 1612 361
1398 3 2 0 1 360 1617 1619 1618
1399 3 2 0 1 1617 367 1595 1619
1400 3 2 0 1 1619 1595 163 794
1401 3 2 0 1 1618 1619 794 164
1402 3 2 0 1 359 1620 1622 1621
1403 3 2 0 1 1620 366 1598 1622
1404 3 2 0 1 1622 1598 367 1617
1405 3 2 0 1 1621 1622 1617 360
1406 3 2 0 1 358 1623 1625 1624
1407 3 2 0 1 1623 365 1601 1625
1408 3 2 0 1 1625 1601 366 1620
1409 3 2 0 1 1624 1625 1620 359
1410 3 2 0 1 357 1626 1628 1627
1411 3 2 0 1 1626 364 1604 1628
1412 3 2 0 1 1628 1604 365 1623
1413 3 2 0 1 1627 1628 1623 358
1414 3 2 0 1 356 1629 1631 1630
1415 3 2 0 1 1629 363 1607 1631
1416 3 2 0 1 1631 1607 364 1626
1417 3 2 0 1 1630 1631 1626 357
1418 3 2 0 1 355 1632 1634 1633
1419 3 2 0 1 1632 362 1610 1634
1420 3 2 0 1 1634 1610 363 1629
1421 3 2 0 1 1633 1634 1629 356
1422 3 2 0 1 354 1635 1637 1636
1423 3 2 0 1 1635 361 1613 1637
1424 3 2 0 1 1637 1613 362 1632
1425 3 2 0 1 1636 1637 1632 355
1426 3 2 0 1 57 58 1639 1638
1427 3 2 0 1 58 59 1615 1639
1428 3 2 0 1 1639 1615 361 1635
1429 3 2 0 1 1638 1639 1635 354
1430 3 2 0 1 353 1640 1642 1641
1431 3 2 0 1 1640 360 1618 1642
1432 3 2 0 1 1642 1618 164 798
1433 3 2 0 1 1641 1642 798 165
1434 3 2 0 1 352 1643 1645 1644
1435 3 2 0 1 1643 359 1621 1645
1436 3 2 0 1 1645 1621 360 1640
1437 3 2 0 1 1644 1645 1640 353
1438 3 2 0 1 351 1646 1648 1647
1439 3 2 0 1 1646 358 1624 1648
1440 3 2 0 1 1648 1624 359 1643
1441 3 2 0 1 1647 1648 1643 352
1442 3 2 0 1 350 1649 1651 1650
1443 3 2 0 1 1649 357 1627 1651
1444 3 2 0 1 1651 1627 358 1646
1445 3 2 0 1 1650 1651 1646 351
1446 3 2 0 1 349 1652 1654 1653
1447 3 2 0 1 1652 356 1630 1654
1448 3 2 0 1 1654 1630 357 1649
1449 3 2 0 1 1653 1654 1649 350
1450 3 2 0 1 348 1655 1657 1656
1451 3 2 0 1 1655 355 1633 1657
1452 3 2 0 1 1657 1633 356 1652
1453 3 2 0 1 1656 1657 1652 349
1454 3 2 0 1 347 1658 1660 1659
1455 3 2 0 1 1658 354 1636 1660
1456 3 2 0 1 1660 1636 355 1655
1457 3 2 0 1 1659 1660 1655 348
1458 3 2 0 1 55 56 1662 1661
1459 3 2 0 1 56 57 1638 1662
1460 3 2 0 1 1662 1638 354 1658
1461 3 2 0 1 1661 1662 1658 347
1462 3 2 0 1 346 1663 1665 1664
1463 3 2 0 1 1663 353 1641 1665
1464 3 2 0 1 1665 1641 165 802
1465 3 2 0 1 1664 1665 802 166
1466 3 2 0 1 345 1666 1668 1667
1467 3 2 0 1 1666 352 1644 1668
1468 3 2 0 1 1668 1644 353 1663
1469 3 2 0 1 1667 1668 1663 346
1470 3 2 0 1 344 1669 1671 1670
1471 3 2 0 1 1669 351 1647 1671
1472 3 2 0 1 1671 1647 352 1666
1473 3 2 0 1 1670 1671 1666 345
1474 3 2 0 1 343 1672 1674 1673
1475 3 2 0 1 1672 350 1650 1674
1476 3 2 0 1 1674 1650 351 1669
1477 3 2 0 1 1673 1674 1669 344
1478 3 2 0 1 342 1675 1677 1676
1479 3 2 0 1 1675 349 1653 1677
1480 3 2 0 1 1677 1653 350 1672
1481 3 2 0 1 1676 1677 1672 343
1482 3 2 0 1 341 1678 1680 1679
1483 3 2 0 1 1678 348 1656 1680
1484 3 2 0 1 1680 1656 349 1675
1485 3 2 0 1 1679 1680 1675 342
1486 3 2 0 1 340 1681 1683 1682
1487 3 2 0 1 1681 347 1659 1683
1488 3 2 0 1 1683 1659 348 1678
1489 3 2 0 1 1682 1683 1678 341
1490 3 2 0 1 53 54 1685 1684
1491 3 2 0 1 54 55 1661 1685
1492 3 2 0 1 1685 1661 347 1681
1493 3 2 0 1 1684 1685 1681 340
1494 3 2 0 1 136 1686 1688 1687
1495 3 2 0 1 1686 346 1664 1688
1496 3 2 0 1 1688 1664 166 806
1497 3 2 0 1 1687 1688 806 104
1498 3 2 0 1 135 1689 1691 1690
1499 3 2 0 1 1689 345 1667 1691
1500 3 2 0 1 1691 1667 346 1686
1501 3 2 0 1 1690 1691 1686 136
1502 3 2 0 1 134 1692 1694 1693
1503 3 2 0 1 1692 344 1670 1694
1504 3 2 0 1 1694 1670 345 1689
1505 3 2 0 1 1693 1694 1689 135
1506 3 2 0 1 133 1695 1697 1696
1507 3 2 0 1 1695 343 1673 1697
1508 3 2 0 1 1697 1673 344 1692
1509 3 2 0 1 1696 1697 1692 134
1510 3 2 0 1 132 1698 1700 1699
1511 3 2 0 1 1698 342 1676 1700
1512 3 2 0 1 1700 1676 343 1695
1513 3 2 0 1 1699 1700 1695 133
1514 3 2 0 1 131 1701 1703 1702
1515 3 2 0 1 1701 341 1679 1703
1516 3 2 0 1 1703 1679 342 1698
1517 3 2 0 1 1702 1703 1698 132
1518 3 2 0 1 130 1704 1706 1705
1519 3 2 0 1 1704 340 1682 1706
1520 3 2 0 1 1706 1682 341 1701
1521 3 2 0 1 1705 1706 1701 131
1522 3 2 0 1 51 52 1708 1707
1523 3 2 0 1 52 53 1684 1708
1524 3 2 0 1 1708 1684 340 1704
1525 3 2 0 1 1707 1708 1704 130
1526 3 2 0 1 339 1709 1711 1710
1527 3 2 0 1 1709 136 1687 1711
1528 3 2 0 1 1711 1687 104 805
1529 3 2 0 1 1710 1711 805 148
1530 3 2 0 1 338 1712 1714 1713
1531 3 2 0 1 1712 135 1690 1714
1532 3 2 0 1 1714 1690 136 1709
1533 3 2 0 1 1713 1714 1709 339
1534 3 2 0 1 337 1715 1717 1716
1535 3 2 0 1 1715 134 1693 1717
1536 3 2 0 1 1717 1693 135 1712
1537 3 2 0 1 1716 1717 1712 338
1538 3 2 0 1 336 1718 1720 1719
1539 3 2 0 1 1718 133 1696 1720
1540 3 2 0 1 1720 1696 134 1715
1541 3 2 0 1 1719 1720 1715 337
1542 3 2 0 1 335 1721 1723 1722
1543 3 2 0 1 1721 132 1699 1723
1544 3 2 0 1 1723 1699 133 1718
1545 3 2 0 1 1722 1723 1718 336
1546 3 2 0 1 334 1724 1726 1725
1547 3 2 0 1 1724 131 1702 1726
1548 3 2 0 1 1726 1702 132 1721
1549 3 2 0 1 1725 1726 1721 335
1550 3 2 0 1 333 1727 1729 1728
1551 3 2 0 1 1727 130 1705 1729
1552 3 2 0 1 1729 1705 131 1724
1553 3 2 0 1 1728 1729 1724 334
1554 3 2 0 1 49 50 1731 1730
1555 3 2 0 1 50 51 1707 1731
1556 3 2 0 1 1731 1707 130 1727
1557 3 2 0 1 1730 1731 1727 333
1558 3 2 0 1 332 1732 1734 1733
1559 3 2 0 1 1732 339 1710 1734
1560 3 2 0 1 1734 1710 148 842
1561 3 2 0 1 1733 1734 842 147
1562 3 2 0 1 331 1735 1737 1736
1563 3 2 0 1 1735 338 1713 1737
1564 3 2 0 1 1737 1713 339 1732
1565 3 2 0 1 1736 1737 1732 332
1566 3 2 0 1 330 1738 1740 1739
1567 3 2 0 1 1738 337 1716 1740
1568 3 2 0 1 1740 1716 338 1735
1569 3 2 0 1 1739 1740 1735 331
1570 3 2 0 1 329 1741 1743 1742
1571 3 2 0 1 1741 336 1719 1743
1572 3 2 0 1 1743 1719 337 1738
1573 3 2 0 1 1742 1743 1738 330
1574 3 2 0 1 328 1744 1746 1745
1575 3 2 0 1 1744 335 1722 1746
1576 3 2 0 1 1746 1722 336 1741
1577 3 2 0 1 1745 1746 1741 329
1578 3 2 0 1 327 1747 1749 1748
1579 3 2 0 1 1747 334 1725 1749
1580 3 2 0 1 1749 1725 335 1744
1581 3 2 0 1 1748 1749 1744 328
1582 3 2 0 1 326 1750 1752 1751
1583 3 2 0 1 1750 333 1728 1752
1584 3 2 0 1 1752 1728 334 1747
1585 3 2 0 1 1751 1752 1747 327
1586 3 2 0 1 47 48 1754 1753
1587 3 2 0 1 48 49 1730 1754
1588 3 2 0 1 1754 1730 333 1750
1589 3 2 0 1 1753 1754 1750 326
1590 3 2 0 1 325 1755 1757 1756
1591 3 2 0 1 1755 332 1733 1757
1592 3 2 0 1 1757 1733 147 878
1593 3 2 0 1 1756 1757 878 146
1594 3 2 0 1 324 1758 1760 1759
1595 3 2 0 1 1758 331 1736 1760
1596 3 2 0 1 1760 1736 332 1755
1597 3 2 0 1 1759 1760 1755 325
1598 3 2 0 1 323 1761 1763 1762
1599 3 2 0 1 1761 330 1739 1763
1600 3 2 0 1 1763 1739 331 1758
1601 3 2 0 1 1762 1763 1758 324
1602 3 2 0 1 322 1764 1766 1765
1603 3 2 0 1 1764 329 1742 1766
1604 3 2 0 1 1766 1742 330 1761
1605 3 2 0 1 1765 1766 1761 323
1606 3 2 0 1 321 1767 1769 1768
1607 3 2 0 1 1767 328 1745 1769
1608 3 2 0 1 1769 1745 329 1764
1609 3 2 0 1 1768 1769 1764 322
1610 3 2 0 1 320 1770 1772 1771
1611 3 2 0 1 1770 327 1748 1772
1612 3 2 0 1 1772 1748 328 1767
1613 3 2 0 1 1771 1772 1767 321
1614 3 2 0 1 319 1773 1775 1774
1615 3 2 0 1 1773 326 1751 1775
1616 3 2 0 1 1775 1751 327 1770
1617 3 2 0 1 1774 1775 1770 320
1618 3 2 0 1 45 46 1777 1776
1619 3 2 0 1 46 47 1753 1777
1620 3 2 0 1 1777 1753 326 1773
1621 3 2 0 1 1776 1777 1773 319
1622 3 2 0 1 318 1778 1780 1779
1623 3 2 0 1 1778 325 1756 1780
1624 3 2 0 1 1780 1756 146 914
1625 3 2 0 1 1779 1780 914 145
1626 3 2 0 1 317 1781 1783 1782
1627 3 2 0 1 1781 324 1759 1783
1628 3 2 0 1 1783 1759 325 1778
1629 3 2 0 1 1782 1783 1778 318
1630 3 2 0 1 316 1784 1786 1785
1631 3 2 0 1 1784 323 1762 1786
1632 3 2 0 1 1786 1762 324 1781
1633 3 2 0 1 1785 1786 1781 317
1634 3 2 0 1 315 1787 1789 1788
1635 3 2 0 1 1787 322 1765 1789
1636 3 2 0 1 1789 1765 323 1784
1637 3 2 0 1 1788 1789 1784 316
1638 3 2 0 1 314 1790 1792 1791
1639 3 2 0 1 1790 321 1768 1792
1640 3 2 0 1 1792 1768 322 1787
1641 3 2 0 1 1791 1792 1787 315
1642 3 2 0 1 313 1793 1795 1794
1643 3 2 0 1 1793 320 1771 1795
1644 3 2 0 1 1795 1771 321 1790
1645 3 2 0 1 1794 1795 1790 314
1646 3 2 0 1 312 1796 1798 1797
1647 3 2 0 1 1796 319 1774 1798
1648 3 2 0 1 1798 1774 320 1793
1649 3 2 0 1 1797 1798 1793 313
1650 3 2 0 1 43 44 1800 1799
1651 3 2 0 1 44 45 1776 1800
1652 3 2 0 1 1800 1776 319 1796
1653 3 2 0 1 1799 1800 1796 312
1654 3 2 0 1 311 1801 1803 1802
1655 3 2 0 1 1801 318 1779 1803
1656 3 2 0 1 1803 1779 145 950
1657 3 2 0 1 1802 1803 950 144
1658 3 2 0 1 310 1804 1806 1805
1659 3 2 0 1 1804 317 1782 1806
1660 3 2 0 1 1806 1782 318 1801
1661 3 2 0 1 1805 1806 1801 311
1662 3 2 0 1 309 1807 1809 1808
1663 3 2 0 1 1807 316 1785 1809
1664 3 2 0 1 1809 1785 317 1804
1665 3 2 0 1 1808 1809 1804 310
1666 3 2 0 1 308 1810 1812 1811
1667 3 2 0 1 1810 315 1788 1812
1668 3 2 0 1 1812 1788 316 1807
1669 3 2 0 1 1811 1812 1807 309
1670 3 2 0 1 307 1813 1815 1814
1671 3 2 0 1 1813 314 1791 1815
1672 3 2 0 1 1815 1791 315 1810
1673 3 2 0 1 1814 1815 1810 308
1674 3 2 0 1 306 1816 1818 1817
1675 3 2 0 1 1816 313 1794 1818
1676 3 2 0 1 1818 1794 314 1813
1677 3 2 0 1 1817 1818 1813 307
1678 3 2 0 1 305 1819 1821 1820
1679 3 2 0 1 1819 312 1797 1821
1680 3 2 0 1 1821 1797 313 1816
1681 3 2 0 1 1820 1821 1816 306
1682 3 2 0 1 41 42 1823 1822
1683 3 2 0 1 42 43 1799 1823
1684 3 2 0 1 1823 1799 312 1819
1685 3 2 0 1 1822 1823 1819 305
1686 3 2 0 1 304 1824 1826 1825
1687 3 2 0 1 1824 311 1802 1826
1688 3 2 0 1 1826 1802 144 986
1689 3 2 0 1 1825 1826 986 143
1690 3 2 0 1 303 1827 1829 1828
1691 3 2 0 1 1827 310 1805 1829
1692 3 2 0 1 1829 1805 311 1824
1693 3 2 0 1 1828 1829 1824 304
1694 3 2 0 1 302 1830 1832 1831
1695 3 2 0 1 1830 309 1808 1832
1696 3 2 0 1 1832 1808 310 1827
1697 3 2 0 1 1831 1832 1827 303
1698 3 2 0 1 301 1833 1835 1834
1699 3 2 0 1 1833 308 1811 1835
1700 3 2 0 1 1835 1811 309 1830
1701 3 2 0 1 1834 1835 1830 302
1702 3 2 0 1 300 1836 1838 1837
1703 3 2 0 1 1836 307 1814 1838
1704 3 2 0 1 1838 1814 308 1833
1705 3 2 0 1 1837 1838 1833 301
1706 3 2 0 1 299 1839 1841 1840
1707 3 2 0 1 1839 306 1817 1841
1708 3 2 0 1 1841 1817 307 1836
1709 3 2 0 1 1840 1841 1836 300
1710 3 2 0 1 298 1842 1844 1843
1711 3 2 0 1 1842 305 1820 1844
1712 3 2 0 1 1844 1820 306 1839
1713 3 2 0 1 1843 1844 1839 299
1714 3 2 0 1 39 40 1846 1845
1715 3 2 0 1 40 41 1822 1846
1716 3 2 0 1 1846 1822 305 1842
1717 3 2 0 1 1845 1846 1842 298
1718 3 2 0 1 297 1847 1849 1848
1719 3 2 0 1 1847 304 1825 1849
1720 3 2 0 1 1849 1825 143 1022
1721 3 2 0 1 1848 1849 1022 142
1722 3 2 0 1 296 1850 1852 1851
1723 3 2 0 1 1850 303 1828 1852
1724 3 2 0 1 1852 1828 304 1847
1725 3 2 0 1 1851 1852 1847 297
1726 3 2 0 1 295 1853 1855 1854
1727 3 2 0 1 1853 302 1831 1855
1728 3 2 0 1 1855 1831 303 1850
1729 3 2 0 1 1854 1855 1850 296
1730 3 2 0 1 294 1856 1858 1857
1731 3 2 0 1 1856 301 1834 1858
1732 3 2 0 1 1858 1834 302 1853
1733 3 2 0 1 1857 1858 1853 295
1734 3 2 0 1 293 1859 1861 1860
1735 3 2 0 1 1859 300 1837 1861
1736 3 2 0 1 1861 1837 301 1856
1737 3 2 0 1 1860 1861 1856 294
1738 3 2 0 1 292 1862 1864 1863
1739 3 2 0 1 1862 299 1840 1864
1740 3 2 0 1 1864 1840 300 1859
1741 3 2 0 1 1863 1864 1859 293
1742 3 2 0 1 291 1865 1867 1866
1743 3 2 0 1 1865 298 1843 1867
1744 3 2 0 1 1867 1843 299 1862
1745 3 2 0 1 1866 1867 1862 292
1746 3 2 0 1 37 38 1869 1868
1747 3 2 0 1 38 39 1845 1869
1748 3 2 0 1 1869 1845 298 1865
1749 3 2 0 1 1868 1869 1865 291
1750 3 2 0 1 290 1870 1872 1871
1751 3 2 0 1 1870 297 1848 1872
1752 3 2 0 1 1872 1848 142 1058
1753 3 2 0 1 1871 1872 1058 141
1754 3 2 0 1 289 1873 1875 1874
1755 3 2 0 1 1873 296 1851 1875
1756 3 2 0 1 1875 1851 297 1870
1757 3 2 0 1 1874 1875 1870 290
1758 3 2 0 1 288 1876 1878 1877
1759 3 2 0 1 1876 295 1854 1878
1760 3 2 0 1 1878 1854 296 1873
1761 3 2 0 1 1877 1878 1873 289
1762 3 2 0 1 287 1879 1881 1880
1763 3 2 0 1 1879 294 1857 1881
1764 3 2 0 1 1881 1857 295 1876
1765 3 2 0 1 1880 1881 1876 288
1766 3 2 0 1 286 1882 1884 1883
1767 3 2 0 1 1882 293 1860 1884
1768 3 2 0 1 1884 1860 294 1879
1769 3 2 0 1 1883 1884 1879 287
1770 3 2 0 1 285 1885 1887 1886
1771 3 2 0 1 1885 292 1863 1887
1772 3 2 0 1 1887 1863 293 1882
1773 3 2 0 1 1886 1887 1882 286
1774 3 2 0 1 284 1888 1890 1889
1775 3 2 0 1 1888 291 1866 1890
1776 3 2 0 1 1890 1866 292 1885
1777 3 2 0 1 1889 1890 1885 285
1778 3 2 0 1 35 36 1892 1891
1779 3 2 0 1 36 37 1868 1892
1780 3 2 0 1 1892 1868 291 1888
1781 3 2 0 1 1891 1892 1888 284
1782 3 2 0 1 283 1893 1895 1894
1783 3 2 0 1 1893 290 1871 1895
1784 3 2 0 1 1895 1871 141 1094
1785 3 2 0 1 1894 1895 1094 140
1786 3 2 0 1 282 1896 1898 1897
1787 3 2 0 1 1896 289 1874 1898
1788 3 2 0 1 1898 1874 290 1893
1789 3 2 0 1 1897 1898 1893 283
1790 3 2 0 1 281 1899 1901 1900
1791 3 2 0 1 1899 288 1877 1901
1792 3 2 0 1 1901 1877 289 1896
1793 3 2 0 1 1900 1901 1896 282
1794 3 2 0 1 280 1902 1904 1903
1795 3 2 0 1 1902 287 1880 1904
1796 3 2 0 1 1904 1880 288 1899
1797 3 2 0 1 1903 1904 1899 281
1798 3 2 0 1 279 1905 1907 1906
1799 3 2 0 1 1905 286 1883 1907
1800 3 2 0 1 1907 1883 287 1902
1801 3 2 0 1 1906 1907 1902 280
1802 3 2 0 1 278 1908 1910 1909
1803 3 2 0 1 1908 285 1886 1910
1804 3 2 0 1 1910 1886 286 1905
1805 3 2 0 1 1909 1910 1905 279
1806 3 2 0 1 277 1911 1913 1912
1807 3 2 0 1 1911 284 1889 1913
1808 3 2 0 1 1913 1889 285 1908
1809 3 2 0 1 1912 1913 1908 278
1810 3 2 0 1 33 34 1915 1914
1811 3 2 0 1 34 35 1891 1915
1812 3 2 0 1 1915 1891 284 1911
1813 3 2 0 1 1914 1915 1911 277
1814 3 2 0 1 276 1916 1918 1917
1815 3 2 0 1 1916 283 1894 1918
1816 3 2 0 1 1918 1894 140 1130
1817 3 2 0 1 1917 1918 1130 139
1818 3 2 0 1 275 1919 1921 1920
1819 3 2 0 1 1919 282 1897 1921
1820 3 2 0 1 1921 1897 283 1916
1821 3 2 0 1 1920 1921 1916 276
1822 3 2 0 1 274 1922 1924 1923
1823 3 2 0 1 1922 281 1900 1924
1824 3 2 0 1 1924 1900 282 1919
1825 3 2 0 1 1923 1924 1919 275
1826 3 2 0 1 273 1925 1927 1926
1827 3 2 0 1 1925 280 1903 1927
1828 3 2 0 1 1927 1903 281 1922
1829 3 2 0 1 1926 1927 1922 274
1830 3 2 0 1 272 1928 1930 1929
1831 3 2 0 1 1928 279 1906 1930
1832 3 2 0 1 1930 1906 280 1925
1833 3 2 0 1 1929 1930 1925 273
1834 3 2 0 1 271 1931 1933 1932
1835 3 2 0 1 1931 278 1909 1933
1836 3 2 0 1 1933 1909 279 1928
1837 3 2 0 1 1932 1933 1928 272
1838 3 2 0 1 270 1934 1936 1935
1839 3 2 0 1 1934 277 1912 1936
1840 3 2 0 1 1936 1912 278 1931
1841 3 2 0 1 1935 1936 1931 271
1842 3 2 0 1 31 32 1938 1937
1843 3 2 0 1 32 33 1914 1938
1844 3 2 0 1 1938 1914 277 1934
1845 3 2 0 1 1937 1938 1934 270
1846 3 2 0 1 269 1939 1941 1940
1847 3 2 0 1 1939 276 1917 1941
1848 3 2 0 1 1941 1917 139 1166
1849 3 2 0 1 1940 1941 1166 138
1850 3 2 0 1 268 1942 1944 1943
1851 3 2 0 1 1942 275 1920 1944
1852 3 2 0 1 1944 1920 276 1939
1853 3 2 0 1 1943 1944 1939 269
1854 3 2 0 1 267 1945 1947 1946
1855 3 2 0 1 1945 274 1923 1947
1856 3 2 0 1 1947 1923 275 1942
1857 3 2 0 1 1946 1947 1942 268
1858 3 2 0 1 266 1948 1950 1949
1859 3 2 0 1 1948 273 1926 1950
1860 3 2 0 1 1950 1926 274 1945
1861 3 2 0 1 1949 1950 1945 267
1862 3 2 0 1 265 1951 1953 1952
1863 3 2 0 1 1951 272 1929 1953
1864 3 2 0 1 1953 1929 273 1948
1865 3 2 0 1 1952 1953 1948 266
1866 3 2 0 1 264 1954 1956 1955
1867 3 2 0 1 1954 271 1932 1956
1868 3 2 0 1 1956 1932 272 1951
1869 3 2 0 1 1955 1956 1951 265
1870 3 2 0 1 263 1957 1959 1958
1871 3 2 0 1 1957 270 1935 1959
1872 3 2 0 1 1959 1935 271 1954
1873 3 2 0 1 1958 1959 1954 264
1874 3 2 0 1 29 30 1961 1960
1875 3 2 0 1 30 31 1937 1961
1876 3 2 0 1 1961 1937 270 1957
1877 3 2 0 1 1960 1961 1957 263
1878 3 2 0 1 262 1962 1964 1963
1879 3 2 0 1 1962 269 1940 1964
1880 3 2 0 1 1964 1940 138 1202
1881 3 2 0 1 1963 1964 1202 137
1882 3 2 0 1 261 1965 1967 1966
1883 3 2 0 1 1965 268 1943 1967
1884 3 2 0 1 1967 1943 269 1962
1885 3 2 0 1 1966 1967 1962 262
1886 3 2 0 1 260 1968 1970 1969
1887 3 2 0 1 1968 267 1946 1970
1888 3 2 0 1 1970 1946 268 1965
1889 3 2 0 1 1969 1970 1965 261
1890 3 2 0 1 259 1971 1973 1972
1891 3 2 0 1 1971 266 1949 1973
1892 3 2 0 1 1973 1949 267 1968
1893 3 2 0 1 1972 1973 1968 260
1894 3 2 0 1 258 1974 1976 1975
1895 3 2 0 1 1974 265 1952 1976
1896 3 2 0 1 1976 1952 266 1971
1897 3 2 0 1 1975 1976 1971 259
1898 3 2 0 1 257 1977 1979 1978
1899 3 2 0 1 1977 264 1955 1979
1900 3 2 0 1 1979 1955 265 1974
1901 3 2 0 1 1978 1979 1974 258
1902 3 2 0 1 256 1980 1982 1981
1903 3 2 0 1 1980 263 1958 1982
1904 3 2 0 1 1982 1958 264 1977
1905 3 2 0 1 1981 1982 1977 257
1906 3 2 0 1 27 28 1984 1983
1907 3 2 0 1 28 29 1960 1984
1908 3 2 0 1 1984 1960 263 1980
1909 3 2 0 1 1983 1984 1980 256
1910 3 2 0 1 111 1985 1987 1986
1911 3 2 0 1 1985 262 1963 1987
1912 3 2 0 1 1987 1963 137 1238
1913 3 2 0 1 1986 1987 1238 103
1914 3 2 0 1 110 1988 1990 1989
1915 3 2 0 1 1988 261 1966 1990
1916 3 2 0 1 1990 1966 262 1985
1917 3 2 0 1 1989 1990 1985 111
1918 3 2 0 1 109 1991 1993 1992
1919 3 2 0 1 1991 260 1969 1993
1920 3 2 0 1 1993 1969 261 1988
1921 3 2 0 1 1992 1993 1988 110
1922 3 2 0 1 108 1994 1996 1995
1923 3 2 0 1 1994 259 1972 1996
1924 3 2 0 1 1996 1972 260 1991
1925 3 2 0 1 1995 1996 1991 109
1926 3 2 0 1 107 1997 1999 1998
1927 3 2 0 1 1997 258 1975 1999
1928 3 2 0 1 1999 1975 259 1994
1929 3 2 0 1 1998 1999 1994 108
1930 3 2 0 1 106 2000 2002 2001
1931 3 2 0 1 2000 257 1978 2002
1932 3 2 0 1 2002 1978 258 1997
1933 3 2 0 1 2001 2002 1997 107
1934 3 2 0 1 105 2003 2005 2004
1935 3 2 0 1 2003 256 1981 2005
1936 3 2 0 1 2005 1981 257 2000
1937 3 2 0 1 2004 2005 2000 106
1938 3 2 0 1 25 26 2007 2006
1939 3 2 0 1 26 27 1983 2007
1940 3 2 0 1 2007 1983 256 2003
1941 3 2 0 1 2006 2007 2003 105
1942 3 2 0 1 255 2008 2010 2009
1943 3 2 0 1 2008 111 1986 2010
1944 3 2 0 1 2010 1986 103 1237
1945 3 2 0 1 2009 2010 1237 122
1946 3 2 0 1 254 2011 2013 2012
1947 3 2 0 1 2011 110 1989 2013
1948 3 2 0 1 2013 1989 111 2008
1949 3 2 0 1 2012 2013 2008 255
1950 3 2 0 1 253 2014 2016 2015
1951 3 2 0 1 2014 109 1992 2016
1952 3 2 0 1 2016 1992 110 2011
1953 3 2 0 1 2015 2016 2011 254
1954 3 2 0 1 252 2017 2019 2018
1955 3 2 0 1 2017 108 1995 2019
1956 3 2 0 1 2019 1995 109 2014
1957 3 2 0 1 2018 2019 2014 253
1958 3 2 0 1 251 2020 2022 2021
1959 3 2 0 1 2020 107 1998 2022
1960 3 2 0 1 2022 1998 108 2017
1961 3 2 0 1 2021 2022 2017 252
1962 3 2 0 1 250 2023 2025 2024
1963 3 2 0 1 2023 106 2001 2025
1964 3 2 0 1 2025 2001 107 2020
1965 3 2 0 1 2024 2025 2020 251
1966 3 2 0 1 249 2026 2028 2027
1967 3 2 0 1 2026 105 2004 2028
1968 3 2 0 1 2028 2004 106 2023
1969 3 2 0 1 2027 2028 2023 250
1970 3 2 0 1 23 24 2030 2029
1971 3 2 0 1 24 25 2006 2030
1972 3 2 0 1 2030 2006 105 2026
1973 3 2 0 1 2029 2030 2026 249
1974 3 2 0 1 248 2031 2033 2032
1975 3 2 0 1 2031 255 2009 2033
1976 3 2 0 1 2033 2009 122 1234
1977 3 2 0 1 2032 2033 1234 121
1978 3 2 0 1 247 2034 2036 2035
1979 3 2 0 1 2034 254 2012 2036
1980 3 2 0 1 2036 2012 255 2031
1981 3 2 0 1 2035 2036 2031 248
1982 3 2 0 1 246 2037 2039 2038
1983 3 2 0 1 2037 253 2015 2039
1984 3 2 0 1 2039 2015 254 2034
1985 3 2 0 1 2038 2039 2034 247
1986 3 2 0 1 245 2040 2042 2041
1987 3 2 0 1 2040 252 2018 2042
1988 3 2 0 1 2042 2018 253 2037
1989 3 2 0 1 2041 2042 2037 246
1990 3 2 0 1 244 2043 2045 2044
1991 3 2 0 1 2043 251 2021 2045
1992 3 2 0 1 2045 2021 252 2040
1993 3 2 0 1 2044 2045 2040 245
1994 3 2 0 1 243 2046 2048 2047
1995 3 2 0 1 2046 250 2024 2048
1996 3 2 0 1 2048 2024 251 2043
1997 3 2 0 1 2047 2048 2043 244
1998 3 2 0 1 242 2049 2051 2050
1999 3 2 0 1 2049 249 2027 2051
2000 3 2 0 1 2051 2027 250 2046
2001 3 2 0 1 2050 2051 2046 243
2002 3 2 0 1 21 22 2053 2052
2003 3 2 0 1 22 23 2029 2053
2004 3 2 0 1 2053 2029 249 2049
2005 3 2 0 1 2052 2053 2049 242
2006 3 2 0 1 241 2054 2056 2055
2007 3 2 0 1 2054 248 2032 2056
2008 3 2 0 1 2056 2032 121 1231
2009 3 2 0 1 2055 2056 1231 120
2010 3 2 0 1 240 2057 2059 2058
2011 3 2 0 1 2057 247 2035 2059
2012 3 2 0 1 2059 2035 248 2054
2013 3 2 0 1 2058 2059 2054 241
2014 3 2 0 1 239 2060 2062 2061
2015 3 2 0 1 2060 246 2038 2062
2016 3 2 0 1 2062 2038 247 2057
2017 3 2 0 1 2061 2062 2057 240
2018 3 2 0 1 238 2063 2065 2064
2019 3 2 0 1 2063 245 2041 2065
2020 3 2 0 1 2065 2041 246 2060
2021 3 2 0 1 2064 2065 2060 239
2022 3 2 0 1 237 2066 2068 2067
2023 3 2 0 1 2066 244 2044 2068
2024 3 2 0 1 2068 2044 245 2063
2025 3 2 0 1 2067 2068 2063 238
2026 3 2 0 1 236 2069 2071 2070
2027 3 2 0 1 2069 243 2047 2071
2028 3 2 0 1 2071 2047 244 2066
2029 3 2 0 1 2070 2071 2066 237
2030 3 2 0 1 235 2072 2074 2073
2031 3 2 0 1 2072 242 2050 2074
2032 3 2 0 1 2074 2050 243 2069
2033 3 2 0 1 2073 2074 2069 236
2034 3 2 0 1 19 20 2076 2075
2035 3 2 0 1 20 21 2052 2076
2036 3 2 0 1 2076 2052 242 2072
2037 3 2 0 1 2075 2076 2072 235
2038 3 2 0 1 234 2077 2079 2078
2039 3 2 0 1 2077 241 2055 2079
2040 3 2 0 1 2079 2055 120 1228
2041 3 2 0 1 2078 2079 1228 119
2042 3 2 0 1 233 2080 2082 2081
2043 3 2 0 1 2080 240 2058 2082
2044 3 2 0 1 2082 2058 241 2077
2045 3 2 0 1 2081 2082 2077 234
2046 3 2 0 1 232 2083 2085 2084
2047 3 2 0 1 2083 239 2061 2085
2048 3 2 0 1 2085 2061 240 2080
2049 3 2 0 1 2084 2085 2080 233
2050 3 2 0 1 231 2086 2088 2087
2051 3 2 0 1 2086 238 2064 2088
2052 3 2 0 1 2088 2064 239 2083
2053 3 2 0 1 2087 2088 2083 232
2054 3 2 0 1 230 2089 2091 2090
2055 3 2 0 1 2089 237 2067 2091
2056 3 2 0 1 2091 2067 238 2086
2057 3 2 0 1 2090 2091 2086 231
2058 3 2 0 1 229 2092 2094 2093
2059 3 2 0 1 2092 236 2070 2094
2060 3 2 0 1 2094 2070 237 2089
2061 3 2 0 1 2093 2094 2089 230
2062 3 2 0 1 228 2095 2097 2096
2063 3 2 0 1 2095 235 2073 2097
2064 3 2 0 1 2097 2073 236 2092
2065 3 2 0 1 2096 2097 2092 229
2066 3 2 0 1 17 18 2099 2098
2067 3 2 0 1 18 19 2075 2099
2068 3 2 0 1 2099 2075 235 2095
2069 3 2 0 1 2098 2099 2095 228
2070 3 2 0 1 227 2100 2102 2101
2071 3 2 0 1 2100 234 2078 2102
2072 3 2 0 1 2102 2078 119 1225
2073 3 2 0 1 2101 2102 1225 118
2074 3 2 0 1 226 2103 2105 2104
2075 3 2 0 1 2103 233 2081 2105
2076 3 2 0 1 2105 2081 234 2100
2077 3 2 0 1 2104 2105 2100 227
2078 3 2 0 1 225 2106 2108 2107
2079 3 2 0 1 2106 232 2084 2108
2080 3 2 0 1 2108 2084 233 2103
2081 3 2 0 1 2107 2108 2103 226
2082 3 2 0 1 224 2109 2111 2110
2083 3 2 0 1 2109 231 2087 2111
2084 3 2 0 1 2111 2087 232 2106
2085 3 2 0 1 2110 2111 2106 225
2086 3 2 0 1 223 2112 2114 2113
2087 3 2 0 1 2112 230 2090 2114
2088 3 2 0 1 2114 2090 231 2109
2089 3 2 0 1 2113 2114 2109 224
2090 3 2 0 1 222 2115 2117 2116
2091 3 2 0 1 2115 229 2093 2117
2092 3 2 0 1 2117 2093 230 2112
2093 3 2 0 1 2116 2117 2112 223
2094 3 2 0 1 221 2118 2120 2119
2095 3 2 0 1 2118 228 2096 2120
2096 3 2 0 1 2120 2096 229 2115
2097 3 2 0 1 2119 2120 2115 222
2098 3 2 0 1 15 16 2122 2121
2099 3 2 0 1 16 17 2098 2122
2100 3 2 0 1 2122 2098 228 2118
2101 3 2 0 1 2121 2122 2118 221
2102 3 2 0 1 220 2123 2125 2124
2103 3 2 0 1 2123 227 2101 2125
2104 3 2 0 1 2125 2101 118 1222
2105 3 2 0 1 2124 2125 1222 117
2106 3 2 0 1 219 2126 2128 2127
2107 3 2 0 1 2126 226 2104 2128
2108 3 2 0 1 2128 2104 227 2123
2109 3 2 0 1 2127 2128 2123 220
2110 3 2 0 1 218 2129 2131 2130
2111 3 2 0 1 2129 225 2107 2131
2112 3 2 0 1 2131 2107 226 2126
2113 3 2 0 1 2130 2131 2126 219
2114 3 2 0 1 217 2132 2134 2133
2115 3 2 0 1 2132 224 2110 2134
2116 3 2 0 1 2134 2110 225 2129
2117 3 2 0 1 2133 2134 2129 218
2118 3 2 0 1 216 2135 2137 2136
2119 3 2 0 1 2135 223 2113 2137
2120 3 2 0 1 2137 2113 224 2132
2121 3 2 0 1 2136 2137 2132 217
2122 3 2 0 1 215 2138 2140 2139
2123 3 2 0 1 2138 222 2116 2140
2124 3 2 0 1 2140 2116 223 2135
2125 3 2 0 1 2139 2140 2135 216
2126 3 2 0 1 214 2141 2143 2142
2127 3 2 0 1 2141 221 2119 2143
2128 3 2 0 1 2143 2119 222 2138
2129 3 2 0 1 2142 2143 2138 215
2130 3 2 0 1 13 14 2145 2144
2131 3 2 0 1 14 15 2121 2145
2132 3 2 0 1 2145 2121 221 2141
2133 3 2 0 1 2144 2145 2141 214
2134 3 2 0 1 213 2146 2148 2147
2135 3 2 0 1 2146 220 2124 2148
2136 3 2 0 1 2148 2124 117 1219
2137 3 2 0 1 2147 2148 1219 116
2138 3 2 0 1 212 2149 2151 2150
2139 3 2 0 1 2149 219 2127 2151
2140 3 2 0 1 2151 2127 220 2146
2141 3 2 0 1 2150 2151 2146 213
2142 3 2 0 1 211 2152 2154 2153
2143 3 2 0 1 2152 218 2130 2154
2144 3 2 0 1 2154 2130 219 2149
2145 3 2 0 1 2153 2154 2149 212
2146 3 2 0 1 210 2155 2157 2156
2147 3 2 0 1 2155 217 2133 2157
2148 3 2 0 1 2157 2133 218 2152
2149 3 2 0 1 2156 2157 2152 211
2150 3 2 0 1 209 2158 2160 2159
2151 3 2 0 1 2158 216 2136 2160
2152 3 2 0 1 2160 2136 217 2155
2153 3 2 0 1 2159 2160 2155 210
2154 3 2 0 1 208 2161 2163 2162
2155 3 2 0 1 2161 215 2139 2163
2156 3 2 0 1 2163 2139 216 2158
2157 3 2 0 1 2162 2163 2158 209
2158 3 2 0 1 207 2164 2166 2165
2159 3 2 0 1 2164 214 2142 2166
2160 3 2 0 1 2166 2142 215 2161
2161 3 2 0 1 2165 2166 2161 208
2162 3 2 0 1 11 12 2168 2167
2163 3 2 0 1 12 13 2144 2168
2164 3 2 0 1 2168 2144 214 2164
2165 3 2 0 1 2167 2168 2164 207
2166 3 2 0 1 206 2169 2171 2170
2167 3 2 0 1 2169 213 2147 2171
2168 3 2 0 1 2171 2147 116 1216
2169 3 2 0 1 2170 2171 1216 115
2170 3 2 0 1 205 2172 2174 2173
2171 3 2 0 1 2172 212 2150 2174
2172 3 2 0 1 2174 2150 213 2169
2173 3 2 0 1 2173 2174 2169 206
2174 3 2 0 1 204 2175 2177 2176
2175 3 2 0 1 2175 211 2153 2177
2176 3 2 0 1 2177 2153 212 2172
2177 3 2 0 1 2176 2177 2172 205
2178 3 2 0 1 203 2178 2180 2179
2179 3 2 0 1 2178 210 2156 2180
2180 3 2 0 1 2180 2156 211 2175
2181 3 2 0 1 2179 2180 2175 204
2182 3 2 0 1 202 2181 2183 2182
2183 3 2 0 1 2181 209 2159 2183
2184 3 2 0 1 2183 2159 210 2178
2185 3 2 0 1 2182 2183 2178 203
2186 3 2 0 1 201 2184 2186 2185
2187 3 2 0 1 2184 208 2162 2186
2188 3 2 0 1 2186 2162 209 2181
2189 3 2 0 1 2185 2186 2181 202
2190 3 2 0 1 200 2187 2189 2188
2191 3 2 0 1 2187 207 2165 2189
2192 3 2 0 1 2189 2165 208 2184
2193 3 2 0 1 2188 2189 2184 201
2194 3 2 0 1 9 10 2191 2190
2195 3 2 0 1 10 11 2167 2191
2196 3 2 0 1 2191 2167 207 2187
2197 3 2 0 1 2190 2191 2187 200
2198 3 2 0 1 199 2192 2194 2193
2199 3 2 0 1 2192 206 2170 2194
2200 3 2 0 1 2194 2170 115 1213
2201 3 2 0 1 2193 2194 1213 114
2202 3 2 0 1 198 2195 2197 2196
2203 3 2 0 1 2195 205 2173 2197
2204 3 2 0 1 2197 2173 206 2192
2205 3 2 0 1 2196 2197 2192 199
2206 3 2 0 1 197 2198 2200 2199
2207 3 2 0 1 2198 204 2176 2200
2208 3 2 0 1 2200 2176 205 2195
2209 3 2 0 1 2199 2200 2195 198
2210 3 2 0 1 196 2201 2203 2202
2211 3 2 0 1 2201 203 2179 2203
2212 3 2 0 1 2203 2179 204 2198
2213 3 2 0 1 2202 2203 2198 197
2214 3 2 0 1 195 2204 2206 2205
2215 3 2 0 1 2204 202 2182 2206
2216 3 2 0 1 2206 2182 203 2201
2217 3 2 0 1 2205 2206 2201 196
2218 3 2 0 1 194 2207 2209 2208
2219 3 2 0 1 2207 201 2185 2209
2220 3 2 0 1 2209 2185 202 2204
2221 3 2 0 1 2208 2209 2204 195
2222 3 2 0 1 193 2210 2212 2211
2223 3 2 0 1 2210 200 2188 2212
2224 3 2 0 1 2212 2188 201 2207
2225 3 2 0 1 2211 2212 2207 194
2226 3 2 0 1 7 8 2214 2213
2227 3 2 0 1 8 9 2190 2214
2228 3 2 0 1 2214 2190 200 2210
2229 3 2 0 1 2213 2214 2210 193
2230 3 2 0 1 192 2215 2217 2216
2231 3 2 0 1 2215 199 2193 2217
2232 3 2 0 1 2217 2193 114 1210
2233 3 2 0 1 2216 2217 1210 113
2234 3 2 0 1 191 2218 2220 2219
2235 3 2 0 1 2218 198 2196 2220
2236 3 2 0 1 2220 2196 199 2215
2237 3 2 0 1 2219 2220 2215 192
2238 3 2 0 1 190 2221 2223 2222
2239 3 2 0 1 2221 197 2199 2223
2240 3 2 0 1 2223 2199 198 2218
2241 3 2 0 1 2222 2223 2218 191
2242 3 2 0 1 189 2224 2226 2225
2243 3 2 0 1 2224 196 2202 2226
2244 3 2 0 1 2226 2202 197 2221
2245 3 2 0 1 2225 2226 2221 190
2246 3 2 0 1 188 2227 2229 2228
2247 3 2 0 1 2227 195 2205 2229
2248 3 2 0 1 2229 2205 196 2224
2249 3 2 0 1 2228 2229 2224 189
2250 3 2 0 1 187 2230 2232 2231
2251 3 2 0 1 2230 194 2208 2232
2252 3 2 0 1 2232 2208 195 2227
2253 3 2 0 1 2231 2232 2227 188
2254 3 2 0 1 186 2233 2235 2234
2255 3 2 0 1 2233 193 2211 2235
2256 3 2 0 1 2235 2211 194 2230
2257 3 2 0 1 2234 2235 2230 187
2258 3 2 0 1 5 6 2237 2236
2259 3 2 0 1 6 7 2213 2237
2260 3 2 0 1 2237 2213 193 2233
2261 3 2 0 1 2236 2237 2233 186
2262 3 2 0 1 185 2238 2240 2239
2263 3 2 0 1 2238 192 2216 2240
2264 3 2 0 1 2240 2216 113 1207
2265 3 2 0 1 2239 2240 1207 112
2266 3 2 0 1 184 2241 2243 2242
2267 3 2 0 1 2241 191 2219 2243
2268 3 2 0 1 2243 2219 192 2238
2269 3 2 0 1 2242 2243 2238 185
2270 3 2 0 1 183 2244 2246 2245
2271 3 2 0 1 2244 190 2222 2246
2272 3 2 0 1 2246 2222 191 2241
2273 3 2 0 1 2245 2246 2241 184
2274 3 2 0 1 182 2247 2249 2248
2275 3 2 0 1 2247 189 2225 2249
2276 3 2 0 1 2249 2225 190 2244
2277 3 2 0 1 2248 2249 2244 183
2278 3 2 0 1 181 2250 2252 2251
2279 3 2 0 1 2250 188 2228 2252
2280 3 2 0 1 2252 2228 189 2247
2281 3 2 0 1 2251 2252 2247 182
2282 3 2 0 1 180 2253 2255 2254
2283 3 2 0 1 2253 187 2231 2255
2284 3 2 0 1 2255 2231 188 2250
2285 3 2 0 1 2254 2255 2250 181
2286 3 2 0 1 179 2256 2258 2257
2287 3 2 0 1 2256 186 2234 2258
2288 3 2 0 1 2258 2234 187 2253
2289 3 2 0 1 2257 2258 2253 180
2290 3 2 0 1 3 4 2260 2259
2291 3 2 0 1 4 5 2236 2260
2292 3 2 0 1 2260 2236 186 2256
2293 3 2 0 1 2259 2260 2256 179
2294 3 2 0 1 129 2261 2262 720
2295 3 2 0 1 2261 185 2239 2262
2296 3 2 0 1 2262 2239 112 1204
2297 3 2 0 1 720 2262 1204 102
2298 3 2 0 1 128 2263 2264 678
2299 3 2 0 1 2263 184 2242 2264
2300 3 2 0 1 2264 2242 185 2261
2301 3 2 0 1 678 2264 2261 129
2302 3 2 0 1 127 2265 2266 1243
2303 3 2 0 1 2265 183 2245 2266
2304 3 2 0 1 2266 2245 184 2263
2305 3 2 0 1 1243 2266 2263 128
2306 3 2 0 1 126 2267 2268 1283
2307 3 2 0 1 2267 182 2248 2268
2308 3 2 0 1 2268 2248 183 2265
2309 3 2 0 1 1283 2268 2265 127
2310 3 2 0 1 125 2269 2270 1323
2311 3 2 0 1 2269 181 2251 2270
2312 3 2 0 1 2270 2251 182 2267
2313 3 2 0 1 1323 2270 2267 126
2314 3 2 0 1 124 2271 2272 1363
2315 3 2 0 1 2271 180 2254 2272
2316 3 2 0 1 2272 2254 181 2269
2317 3 2 0 1 1363 2272 2269 125
2318 3 2 0 1 123 2273 2274 1403
2319 3 2 0 1 2273 179 2257 2274
2320 3 2 0 1 2274 2257 180 2271
2321 3 2 0 1 1403 2274 2271 124
2322 3 2 0 1 1 2 2275 1431
2323 3 2 0 1 2 3 2259 2275
2324 3 2 0 1 2275 2259 179 2273
2325 3 2 0 1 1431 2275 2273 123
$EndElements
