
============================================================
p-Laplacian Aronsson Example
============================================================

Generated full domain data:
  Boundary points: 40,000
  Interior points: 1,000,000
  Test points: 10,000
Re-sampling enabled: ~1,000,000 interior points per epoch

Splitting data: 80% train, 20% validation
  BC: 32,000 train, 8,000 val
  Interior: 800,000 train, 200,000 val

Model: PLaplacianPINN on Square [-1,1]²
  Hidden layers: [128, 128, 128, 128], activation: tanh
  η=1e-05, clip_residual=100.0, clip_grad_norm=1.0
  Outlier removal: top 2.0%
  Parameters: 50,049

Iterative Training Schedule:
  p values: [2, 3, 4, 5, 6, 7, 8, 9, 10, 15, 20]
  Epochs per p: 100


============================================================
Stage 1/11: Training with p=2
============================================================

Training configuration:
  Boundary points (train): 32,000 -> 80 batches of 400
  Interior points (train): 1,000,000 -> 1000 batches of 1000
  Interior sampling: RE-SAMPLE each epoch
  Boundary points (val): 8,000
  Validation loss: BC only
  Steps per epoch: 1,000
  Total steps: 100,000
  Epochs: 100
  Loss balancing: FixedAlphaSchedule
  LR scheduler: cosine (LR: 1.0e-03 -> 1.0e-05)

/usr/local/lib/python3.12/dist-packages/torch/autograd/graph.py:824: UserWarning: Attempting to run cuBLAS, but there was no current CUDA context! Attempting to set the primary context... (Triggered internally at /opt/pytorch/pytorch/aten/src/ATen/cuda/CublasHandlePool.cpp:181.)
  return Variable._execution_engine.run_backward(  # Calls into the C++ engine to run the backward pass
Epoch   1/100 | Steps:   1000 | α=1e-02 | Loss: 2.7551e-02 | BC: 2.5563e-02 | PDE: 1.9878e-01 | Val: 1.2028e-03 | Test: 5.3559e-03 | LR=1.0e-03 *
Epoch   2/100 | Steps:   2000 | α=1e-02 | Loss: 8.6615e-04 | BC: 6.6074e-04 | PDE: 2.0541e-02 | Val: 2.3044e-04 | Test: 4.5717e-03 | LR=1.0e-03 *
Epoch   3/100 | Steps:   3000 | α=1e-02 | Loss: 4.7929e-04 | BC: 4.0208e-04 | PDE: 7.7212e-03 | Val: 4.1264e-04 | Test: 4.6638e-03 | LR=1.0e-03
Epoch   4/100 | Steps:   4000 | α=1e-02 | Loss: 3.6295e-04 | BC: 3.0772e-04 | PDE: 5.5229e-03 | Val: 1.3660e-04 | Test: 4.5428e-03 | LR=1.0e-03 *
Epoch   5/100 | Steps:   5000 | α=1e-02 | Loss: 3.3281e-04 | BC: 2.7288e-04 | PDE: 5.9924e-03 | Val: 3.7511e-04 | Test: 4.6408e-03 | LR=1.0e-03
Epoch   6/100 | Steps:   6000 | α=1e-02 | Loss: 2.8350e-04 | BC: 2.1999e-04 | PDE: 6.3516e-03 | Val: 2.3690e-04 | Test: 4.4825e-03 | LR=9.9e-04
Epoch   7/100 | Steps:   7000 | α=1e-02 | Loss: 2.7097e-04 | BC: 1.9890e-04 | PDE: 7.2073e-03 | Val: 2.8615e-04 | Test: 4.6856e-03 | LR=9.9e-04
Epoch   8/100 | Steps:   8000 | α=1e-02 | Loss: 2.3254e-04 | BC: 1.6201e-04 | PDE: 7.0534e-03 | Val: 1.6016e-04 | Test: 4.6047e-03 | LR=9.9e-04
Epoch   9/100 | Steps:   9000 | α=1e-02 | Loss: 2.4461e-04 | BC: 1.6485e-04 | PDE: 7.9756e-03 | Val: 1.6313e-04 | Test: 4.3354e-03 | LR=9.8e-04
Epoch  10/100 | Steps:  10000 | α=1e-02 | Loss: 2.0940e-04 | BC: 1.3613e-04 | PDE: 7.3271e-03 | Val: 8.3236e-05 | Test: 4.3863e-03 | LR=9.8e-04 *
Epoch  11/100 | Steps:  11000 | α=1e-02 | Loss: 2.2481e-04 | BC: 1.4263e-04 | PDE: 8.2181e-03 | Val: 4.8869e-04 | Test: 4.9147e-03 | LR=9.8e-04
Epoch  12/100 | Steps:  12000 | α=1e-02 | Loss: 1.7177e-04 | BC: 1.1071e-04 | PDE: 6.1055e-03 | Val: 1.0171e-04 | Test: 4.3576e-03 | LR=9.7e-04
Epoch  13/100 | Steps:  13000 | α=1e-02 | Loss: 1.8923e-04 | BC: 1.1876e-04 | PDE: 7.0472e-03 | Val: 1.7803e-04 | Test: 4.7736e-03 | LR=9.7e-04
Epoch  14/100 | Steps:  14000 | α=1e-02 | Loss: 1.6807e-04 | BC: 1.0452e-04 | PDE: 6.3554e-03 | Val: 6.2220e-05 | Test: 4.3951e-03 | LR=9.6e-04 *
Epoch  15/100 | Steps:  15000 | α=1e-02 | Loss: 1.5773e-04 | BC: 9.2206e-05 | PDE: 6.5527e-03 | Val: 4.0921e-05 | Test: 4.2066e-03 | LR=9.5e-04 *
Epoch  16/100 | Steps:  16000 | α=1e-02 | Loss: 1.5862e-04 | BC: 9.5346e-05 | PDE: 6.3271e-03 | Val: 5.9711e-05 | Test: 4.6117e-03 | LR=9.5e-04
Epoch  17/100 | Steps:  17000 | α=1e-02 | Loss: 1.4268e-04 | BC: 8.5908e-05 | PDE: 5.6769e-03 | Val: 1.1244e-04 | Test: 4.5976e-03 | LR=9.4e-04
Epoch  18/100 | Steps:  18000 | α=1e-02 | Loss: 1.4699e-04 | BC: 8.5030e-05 | PDE: 6.1956e-03 | Val: 4.1510e-05 | Test: 4.3473e-03 | LR=9.3e-04
Epoch  19/100 | Steps:  19000 | α=1e-02 | Loss: 1.4165e-04 | BC: 8.2374e-05 | PDE: 5.9279e-03 | Val: 6.0858e-05 | Test: 4.5100e-03 | LR=9.2e-04
Epoch  20/100 | Steps:  20000 | α=1e-02 | Loss: 1.3107e-04 | BC: 7.5630e-05 | PDE: 5.5444e-03 | Val: 5.7772e-05 | Test: 4.5091e-03 | LR=9.1e-04
Epoch  21/100 | Steps:  21000 | α=1e-02 | Loss: 1.3028e-04 | BC: 7.1259e-05 | PDE: 5.9018e-03 | Val: 1.8311e-04 | Test: 4.6045e-03 | LR=9.1e-04
Epoch  22/100 | Steps:  22000 | α=1e-02 | Loss: 1.1974e-04 | BC: 7.0067e-05 | PDE: 4.9671e-03 | Val: 3.0159e-05 | Test: 4.5474e-03 | LR=9.0e-04 *
Epoch  23/100 | Steps:  23000 | α=1e-02 | Loss: 1.2397e-04 | BC: 6.8871e-05 | PDE: 5.5096e-03 | Val: 7.6495e-05 | Test: 4.5657e-03 | LR=8.9e-04
Epoch  24/100 | Steps:  24000 | α=1e-02 | Loss: 1.2045e-04 | BC: 6.9429e-05 | PDE: 5.1016e-03 | Val: 2.9344e-05 | Test: 4.4634e-03 | LR=8.8e-04 *
Epoch  25/100 | Steps:  25000 | α=1e-02 | Loss: 9.1425e-05 | BC: 5.2616e-05 | PDE: 3.8809e-03 | Val: 1.7705e-05 | Test: 4.5055e-03 | LR=8.7e-04 *
Epoch  26/100 | Steps:  26000 | α=1e-02 | Loss: 1.0224e-04 | BC: 5.7880e-05 | PDE: 4.4363e-03 | Val: 1.4743e-04 | Test: 4.6746e-03 | LR=8.6e-04
Epoch  27/100 | Steps:  27000 | α=1e-02 | Loss: 1.0034e-04 | BC: 5.3157e-05 | PDE: 4.7180e-03 | Val: 3.2539e-05 | Test: 4.4902e-03 | LR=8.4e-04
Epoch  28/100 | Steps:  28000 | α=1e-02 | Loss: 1.0671e-04 | BC: 5.7390e-05 | PDE: 4.9318e-03 | Val: 2.8502e-05 | Test: 4.4256e-03 | LR=8.3e-04
Epoch  29/100 | Steps:  29000 | α=1e-02 | Loss: 9.1372e-05 | BC: 4.9141e-05 | PDE: 4.2231e-03 | Val: 7.0330e-05 | Test: 4.5419e-03 | LR=8.2e-04
Epoch  30/100 | Steps:  30000 | α=1e-02 | Loss: 8.5113e-05 | BC: 4.7394e-05 | PDE: 3.7719e-03 | Val: 5.2628e-05 | Test: 4.5274e-03 | LR=8.1e-04
Epoch  31/100 | Steps:  31000 | α=1e-02 | Loss: 9.2309e-05 | BC: 4.8360e-05 | PDE: 4.3949e-03 | Val: 2.7014e-05 | Test: 4.6532e-03 | LR=8.0e-04
Epoch  32/100 | Steps:  32000 | α=1e-02 | Loss: 8.7550e-05 | BC: 4.4584e-05 | PDE: 4.2965e-03 | Val: 4.4861e-05 | Test: 4.4800e-03 | LR=7.8e-04
Epoch  33/100 | Steps:  33000 | α=1e-02 | Loss: 7.9116e-05 | BC: 4.3917e-05 | PDE: 3.5199e-03 | Val: 4.5287e-05 | Test: 4.3593e-03 | LR=7.7e-04
Epoch  34/100 | Steps:  34000 | α=1e-02 | Loss: 7.7116e-05 | BC: 4.2918e-05 | PDE: 3.4198e-03 | Val: 1.6499e-05 | Test: 4.5090e-03 | LR=7.6e-04 *
Epoch  35/100 | Steps:  35000 | α=1e-02 | Loss: 7.1188e-05 | BC: 3.6770e-05 | PDE: 3.4418e-03 | Val: 5.8597e-05 | Test: 4.3894e-03 | LR=7.4e-04
Epoch  36/100 | Steps:  36000 | α=1e-02 | Loss: 7.4748e-05 | BC: 4.0463e-05 | PDE: 3.4285e-03 | Val: 3.4953e-05 | Test: 4.4303e-03 | LR=7.3e-04
Epoch  37/100 | Steps:  37000 | α=1e-02 | Loss: 6.4910e-05 | BC: 3.3146e-05 | PDE: 3.1764e-03 | Val: 3.0213e-05 | Test: 4.5040e-03 | LR=7.2e-04
Epoch  38/100 | Steps:  38000 | α=1e-02 | Loss: 7.8838e-05 | BC: 3.8822e-05 | PDE: 4.0016e-03 | Val: 1.3525e-05 | Test: 4.4247e-03 | LR=7.0e-04 *
Epoch  39/100 | Steps:  39000 | α=1e-02 | Loss: 5.8219e-05 | BC: 3.0459e-05 | PDE: 2.7761e-03 | Val: 1.7860e-05 | Test: 4.4384e-03 | LR=6.9e-04
Epoch  40/100 | Steps:  40000 | α=1e-02 | Loss: 5.6637e-05 | BC: 3.0333e-05 | PDE: 2.6305e-03 | Val: 9.6020e-06 | Test: 4.4406e-03 | LR=6.7e-04 *
Epoch  41/100 | Steps:  41000 | α=1e-02 | Loss: 5.6038e-05 | BC: 2.7944e-05 | PDE: 2.8094e-03 | Val: 1.8650e-05 | Test: 4.4747e-03 | LR=6.6e-04
Epoch  42/100 | Steps:  42000 | α=1e-02 | Loss: 5.4632e-05 | BC: 2.8339e-05 | PDE: 2.6293e-03 | Val: 4.5556e-05 | Test: 4.5787e-03 | LR=6.4e-04
Epoch  43/100 | Steps:  43000 | α=1e-02 | Loss: 5.5023e-05 | BC: 2.8369e-05 | PDE: 2.6655e-03 | Val: 2.4110e-05 | Test: 4.5210e-03 | LR=6.3e-04
Epoch  44/100 | Steps:  44000 | α=1e-02 | Loss: 5.3759e-05 | BC: 2.4952e-05 | PDE: 2.8807e-03 | Val: 1.2060e-05 | Test: 4.4872e-03 | LR=6.1e-04
Epoch  45/100 | Steps:  45000 | α=1e-02 | Loss: 4.9154e-05 | BC: 2.4531e-05 | PDE: 2.4623e-03 | Val: 3.0657e-05 | Test: 4.4882e-03 | LR=6.0e-04
Epoch  46/100 | Steps:  46000 | α=1e-02 | Loss: 5.0242e-05 | BC: 2.5318e-05 | PDE: 2.4924e-03 | Val: 1.1462e-05 | Test: 4.3865e-03 | LR=5.8e-04
Epoch  47/100 | Steps:  47000 | α=1e-02 | Loss: 4.0485e-05 | BC: 2.0737e-05 | PDE: 1.9748e-03 | Val: 1.5795e-05 | Test: 4.5020e-03 | LR=5.7e-04
Epoch  48/100 | Steps:  48000 | α=1e-02 | Loss: 4.6826e-05 | BC: 2.2125e-05 | PDE: 2.4701e-03 | Val: 9.3497e-06 | Test: 4.4485e-03 | LR=5.5e-04 *
Epoch  49/100 | Steps:  49000 | α=1e-02 | Loss: 4.2137e-05 | BC: 1.9947e-05 | PDE: 2.2190e-03 | Val: 8.1498e-06 | Test: 4.4620e-03 | LR=5.4e-04 *
Epoch  50/100 | Steps:  50000 | α=1e-02 | Loss: 3.8356e-05 | BC: 2.0095e-05 | PDE: 1.8261e-03 | Val: 4.8089e-05 | Test: 4.4203e-03 | LR=5.2e-04
Epoch  51/100 | Steps:  51000 | α=1e-02 | Loss: 3.8971e-05 | BC: 1.8545e-05 | PDE: 2.0427e-03 | Val: 1.1440e-05 | Test: 4.4822e-03 | LR=5.1e-04
Epoch  52/100 | Steps:  52000 | α=1e-02 | Loss: 3.6356e-05 | BC: 1.7314e-05 | PDE: 1.9042e-03 | Val: 9.6512e-06 | Test: 4.4609e-03 | LR=4.9e-04
Epoch  53/100 | Steps:  53000 | α=1e-02 | Loss: 3.3033e-05 | BC: 1.6286e-05 | PDE: 1.6747e-03 | Val: 6.2538e-06 | Test: 4.4516e-03 | LR=4.7e-04 *
Epoch  54/100 | Steps:  54000 | α=1e-02 | Loss: 3.0922e-05 | BC: 1.5196e-05 | PDE: 1.5726e-03 | Val: 1.6567e-05 | Test: 4.5412e-03 | LR=4.6e-04
Epoch  55/100 | Steps:  55000 | α=1e-02 | Loss: 3.2996e-05 | BC: 1.4983e-05 | PDE: 1.8013e-03 | Val: 1.2674e-05 | Test: 4.5814e-03 | LR=4.4e-04
Epoch  56/100 | Steps:  56000 | α=1e-02 | Loss: 2.9240e-05 | BC: 1.4115e-05 | PDE: 1.5124e-03 | Val: 1.4709e-05 | Test: 4.4829e-03 | LR=4.3e-04
Epoch  57/100 | Steps:  57000 | α=1e-02 | Loss: 2.7060e-05 | BC: 1.2777e-05 | PDE: 1.4283e-03 | Val: 9.8605e-06 | Test: 4.4612e-03 | LR=4.1e-04
Epoch  58/100 | Steps:  58000 | α=1e-02 | Loss: 2.5316e-05 | BC: 1.2088e-05 | PDE: 1.3227e-03 | Val: 8.4113e-06 | Test: 4.4592e-03 | LR=4.0e-04
Epoch  59/100 | Steps:  59000 | α=1e-02 | Loss: 2.4559e-05 | BC: 1.1333e-05 | PDE: 1.3226e-03 | Val: 1.1726e-05 | Test: 4.4240e-03 | LR=3.8e-04
Epoch  60/100 | Steps:  60000 | α=1e-02 | Loss: 2.3412e-05 | BC: 1.1623e-05 | PDE: 1.1789e-03 | Val: 7.0407e-06 | Test: 4.4227e-03 | LR=3.7e-04
Epoch  61/100 | Steps:  61000 | α=1e-02 | Loss: 2.0433e-05 | BC: 9.7085e-06 | PDE: 1.0725e-03 | Val: 1.2450e-05 | Test: 4.5065e-03 | LR=3.5e-04
Epoch  62/100 | Steps:  62000 | α=1e-02 | Loss: 2.2359e-05 | BC: 1.0062e-05 | PDE: 1.2297e-03 | Val: 1.1971e-05 | Test: 4.4560e-03 | LR=3.4e-04
Epoch  63/100 | Steps:  63000 | α=1e-02 | Loss: 1.8999e-05 | BC: 8.9271e-06 | PDE: 1.0071e-03 | Val: 8.0680e-06 | Test: 4.5099e-03 | LR=3.2e-04
Epoch  64/100 | Steps:  64000 | α=1e-02 | Loss: 1.7020e-05 | BC: 8.2029e-06 | PDE: 8.8170e-04 | Val: 1.1187e-05 | Test: 4.3124e-03 | LR=3.1e-04

Both thresholds reached -- BC (val): 1.1187e-05 < 1.0000e-04, PDE: 8.8170e-04 < 1.0000e-03

Restored best model from epoch 53 (val_loss: 6.2538e-06, test_loss: 4.4516e-03)
Best checkpoint saved to: outputs/expr_6_3_iter/p2to20_square/fix_alpha_band1_1e-2/checkpoints/best_model.pt
Final checkpoint saved to: outputs/expr_6_3_iter/p2to20_square/fix_alpha_band1_1e-2/checkpoints/final_model.pt
Training completed in 1005.31s (64,000 total steps)
  Stage 1 (p=2) PDE diagnostics:
    p-Lap (p=2) raw:        1.5916e-02
    p-Lap (p=2) normalized: 3.9791e-03
    Inf-Lap raw:              2.2308e+01
    Inf-Lap normalized:       2.4423e+00

============================================================
Stage 2/11: Training with p=3
============================================================

Training configuration:
  Boundary points (train): 32,000 -> 80 batches of 400
  Interior points (train): 1,000,000 -> 1000 batches of 1000
  Interior sampling: RE-SAMPLE each epoch
  Boundary points (val): 8,000
  Validation loss: BC only
  Steps per epoch: 1,000
  Total steps: 100,000
  Epochs: 100
  Loss balancing: FixedAlphaSchedule
  LR scheduler: cosine (LR: 1.0e-03 -> 1.0e-05)

Epoch   1/100 | Steps:   1000 | α=1e-02 | Loss: 4.8500e-04 | BC: 1.5588e-04 | PDE: 3.2912e-02 | Val: 2.5611e-05 | Test: 1.5541e-03 | LR=1.0e-03 *
Epoch   2/100 | Steps:   2000 | α=1e-02 | Loss: 1.2641e-04 | BC: 4.8906e-05 | PDE: 7.7508e-03 | Val: 3.7596e-05 | Test: 1.5472e-03 | LR=1.0e-03
Epoch   3/100 | Steps:   3000 | α=1e-02 | Loss: 1.3428e-04 | BC: 5.0496e-05 | PDE: 8.3784e-03 | Val: 2.4705e-05 | Test: 1.4853e-03 | LR=1.0e-03 *
Epoch   4/100 | Steps:   4000 | α=1e-02 | Loss: 1.1660e-04 | BC: 4.3700e-05 | PDE: 7.2901e-03 | Val: 2.9000e-05 | Test: 1.5922e-03 | LR=1.0e-03
Epoch   5/100 | Steps:   5000 | α=1e-02 | Loss: 1.1695e-04 | BC: 4.6164e-05 | PDE: 7.0786e-03 | Val: 1.0089e-04 | Test: 1.5991e-03 | LR=1.0e-03
Epoch   6/100 | Steps:   6000 | α=1e-02 | Loss: 1.1165e-04 | BC: 4.5867e-05 | PDE: 6.5781e-03 | Val: 3.4832e-05 | Test: 1.5517e-03 | LR=9.9e-04
Epoch   7/100 | Steps:   7000 | α=1e-02 | Loss: 1.1159e-04 | BC: 4.4577e-05 | PDE: 6.7010e-03 | Val: 7.9058e-05 | Test: 1.5853e-03 | LR=9.9e-04
Epoch   8/100 | Steps:   8000 | α=1e-02 | Loss: 1.0692e-04 | BC: 4.5384e-05 | PDE: 6.1532e-03 | Val: 4.6366e-05 | Test: 1.5662e-03 | LR=9.9e-04
Epoch   9/100 | Steps:   9000 | α=1e-02 | Loss: 1.0582e-04 | BC: 4.4726e-05 | PDE: 6.1092e-03 | Val: 3.4998e-05 | Test: 1.5167e-03 | LR=9.8e-04
Epoch  10/100 | Steps:  10000 | α=1e-02 | Loss: 1.0215e-04 | BC: 4.4108e-05 | PDE: 5.8041e-03 | Val: 3.1042e-05 | Test: 1.5860e-03 | LR=9.8e-04
Epoch  11/100 | Steps:  11000 | α=1e-02 | Loss: 1.0050e-04 | BC: 4.1862e-05 | PDE: 5.8635e-03 | Val: 1.3587e-05 | Test: 1.5033e-03 | LR=9.8e-04 *
Epoch  12/100 | Steps:  12000 | α=1e-02 | Loss: 1.0372e-04 | BC: 4.5574e-05 | PDE: 5.8143e-03 | Val: 2.3112e-05 | Test: 1.4598e-03 | LR=9.7e-04
Epoch  13/100 | Steps:  13000 | α=1e-02 | Loss: 8.6649e-05 | BC: 3.9483e-05 | PDE: 4.7166e-03 | Val: 4.2203e-05 | Test: 1.5600e-03 | LR=9.7e-04
Epoch  14/100 | Steps:  14000 | α=1e-02 | Loss: 1.0151e-04 | BC: 4.2960e-05 | PDE: 5.8546e-03 | Val: 7.2824e-05 | Test: 1.5588e-03 | LR=9.6e-04
Epoch  15/100 | Steps:  15000 | α=1e-02 | Loss: 9.0664e-05 | BC: 3.9088e-05 | PDE: 5.1576e-03 | Val: 2.3082e-05 | Test: 1.5077e-03 | LR=9.5e-04
Epoch  16/100 | Steps:  16000 | α=1e-02 | Loss: 8.5220e-05 | BC: 3.8643e-05 | PDE: 4.6577e-03 | Val: 1.1742e-05 | Test: 1.5429e-03 | LR=9.5e-04 *
Epoch  17/100 | Steps:  17000 | α=1e-02 | Loss: 9.3862e-05 | BC: 4.1105e-05 | PDE: 5.2757e-03 | Val: 6.2748e-05 | Test: 1.6089e-03 | LR=9.4e-04
Epoch  18/100 | Steps:  18000 | α=1e-02 | Loss: 8.3638e-05 | BC: 3.7124e-05 | PDE: 4.6514e-03 | Val: 2.0491e-05 | Test: 1.5643e-03 | LR=9.3e-04
Epoch  19/100 | Steps:  19000 | α=1e-02 | Loss: 7.9965e-05 | BC: 3.4986e-05 | PDE: 4.4979e-03 | Val: 2.4237e-05 | Test: 1.4844e-03 | LR=9.2e-04
Epoch  20/100 | Steps:  20000 | α=1e-02 | Loss: 1.0658e-04 | BC: 5.2211e-05 | PDE: 5.4372e-03 | Val: 7.0984e-05 | Test: 1.6297e-03 | LR=9.1e-04
Epoch  21/100 | Steps:  21000 | α=1e-02 | Loss: 5.8415e-05 | BC: 2.4157e-05 | PDE: 3.4258e-03 | Val: 6.5443e-05 | Test: 1.5729e-03 | LR=9.1e-04
Epoch  22/100 | Steps:  22000 | α=1e-02 | Loss: 7.5687e-05 | BC: 3.3114e-05 | PDE: 4.2573e-03 | Val: 1.8001e-05 | Test: 1.4799e-03 | LR=9.0e-04
Epoch  23/100 | Steps:  23000 | α=1e-02 | Loss: 7.8629e-05 | BC: 3.3134e-05 | PDE: 4.5495e-03 | Val: 4.5500e-05 | Test: 1.5117e-03 | LR=8.9e-04
Epoch  24/100 | Steps:  24000 | α=1e-02 | Loss: 7.3036e-05 | BC: 3.3156e-05 | PDE: 3.9879e-03 | Val: 4.2553e-05 | Test: 1.5177e-03 | LR=8.8e-04
Epoch  25/100 | Steps:  25000 | α=1e-02 | Loss: 7.3667e-05 | BC: 3.3805e-05 | PDE: 3.9862e-03 | Val: 2.7778e-05 | Test: 1.5464e-03 | LR=8.7e-04
Epoch  26/100 | Steps:  26000 | α=1e-02 | Loss: 6.6044e-05 | BC: 2.7972e-05 | PDE: 3.8073e-03 | Val: 8.3427e-05 | Test: 1.5243e-03 | LR=8.6e-04
Epoch  27/100 | Steps:  27000 | α=1e-02 | Loss: 6.6802e-05 | BC: 2.9642e-05 | PDE: 3.7160e-03 | Val: 1.3906e-05 | Test: 1.5183e-03 | LR=8.4e-04
Epoch  28/100 | Steps:  28000 | α=1e-02 | Loss: 6.2064e-05 | BC: 2.6407e-05 | PDE: 3.5657e-03 | Val: 3.3483e-05 | Test: 1.4673e-03 | LR=8.3e-04
Epoch  29/100 | Steps:  29000 | α=1e-02 | Loss: 6.5021e-05 | BC: 3.0346e-05 | PDE: 3.4674e-03 | Val: 2.2664e-05 | Test: 1.4911e-03 | LR=8.2e-04
Epoch  30/100 | Steps:  30000 | α=1e-02 | Loss: 5.8853e-05 | BC: 2.6061e-05 | PDE: 3.2792e-03 | Val: 1.3647e-05 | Test: 1.5478e-03 | LR=8.1e-04
Epoch  31/100 | Steps:  31000 | α=1e-02 | Loss: 6.2452e-05 | BC: 2.7735e-05 | PDE: 3.4717e-03 | Val: 5.1074e-05 | Test: 1.4933e-03 | LR=8.0e-04
Epoch  32/100 | Steps:  32000 | α=1e-02 | Loss: 5.3230e-05 | BC: 2.2685e-05 | PDE: 3.0545e-03 | Val: 1.5635e-05 | Test: 1.5707e-03 | LR=7.8e-04
Epoch  33/100 | Steps:  33000 | α=1e-02 | Loss: 5.9449e-05 | BC: 2.7064e-05 | PDE: 3.2385e-03 | Val: 7.7981e-06 | Test: 1.5038e-03 | LR=7.7e-04 *
Epoch  34/100 | Steps:  34000 | α=1e-02 | Loss: 5.4454e-05 | BC: 2.3253e-05 | PDE: 3.1201e-03 | Val: 7.5320e-06 | Test: 1.5018e-03 | LR=7.6e-04 *
Epoch  35/100 | Steps:  35000 | α=1e-02 | Loss: 5.0549e-05 | BC: 2.1178e-05 | PDE: 2.9371e-03 | Val: 1.7506e-05 | Test: 1.5134e-03 | LR=7.4e-04
Epoch  36/100 | Steps:  36000 | α=1e-02 | Loss: 4.9571e-05 | BC: 2.1642e-05 | PDE: 2.7930e-03 | Val: 3.4342e-05 | Test: 1.5015e-03 | LR=7.3e-04
Epoch  37/100 | Steps:  37000 | α=1e-02 | Loss: 5.1257e-05 | BC: 2.2059e-05 | PDE: 2.9199e-03 | Val: 1.6940e-05 | Test: 1.5116e-03 | LR=7.2e-04
Epoch  38/100 | Steps:  38000 | α=1e-02 | Loss: 4.4164e-05 | BC: 2.0737e-05 | PDE: 2.3428e-03 | Val: 6.4177e-05 | Test: 1.5664e-03 | LR=7.0e-04
Epoch  39/100 | Steps:  39000 | α=1e-02 | Loss: 4.3960e-05 | BC: 1.8386e-05 | PDE: 2.5573e-03 | Val: 1.0749e-05 | Test: 1.5354e-03 | LR=6.9e-04
Epoch  40/100 | Steps:  40000 | α=1e-02 | Loss: 4.0791e-05 | BC: 1.7802e-05 | PDE: 2.2989e-03 | Val: 9.2977e-06 | Test: 1.4644e-03 | LR=6.7e-04
Epoch  41/100 | Steps:  41000 | α=1e-02 | Loss: 4.3588e-05 | BC: 1.8989e-05 | PDE: 2.4599e-03 | Val: 6.5972e-06 | Test: 1.5162e-03 | LR=6.6e-04 *
Epoch  42/100 | Steps:  42000 | α=1e-02 | Loss: 4.0121e-05 | BC: 1.6359e-05 | PDE: 2.3762e-03 | Val: 1.4077e-05 | Test: 1.5095e-03 | LR=6.4e-04
Epoch  43/100 | Steps:  43000 | α=1e-02 | Loss: 3.9787e-05 | BC: 1.6581e-05 | PDE: 2.3206e-03 | Val: 1.1909e-05 | Test: 1.4824e-03 | LR=6.3e-04
Epoch  44/100 | Steps:  44000 | α=1e-02 | Loss: 3.6022e-05 | BC: 1.5758e-05 | PDE: 2.0264e-03 | Val: 5.3236e-06 | Test: 1.4951e-03 | LR=6.1e-04 *
Epoch  45/100 | Steps:  45000 | α=1e-02 | Loss: 3.8253e-05 | BC: 1.5877e-05 | PDE: 2.2376e-03 | Val: 4.2519e-06 | Test: 1.4896e-03 | LR=6.0e-04 *
Epoch  46/100 | Steps:  46000 | α=1e-02 | Loss: 3.1376e-05 | BC: 1.3694e-05 | PDE: 1.7681e-03 | Val: 1.4229e-05 | Test: 1.5036e-03 | LR=5.8e-04
Epoch  47/100 | Steps:  47000 | α=1e-02 | Loss: 3.2159e-05 | BC: 1.3509e-05 | PDE: 1.8650e-03 | Val: 2.2354e-05 | Test: 1.5145e-03 | LR=5.7e-04
Epoch  48/100 | Steps:  48000 | α=1e-02 | Loss: 3.1070e-05 | BC: 1.3131e-05 | PDE: 1.7939e-03 | Val: 1.5863e-05 | Test: 1.4749e-03 | LR=5.5e-04
Epoch  49/100 | Steps:  49000 | α=1e-02 | Loss: 3.1133e-05 | BC: 1.2096e-05 | PDE: 1.9038e-03 | Val: 3.8477e-06 | Test: 1.4938e-03 | LR=5.4e-04 *
Epoch  50/100 | Steps:  50000 | α=1e-02 | Loss: 2.6147e-05 | BC: 1.1571e-05 | PDE: 1.4576e-03 | Val: 1.3562e-05 | Test: 1.4798e-03 | LR=5.2e-04
Epoch  51/100 | Steps:  51000 | α=1e-02 | Loss: 2.8510e-05 | BC: 1.1137e-05 | PDE: 1.7372e-03 | Val: 3.6811e-06 | Test: 1.4854e-03 | LR=5.1e-04 *
Epoch  52/100 | Steps:  52000 | α=1e-02 | Loss: 2.5785e-05 | BC: 1.0661e-05 | PDE: 1.5124e-03 | Val: 4.1159e-05 | Test: 1.5266e-03 | LR=4.9e-04
Epoch  53/100 | Steps:  53000 | α=1e-02 | Loss: 2.4986e-05 | BC: 1.0030e-05 | PDE: 1.4955e-03 | Val: 1.0741e-05 | Test: 1.5548e-03 | LR=4.7e-04
Epoch  54/100 | Steps:  54000 | α=1e-02 | Loss: 2.2417e-05 | BC: 8.8267e-06 | PDE: 1.3590e-03 | Val: 1.0179e-05 | Test: 1.5176e-03 | LR=4.6e-04
Epoch  55/100 | Steps:  55000 | α=1e-02 | Loss: 2.1847e-05 | BC: 9.1074e-06 | PDE: 1.2740e-03 | Val: 6.6011e-06 | Test: 1.5071e-03 | LR=4.4e-04
Epoch  56/100 | Steps:  56000 | α=1e-02 | Loss: 2.1490e-05 | BC: 8.3097e-06 | PDE: 1.3181e-03 | Val: 6.2649e-06 | Test: 1.4925e-03 | LR=4.3e-04
Epoch  57/100 | Steps:  57000 | α=1e-02 | Loss: 2.0520e-05 | BC: 7.7951e-06 | PDE: 1.2725e-03 | Val: 4.7917e-06 | Test: 1.4775e-03 | LR=4.1e-04
Epoch  58/100 | Steps:  58000 | α=1e-02 | Loss: 1.8964e-05 | BC: 7.3292e-06 | PDE: 1.1634e-03 | Val: 8.0052e-06 | Test: 1.4812e-03 | LR=4.0e-04
Epoch  59/100 | Steps:  59000 | α=1e-02 | Loss: 1.7742e-05 | BC: 7.0340e-06 | PDE: 1.0708e-03 | Val: 5.9930e-06 | Test: 1.5045e-03 | LR=3.8e-04
Epoch  60/100 | Steps:  60000 | α=1e-02 | Loss: 1.7533e-05 | BC: 6.8600e-06 | PDE: 1.0673e-03 | Val: 4.4350e-06 | Test: 1.4663e-03 | LR=3.7e-04
Epoch  61/100 | Steps:  61000 | α=1e-02 | Loss: 1.5326e-05 | BC: 5.8322e-06 | PDE: 9.4942e-04 | Val: 8.3228e-06 | Test: 1.5163e-03 | LR=3.5e-04

Both thresholds reached -- BC (val): 8.3228e-06 < 1.0000e-04, PDE: 9.4942e-04 < 1.0000e-03

Restored best model from epoch 51 (val_loss: 3.6811e-06, test_loss: 1.4854e-03)
Best checkpoint saved to: outputs/expr_6_3_iter/p2to20_square/fix_alpha_band1_1e-2/checkpoints/best_model.pt
Final checkpoint saved to: outputs/expr_6_3_iter/p2to20_square/fix_alpha_band1_1e-2/checkpoints/final_model.pt
Training completed in 956.05s (61,000 total steps)
  Stage 2 (p=3) PDE diagnostics:
    p-Lap (p=3) raw:        6.5128e-02
    p-Lap (p=3) normalized: 3.1427e-03
    Inf-Lap raw:              3.6645e+00
    Inf-Lap normalized:       7.8404e-01

============================================================
Stage 3/11: Training with p=4
============================================================

Training configuration:
  Boundary points (train): 32,000 -> 80 batches of 400
  Interior points (train): 1,000,000 -> 1000 batches of 1000
  Interior sampling: RE-SAMPLE each epoch
  Boundary points (val): 8,000
  Validation loss: BC only
  Steps per epoch: 1,000
  Total steps: 100,000
  Epochs: 100
  Loss balancing: FixedAlphaSchedule
  LR scheduler: cosine (LR: 1.0e-03 -> 1.0e-05)

Epoch   1/100 | Steps:   1000 | α=1e-02 | Loss: 2.0801e-04 | BC: 6.6845e-05 | PDE: 1.4117e-02 | Val: 1.5015e-05 | Test: 7.6672e-04 | LR=1.0e-03 *
Epoch   2/100 | Steps:   2000 | α=1e-02 | Loss: 1.0511e-04 | BC: 2.8540e-05 | PDE: 7.6574e-03 | Val: 2.1015e-05 | Test: 7.9549e-04 | LR=1.0e-03
Epoch   3/100 | Steps:   3000 | α=1e-02 | Loss: 8.8284e-05 | BC: 2.6918e-05 | PDE: 6.1366e-03 | Val: 1.6816e-05 | Test: 7.5719e-04 | LR=1.0e-03
Epoch   4/100 | Steps:   4000 | α=1e-02 | Loss: 1.0067e-04 | BC: 3.0860e-05 | PDE: 6.9815e-03 | Val: 4.2736e-05 | Test: 7.9124e-04 | LR=1.0e-03
Epoch   5/100 | Steps:   5000 | α=1e-02 | Loss: 9.8383e-05 | BC: 2.9694e-05 | PDE: 6.8689e-03 | Val: 2.1212e-05 | Test: 7.6241e-04 | LR=1.0e-03
Epoch   6/100 | Steps:   6000 | α=1e-02 | Loss: 9.0632e-05 | BC: 2.9496e-05 | PDE: 6.1136e-03 | Val: 3.8768e-05 | Test: 7.7228e-04 | LR=9.9e-04
Epoch   7/100 | Steps:   7000 | α=1e-02 | Loss: 8.9588e-05 | BC: 3.1744e-05 | PDE: 5.7844e-03 | Val: 4.4766e-05 | Test: 7.7861e-04 | LR=9.9e-04
Epoch   8/100 | Steps:   8000 | α=1e-02 | Loss: 9.8922e-05 | BC: 3.1726e-05 | PDE: 6.7195e-03 | Val: 7.3597e-06 | Test: 7.4881e-04 | LR=9.9e-04 *
Epoch   9/100 | Steps:   9000 | α=1e-02 | Loss: 8.3717e-05 | BC: 3.0689e-05 | PDE: 5.3028e-03 | Val: 1.3763e-05 | Test: 7.5962e-04 | LR=9.8e-04
Epoch  10/100 | Steps:  10000 | α=1e-02 | Loss: 7.9266e-05 | BC: 2.9914e-05 | PDE: 4.9352e-03 | Val: 2.2330e-05 | Test: 7.8396e-04 | LR=9.8e-04
Epoch  11/100 | Steps:  11000 | α=1e-02 | Loss: 9.0497e-05 | BC: 3.3616e-05 | PDE: 5.6881e-03 | Val: 1.0249e-05 | Test: 7.9150e-04 | LR=9.8e-04
Epoch  12/100 | Steps:  12000 | α=1e-02 | Loss: 8.1128e-05 | BC: 2.9886e-05 | PDE: 5.1243e-03 | Val: 1.7015e-05 | Test: 7.4828e-04 | LR=9.7e-04
Epoch  13/100 | Steps:  13000 | α=1e-02 | Loss: 8.0917e-05 | BC: 3.0784e-05 | PDE: 5.0134e-03 | Val: 2.6516e-05 | Test: 8.0536e-04 | LR=9.7e-04
Epoch  14/100 | Steps:  14000 | α=1e-02 | Loss: 8.5965e-05 | BC: 3.1289e-05 | PDE: 5.4676e-03 | Val: 6.4516e-05 | Test: 7.9094e-04 | LR=9.6e-04
Epoch  15/100 | Steps:  15000 | α=1e-02 | Loss: 6.8424e-05 | BC: 2.6185e-05 | PDE: 4.2239e-03 | Val: 2.6986e-05 | Test: 7.8536e-04 | LR=9.5e-04
Epoch  16/100 | Steps:  16000 | α=1e-02 | Loss: 8.0837e-05 | BC: 2.9917e-05 | PDE: 5.0919e-03 | Val: 9.9678e-06 | Test: 7.8140e-04 | LR=9.5e-04
Epoch  17/100 | Steps:  17000 | α=1e-02 | Loss: 8.5190e-05 | BC: 3.6942e-05 | PDE: 4.8248e-03 | Val: 7.7260e-06 | Test: 7.3521e-04 | LR=9.4e-04
Epoch  18/100 | Steps:  18000 | α=1e-02 | Loss: 6.5847e-05 | BC: 2.3372e-05 | PDE: 4.2475e-03 | Val: 6.1935e-06 | Test: 7.5779e-04 | LR=9.3e-04 *
Epoch  19/100 | Steps:  19000 | α=1e-02 | Loss: 6.7831e-05 | BC: 2.5377e-05 | PDE: 4.2454e-03 | Val: 1.5510e-05 | Test: 7.6645e-04 | LR=9.2e-04
Epoch  20/100 | Steps:  20000 | α=1e-02 | Loss: 7.3013e-05 | BC: 3.0144e-05 | PDE: 4.2868e-03 | Val: 9.0797e-06 | Test: 7.4607e-04 | LR=9.1e-04
Epoch  21/100 | Steps:  21000 | α=1e-02 | Loss: 6.8268e-05 | BC: 2.3419e-05 | PDE: 4.4849e-03 | Val: 7.9751e-06 | Test: 7.7115e-04 | LR=9.1e-04
Epoch  22/100 | Steps:  22000 | α=1e-02 | Loss: 6.1942e-05 | BC: 2.6320e-05 | PDE: 3.5622e-03 | Val: 6.8999e-06 | Test: 7.2499e-04 | LR=9.0e-04
Epoch  23/100 | Steps:  23000 | α=1e-02 | Loss: 6.5319e-05 | BC: 2.6479e-05 | PDE: 3.8840e-03 | Val: 6.5666e-06 | Test: 7.4859e-04 | LR=8.9e-04
Epoch  24/100 | Steps:  24000 | α=1e-02 | Loss: 6.5102e-05 | BC: 2.5703e-05 | PDE: 3.9400e-03 | Val: 1.0396e-05 | Test: 7.8909e-04 | LR=8.8e-04
Epoch  25/100 | Steps:  25000 | α=1e-02 | Loss: 6.0300e-05 | BC: 2.3216e-05 | PDE: 3.7085e-03 | Val: 5.7931e-06 | Test: 7.4697e-04 | LR=8.7e-04 *
Epoch  26/100 | Steps:  26000 | α=1e-02 | Loss: 7.6807e-05 | BC: 3.2874e-05 | PDE: 4.3933e-03 | Val: 4.5448e-06 | Test: 7.5944e-04 | LR=8.6e-04 *
Epoch  27/100 | Steps:  27000 | α=1e-02 | Loss: 4.5544e-05 | BC: 1.6333e-05 | PDE: 2.9211e-03 | Val: 2.0609e-05 | Test: 7.6143e-04 | LR=8.4e-04
Epoch  28/100 | Steps:  28000 | α=1e-02 | Loss: 5.3305e-05 | BC: 2.0967e-05 | PDE: 3.2338e-03 | Val: 3.1657e-05 | Test: 7.8854e-04 | LR=8.3e-04
Epoch  29/100 | Steps:  29000 | α=1e-02 | Loss: 5.8549e-05 | BC: 2.3686e-05 | PDE: 3.4863e-03 | Val: 5.7138e-06 | Test: 7.4839e-04 | LR=8.2e-04
Epoch  30/100 | Steps:  30000 | α=1e-02 | Loss: 5.7181e-05 | BC: 2.2860e-05 | PDE: 3.4321e-03 | Val: 1.8184e-05 | Test: 7.4278e-04 | LR=8.1e-04
Epoch  31/100 | Steps:  31000 | α=1e-02 | Loss: 4.5420e-05 | BC: 1.7319e-05 | PDE: 2.8102e-03 | Val: 1.1839e-05 | Test: 7.4615e-04 | LR=8.0e-04
Epoch  32/100 | Steps:  32000 | α=1e-02 | Loss: 4.8602e-05 | BC: 1.8938e-05 | PDE: 2.9664e-03 | Val: 1.6682e-05 | Test: 7.4425e-04 | LR=7.8e-04
Epoch  33/100 | Steps:  33000 | α=1e-02 | Loss: 4.7644e-05 | BC: 1.8680e-05 | PDE: 2.8964e-03 | Val: 5.9650e-06 | Test: 7.6217e-04 | LR=7.7e-04
Epoch  34/100 | Steps:  34000 | α=1e-02 | Loss: 4.8225e-05 | BC: 1.8229e-05 | PDE: 2.9996e-03 | Val: 6.5556e-06 | Test: 7.6223e-04 | LR=7.6e-04
Epoch  35/100 | Steps:  35000 | α=1e-02 | Loss: 3.9621e-05 | BC: 1.6598e-05 | PDE: 2.3023e-03 | Val: 5.8501e-06 | Test: 7.3863e-04 | LR=7.4e-04
Epoch  36/100 | Steps:  36000 | α=1e-02 | Loss: 4.5679e-05 | BC: 1.7898e-05 | PDE: 2.7781e-03 | Val: 5.9783e-06 | Test: 7.6911e-04 | LR=7.3e-04
Epoch  37/100 | Steps:  37000 | α=1e-02 | Loss: 4.1734e-05 | BC: 1.5483e-05 | PDE: 2.6250e-03 | Val: 2.5370e-05 | Test: 7.6008e-04 | LR=7.2e-04
Epoch  38/100 | Steps:  38000 | α=1e-02 | Loss: 3.8930e-05 | BC: 1.5288e-05 | PDE: 2.3642e-03 | Val: 6.5791e-06 | Test: 7.5174e-04 | LR=7.0e-04
Epoch  39/100 | Steps:  39000 | α=1e-02 | Loss: 4.0578e-05 | BC: 1.6155e-05 | PDE: 2.4422e-03 | Val: 1.0095e-05 | Test: 7.6035e-04 | LR=6.9e-04
Epoch  40/100 | Steps:  40000 | α=1e-02 | Loss: 3.6461e-05 | BC: 1.4014e-05 | PDE: 2.2447e-03 | Val: 1.2285e-05 | Test: 7.6193e-04 | LR=6.7e-04
Epoch  41/100 | Steps:  41000 | α=1e-02 | Loss: 3.6082e-05 | BC: 1.3883e-05 | PDE: 2.2198e-03 | Val: 2.2001e-05 | Test: 7.7790e-04 | LR=6.6e-04
Epoch  42/100 | Steps:  42000 | α=1e-02 | Loss: 3.6421e-05 | BC: 1.4916e-05 | PDE: 2.1505e-03 | Val: 1.4856e-05 | Test: 7.7745e-04 | LR=6.4e-04
Epoch  43/100 | Steps:  43000 | α=1e-02 | Loss: 3.1443e-05 | BC: 1.1397e-05 | PDE: 2.0046e-03 | Val: 4.7003e-06 | Test: 7.3609e-04 | LR=6.3e-04
Epoch  44/100 | Steps:  44000 | α=1e-02 | Loss: 3.1225e-05 | BC: 1.1875e-05 | PDE: 1.9350e-03 | Val: 1.4419e-05 | Test: 7.5340e-04 | LR=6.1e-04
Epoch  45/100 | Steps:  45000 | α=1e-02 | Loss: 2.9224e-05 | BC: 1.1518e-05 | PDE: 1.7706e-03 | Val: 1.2524e-05 | Test: 7.5878e-04 | LR=6.0e-04
Epoch  46/100 | Steps:  46000 | α=1e-02 | Loss: 2.8668e-05 | BC: 1.0671e-05 | PDE: 1.7997e-03 | Val: 9.8883e-06 | Test: 7.6151e-04 | LR=5.8e-04
Epoch  47/100 | Steps:  47000 | α=1e-02 | Loss: 2.8247e-05 | BC: 1.0430e-05 | PDE: 1.7817e-03 | Val: 5.5203e-06 | Test: 7.6365e-04 | LR=5.7e-04
Epoch  48/100 | Steps:  48000 | α=1e-02 | Loss: 2.5689e-05 | BC: 9.8356e-06 | PDE: 1.5853e-03 | Val: 3.6205e-06 | Test: 7.5524e-04 | LR=5.5e-04 *
Epoch  49/100 | Steps:  49000 | α=1e-02 | Loss: 2.6502e-05 | BC: 9.1835e-06 | PDE: 1.7319e-03 | Val: 5.0831e-06 | Test: 7.5868e-04 | LR=5.4e-04
Epoch  50/100 | Steps:  50000 | α=1e-02 | Loss: 2.3861e-05 | BC: 8.7025e-06 | PDE: 1.5159e-03 | Val: 5.8057e-06 | Test: 7.5278e-04 | LR=5.2e-04
Epoch  51/100 | Steps:  51000 | α=1e-02 | Loss: 2.3121e-05 | BC: 8.6491e-06 | PDE: 1.4472e-03 | Val: 5.1827e-06 | Test: 7.5173e-04 | LR=5.1e-04
Epoch  52/100 | Steps:  52000 | α=1e-02 | Loss: 2.1758e-05 | BC: 8.1638e-06 | PDE: 1.3594e-03 | Val: 1.9942e-05 | Test: 7.5072e-04 | LR=4.9e-04
Epoch  53/100 | Steps:  53000 | α=1e-02 | Loss: 2.1519e-05 | BC: 7.7946e-06 | PDE: 1.3724e-03 | Val: 2.3399e-06 | Test: 7.4800e-04 | LR=4.7e-04 *
Epoch  54/100 | Steps:  54000 | α=1e-02 | Loss: 2.0050e-05 | BC: 7.5651e-06 | PDE: 1.2485e-03 | Val: 2.0291e-05 | Test: 7.4111e-04 | LR=4.6e-04
Epoch  55/100 | Steps:  55000 | α=1e-02 | Loss: 1.8989e-05 | BC: 6.4795e-06 | PDE: 1.2509e-03 | Val: 4.4929e-06 | Test: 7.5967e-04 | LR=4.4e-04
Epoch  56/100 | Steps:  56000 | α=1e-02 | Loss: 1.7684e-05 | BC: 6.3382e-06 | PDE: 1.1346e-03 | Val: 4.1865e-06 | Test: 7.5622e-04 | LR=4.3e-04
Epoch  57/100 | Steps:  57000 | α=1e-02 | Loss: 1.6780e-05 | BC: 5.8102e-06 | PDE: 1.0970e-03 | Val: 1.5049e-05 | Test: 7.5788e-04 | LR=4.1e-04
Epoch  58/100 | Steps:  58000 | α=1e-02 | Loss: 1.6196e-05 | BC: 5.7123e-06 | PDE: 1.0483e-03 | Val: 6.5814e-06 | Test: 7.5337e-04 | LR=4.0e-04
Epoch  59/100 | Steps:  59000 | α=1e-02 | Loss: 1.5362e-05 | BC: 5.2491e-06 | PDE: 1.0113e-03 | Val: 6.7803e-06 | Test: 7.5899e-04 | LR=3.8e-04
Epoch  60/100 | Steps:  60000 | α=1e-02 | Loss: 1.5439e-05 | BC: 5.4183e-06 | PDE: 1.0021e-03 | Val: 2.9865e-06 | Test: 7.5031e-04 | LR=3.7e-04
Epoch  61/100 | Steps:  61000 | α=1e-02 | Loss: 1.3451e-05 | BC: 4.4280e-06 | PDE: 9.0231e-04 | Val: 4.4908e-06 | Test: 7.5323e-04 | LR=3.5e-04

Both thresholds reached -- BC (val): 4.4908e-06 < 1.0000e-04, PDE: 9.0231e-04 < 1.0000e-03

Restored best model from epoch 53 (val_loss: 2.3399e-06, test_loss: 7.4800e-04)
Best checkpoint saved to: outputs/expr_6_3_iter/p2to20_square/fix_alpha_band1_1e-2/checkpoints/best_model.pt
Final checkpoint saved to: outputs/expr_6_3_iter/p2to20_square/fix_alpha_band1_1e-2/checkpoints/final_model.pt
Training completed in 846.01s (61,000 total steps)
  Stage 3 (p=4) PDE diagnostics:
    p-Lap (p=4) raw:        2.6824e-01
    p-Lap (p=4) normalized: 5.0769e-03
    Inf-Lap raw:              1.3576e+00
    Inf-Lap normalized:       4.1127e-01

============================================================
Stage 4/11: Training with p=5
============================================================

Training configuration:
  Boundary points (train): 32,000 -> 80 batches of 400
  Interior points (train): 1,000,000 -> 1000 batches of 1000
  Interior sampling: RE-SAMPLE each epoch
  Boundary points (val): 8,000
  Validation loss: BC only
  Steps per epoch: 1,000
  Total steps: 100,000
  Epochs: 100
  Loss balancing: FixedAlphaSchedule
  LR scheduler: cosine (LR: 1.0e-03 -> 1.0e-05)

Epoch   1/100 | Steps:   1000 | α=1e-02 | Loss: 1.4579e-04 | BC: 3.4741e-05 | PDE: 1.1105e-02 | Val: 1.0689e-05 | Test: 4.6305e-04 | LR=1.0e-03 *
Epoch   2/100 | Steps:   2000 | α=1e-02 | Loss: 9.8981e-05 | BC: 1.9931e-05 | PDE: 7.9050e-03 | Val: 6.3856e-06 | Test: 4.6659e-04 | LR=1.0e-03 *
Epoch   3/100 | Steps:   3000 | α=1e-02 | Loss: 1.0119e-04 | BC: 2.1738e-05 | PDE: 7.9448e-03 | Val: 8.5693e-06 | Test: 4.6446e-04 | LR=1.0e-03
Epoch   4/100 | Steps:   4000 | α=1e-02 | Loss: 8.2956e-05 | BC: 2.0695e-05 | PDE: 6.2261e-03 | Val: 9.0873e-06 | Test: 4.5921e-04 | LR=1.0e-03
Epoch   5/100 | Steps:   5000 | α=1e-02 | Loss: 8.9320e-05 | BC: 2.2493e-05 | PDE: 6.6827e-03 | Val: 2.2117e-05 | Test: 5.0956e-04 | LR=1.0e-03
Epoch   6/100 | Steps:   6000 | α=1e-02 | Loss: 9.5351e-05 | BC: 2.3705e-05 | PDE: 7.1646e-03 | Val: 5.8970e-05 | Test: 5.0588e-04 | LR=9.9e-04
Epoch   7/100 | Steps:   7000 | α=1e-02 | Loss: 8.6880e-05 | BC: 2.3406e-05 | PDE: 6.3474e-03 | Val: 8.9640e-05 | Test: 5.0941e-04 | LR=9.9e-04
Epoch   8/100 | Steps:   8000 | α=1e-02 | Loss: 9.3361e-05 | BC: 2.4178e-05 | PDE: 6.9183e-03 | Val: 6.0514e-05 | Test: 5.1353e-04 | LR=9.9e-04
Epoch   9/100 | Steps:   9000 | α=1e-02 | Loss: 8.5433e-05 | BC: 2.2320e-05 | PDE: 6.3114e-03 | Val: 4.8412e-06 | Test: 4.5159e-04 | LR=9.8e-04 *
Epoch  10/100 | Steps:  10000 | α=1e-02 | Loss: 7.8749e-05 | BC: 2.1927e-05 | PDE: 5.6821e-03 | Val: 3.3592e-05 | Test: 4.8477e-04 | LR=9.8e-04
Epoch  11/100 | Steps:  11000 | α=1e-02 | Loss: 8.6686e-05 | BC: 2.3210e-05 | PDE: 6.3476e-03 | Val: 1.9442e-05 | Test: 4.6969e-04 | LR=9.8e-04
Epoch  12/100 | Steps:  12000 | α=1e-02 | Loss: 8.2346e-05 | BC: 2.4118e-05 | PDE: 5.8228e-03 | Val: 9.6025e-06 | Test: 4.7128e-04 | LR=9.7e-04
Epoch  13/100 | Steps:  13000 | α=1e-02 | Loss: 7.8289e-05 | BC: 2.2003e-05 | PDE: 5.6286e-03 | Val: 9.0772e-06 | Test: 4.6294e-04 | LR=9.7e-04
Epoch  14/100 | Steps:  14000 | α=1e-02 | Loss: 9.1864e-05 | BC: 2.9339e-05 | PDE: 6.2525e-03 | Val: 6.5685e-06 | Test: 4.6829e-04 | LR=9.6e-04
Epoch  15/100 | Steps:  15000 | α=1e-02 | Loss: 8.5253e-05 | BC: 2.2241e-05 | PDE: 6.3012e-03 | Val: 7.6731e-05 | Test: 5.0111e-04 | LR=9.5e-04
Epoch  16/100 | Steps:  16000 | α=1e-02 | Loss: 6.1373e-05 | BC: 2.0543e-05 | PDE: 4.0830e-03 | Val: 3.9443e-05 | Test: 4.9490e-04 | LR=9.5e-04
Epoch  17/100 | Steps:  17000 | α=1e-02 | Loss: 7.3827e-05 | BC: 2.2682e-05 | PDE: 5.1145e-03 | Val: 4.9367e-06 | Test: 4.4711e-04 | LR=9.4e-04
Epoch  18/100 | Steps:  18000 | α=1e-02 | Loss: 7.2873e-05 | BC: 2.3110e-05 | PDE: 4.9763e-03 | Val: 5.4166e-06 | Test: 4.4541e-04 | LR=9.3e-04
Epoch  19/100 | Steps:  19000 | α=1e-02 | Loss: 6.9289e-05 | BC: 2.1823e-05 | PDE: 4.7467e-03 | Val: 1.5262e-05 | Test: 4.5099e-04 | LR=9.2e-04
Epoch  20/100 | Steps:  20000 | α=1e-02 | Loss: 6.8465e-05 | BC: 2.0481e-05 | PDE: 4.7984e-03 | Val: 3.4323e-05 | Test: 4.7640e-04 | LR=9.1e-04
Epoch  21/100 | Steps:  21000 | α=1e-02 | Loss: 6.8479e-05 | BC: 1.9600e-05 | PDE: 4.8879e-03 | Val: 2.8461e-05 | Test: 4.9398e-04 | LR=9.1e-04
Epoch  22/100 | Steps:  22000 | α=1e-02 | Loss: 6.2984e-05 | BC: 2.0657e-05 | PDE: 4.2326e-03 | Val: 5.8063e-06 | Test: 4.5881e-04 | LR=9.0e-04
Epoch  23/100 | Steps:  23000 | α=1e-02 | Loss: 6.0745e-05 | BC: 1.9257e-05 | PDE: 4.1488e-03 | Val: 1.2345e-05 | Test: 4.6875e-04 | LR=8.9e-04
Epoch  24/100 | Steps:  24000 | α=1e-02 | Loss: 6.7816e-05 | BC: 2.0007e-05 | PDE: 4.7809e-03 | Val: 1.3228e-05 | Test: 4.6815e-04 | LR=8.8e-04
Epoch  25/100 | Steps:  25000 | α=1e-02 | Loss: 6.4240e-05 | BC: 2.1945e-05 | PDE: 4.2295e-03 | Val: 6.0529e-06 | Test: 4.4836e-04 | LR=8.7e-04
Epoch  26/100 | Steps:  26000 | α=1e-02 | Loss: 4.9351e-05 | BC: 1.5383e-05 | PDE: 3.3969e-03 | Val: 7.2947e-05 | Test: 5.1544e-04 | LR=8.6e-04
Epoch  27/100 | Steps:  27000 | α=1e-02 | Loss: 6.0850e-05 | BC: 1.7954e-05 | PDE: 4.2896e-03 | Val: 3.4937e-05 | Test: 4.7904e-04 | LR=8.4e-04
Epoch  28/100 | Steps:  28000 | α=1e-02 | Loss: 5.5634e-05 | BC: 1.7964e-05 | PDE: 3.7671e-03 | Val: 2.0212e-05 | Test: 4.8142e-04 | LR=8.3e-04
Epoch  29/100 | Steps:  29000 | α=1e-02 | Loss: 5.2757e-05 | BC: 1.6637e-05 | PDE: 3.6120e-03 | Val: 4.0611e-05 | Test: 4.7599e-04 | LR=8.2e-04
Epoch  30/100 | Steps:  30000 | α=1e-02 | Loss: 5.1394e-05 | BC: 1.6645e-05 | PDE: 3.4749e-03 | Val: 3.9707e-05 | Test: 4.6355e-04 | LR=8.1e-04
Epoch  31/100 | Steps:  31000 | α=1e-02 | Loss: 5.2753e-05 | BC: 1.7828e-05 | PDE: 3.4925e-03 | Val: 2.7529e-05 | Test: 4.5891e-04 | LR=8.0e-04
Epoch  32/100 | Steps:  32000 | α=1e-02 | Loss: 5.1952e-05 | BC: 1.5777e-05 | PDE: 3.6176e-03 | Val: 8.5010e-06 | Test: 4.5842e-04 | LR=7.8e-04
Epoch  33/100 | Steps:  33000 | α=1e-02 | Loss: 4.9896e-05 | BC: 1.4961e-05 | PDE: 3.4935e-03 | Val: 6.5881e-06 | Test: 4.5289e-04 | LR=7.7e-04
Epoch  34/100 | Steps:  34000 | α=1e-02 | Loss: 4.2002e-05 | BC: 1.3595e-05 | PDE: 2.8407e-03 | Val: 5.2402e-06 | Test: 4.6840e-04 | LR=7.6e-04
Epoch  35/100 | Steps:  35000 | α=1e-02 | Loss: 4.6204e-05 | BC: 1.4706e-05 | PDE: 3.1498e-03 | Val: 7.4311e-06 | Test: 4.5858e-04 | LR=7.4e-04
Epoch  36/100 | Steps:  36000 | α=1e-02 | Loss: 4.0602e-05 | BC: 1.2870e-05 | PDE: 2.7732e-03 | Val: 5.3796e-06 | Test: 4.6400e-04 | LR=7.3e-04
Epoch  37/100 | Steps:  37000 | α=1e-02 | Loss: 3.8668e-05 | BC: 1.2310e-05 | PDE: 2.6358e-03 | Val: 8.5739e-06 | Test: 4.6277e-04 | LR=7.2e-04
Epoch  38/100 | Steps:  38000 | α=1e-02 | Loss: 4.3873e-05 | BC: 1.2826e-05 | PDE: 3.1047e-03 | Val: 2.2883e-05 | Test: 4.7483e-04 | LR=7.0e-04
Epoch  39/100 | Steps:  39000 | α=1e-02 | Loss: 3.7187e-05 | BC: 1.2238e-05 | PDE: 2.4949e-03 | Val: 1.7046e-05 | Test: 4.6717e-04 | LR=6.9e-04
Epoch  40/100 | Steps:  40000 | α=1e-02 | Loss: 3.5591e-05 | BC: 1.0999e-05 | PDE: 2.4592e-03 | Val: 2.3144e-05 | Test: 4.6785e-04 | LR=6.7e-04
Epoch  41/100 | Steps:  41000 | α=1e-02 | Loss: 3.6100e-05 | BC: 1.1812e-05 | PDE: 2.4288e-03 | Val: 4.0101e-06 | Test: 4.5323e-04 | LR=6.6e-04 *
Epoch  42/100 | Steps:  42000 | α=1e-02 | Loss: 3.7209e-05 | BC: 1.1264e-05 | PDE: 2.5946e-03 | Val: 9.2238e-06 | Test: 4.5726e-04 | LR=6.4e-04
Epoch  43/100 | Steps:  43000 | α=1e-02 | Loss: 2.9911e-05 | BC: 9.8400e-06 | PDE: 2.0071e-03 | Val: 7.1879e-06 | Test: 4.5507e-04 | LR=6.3e-04
Epoch  44/100 | Steps:  44000 | α=1e-02 | Loss: 3.3751e-05 | BC: 1.0147e-05 | PDE: 2.3604e-03 | Val: 8.0041e-06 | Test: 4.5502e-04 | LR=6.1e-04
Epoch  45/100 | Steps:  45000 | α=1e-02 | Loss: 2.9527e-05 | BC: 9.3652e-06 | PDE: 2.0162e-03 | Val: 4.3967e-06 | Test: 4.5254e-04 | LR=6.0e-04
Epoch  46/100 | Steps:  46000 | α=1e-02 | Loss: 2.8257e-05 | BC: 8.5593e-06 | PDE: 1.9698e-03 | Val: 1.8190e-05 | Test: 4.6648e-04 | LR=5.8e-04
Epoch  47/100 | Steps:  47000 | α=1e-02 | Loss: 2.6992e-05 | BC: 8.7999e-06 | PDE: 1.8192e-03 | Val: 4.8216e-06 | Test: 4.5791e-04 | LR=5.7e-04
Epoch  48/100 | Steps:  48000 | α=1e-02 | Loss: 2.6285e-05 | BC: 7.6440e-06 | PDE: 1.8641e-03 | Val: 2.9031e-05 | Test: 4.5011e-04 | LR=5.5e-04
Epoch  49/100 | Steps:  49000 | α=1e-02 | Loss: 2.5242e-05 | BC: 7.6150e-06 | PDE: 1.7627e-03 | Val: 3.3800e-06 | Test: 4.5234e-04 | LR=5.4e-04 *
Epoch  50/100 | Steps:  50000 | α=1e-02 | Loss: 2.3076e-05 | BC: 7.7665e-06 | PDE: 1.5309e-03 | Val: 8.8015e-06 | Test: 4.5591e-04 | LR=5.2e-04
Epoch  51/100 | Steps:  51000 | α=1e-02 | Loss: 2.2914e-05 | BC: 7.1675e-06 | PDE: 1.5746e-03 | Val: 4.1403e-06 | Test: 4.3808e-04 | LR=5.1e-04
Epoch  52/100 | Steps:  52000 | α=1e-02 | Loss: 2.1681e-05 | BC: 6.6529e-06 | PDE: 1.5028e-03 | Val: 1.2657e-05 | Test: 4.6351e-04 | LR=4.9e-04
Epoch  53/100 | Steps:  53000 | α=1e-02 | Loss: 2.0142e-05 | BC: 5.7553e-06 | PDE: 1.4386e-03 | Val: 9.8767e-06 | Test: 4.5351e-04 | LR=4.7e-04
Epoch  54/100 | Steps:  54000 | α=1e-02 | Loss: 1.9069e-05 | BC: 6.0348e-06 | PDE: 1.3034e-03 | Val: 2.4808e-06 | Test: 4.5249e-04 | LR=4.6e-04 *
Epoch  55/100 | Steps:  55000 | α=1e-02 | Loss: 1.8896e-05 | BC: 5.9452e-06 | PDE: 1.2951e-03 | Val: 2.4956e-06 | Test: 4.4658e-04 | LR=4.4e-04
Epoch  56/100 | Steps:  56000 | α=1e-02 | Loss: 1.8203e-05 | BC: 5.4660e-06 | PDE: 1.2737e-03 | Val: 1.2918e-05 | Test: 4.5485e-04 | LR=4.3e-04
Epoch  57/100 | Steps:  57000 | α=1e-02 | Loss: 1.6029e-05 | BC: 4.8178e-06 | PDE: 1.1211e-03 | Val: 1.1246e-05 | Test: 4.5601e-04 | LR=4.1e-04
Epoch  58/100 | Steps:  58000 | α=1e-02 | Loss: 1.5222e-05 | BC: 4.8403e-06 | PDE: 1.0381e-03 | Val: 5.5249e-06 | Test: 4.5683e-04 | LR=4.0e-04
Epoch  59/100 | Steps:  59000 | α=1e-02 | Loss: 1.4843e-05 | BC: 4.2758e-06 | PDE: 1.0568e-03 | Val: 2.2318e-06 | Test: 4.4680e-04 | LR=3.8e-04 *
Epoch  60/100 | Steps:  60000 | α=1e-02 | Loss: 1.4613e-05 | BC: 4.3356e-06 | PDE: 1.0278e-03 | Val: 2.0527e-06 | Test: 4.4553e-04 | LR=3.7e-04 *
Epoch  61/100 | Steps:  61000 | α=1e-02 | Loss: 1.2377e-05 | BC: 3.7127e-06 | PDE: 8.6644e-04 | Val: 4.0419e-06 | Test: 4.4971e-04 | LR=3.5e-04

Both thresholds reached -- BC (val): 4.0419e-06 < 1.0000e-04, PDE: 8.6644e-04 < 1.0000e-03

Restored best model from epoch 60 (val_loss: 2.0527e-06, test_loss: 4.4553e-04)
Best checkpoint saved to: outputs/expr_6_3_iter/p2to20_square/fix_alpha_band1_1e-2/checkpoints/best_model.pt
Final checkpoint saved to: outputs/expr_6_3_iter/p2to20_square/fix_alpha_band1_1e-2/checkpoints/final_model.pt
Training completed in 595.75s (61,000 total steps)
  Stage 4 (p=5) PDE diagnostics:
    p-Lap (p=5) raw:        7.6985e-01
    p-Lap (p=5) normalized: 6.3101e-03
    Inf-Lap raw:              7.0958e-01
    Inf-Lap normalized:       2.6652e-01

============================================================
Stage 5/11: Training with p=6
============================================================

Training configuration:
  Boundary points (train): 32,000 -> 80 batches of 400
  Interior points (train): 1,000,000 -> 1000 batches of 1000
  Interior sampling: RE-SAMPLE each epoch
  Boundary points (val): 8,000
  Validation loss: BC only
  Steps per epoch: 1,000
  Total steps: 100,000
  Epochs: 100
  Loss balancing: FixedAlphaSchedule
  LR scheduler: cosine (LR: 1.0e-03 -> 1.0e-05)

Epoch   1/100 | Steps:   1000 | α=1e-02 | Loss: 1.5803e-04 | BC: 3.4094e-05 | PDE: 1.2393e-02 | Val: 9.8829e-06 | Test: 3.1027e-04 | LR=1.0e-03 *
Epoch   2/100 | Steps:   2000 | α=1e-02 | Loss: 1.0453e-04 | BC: 1.9032e-05 | PDE: 8.5500e-03 | Val: 1.2401e-05 | Test: 3.2678e-04 | LR=1.0e-03
Epoch   3/100 | Steps:   3000 | α=1e-02 | Loss: 8.6043e-05 | BC: 1.7598e-05 | PDE: 6.8444e-03 | Val: 2.6398e-05 | Test: 3.3676e-04 | LR=1.0e-03
Epoch   4/100 | Steps:   4000 | α=1e-02 | Loss: 1.0006e-04 | BC: 2.0216e-05 | PDE: 7.9846e-03 | Val: 6.5119e-06 | Test: 3.0815e-04 | LR=1.0e-03 *
Epoch   5/100 | Steps:   5000 | α=1e-02 | Loss: 1.1041e-04 | BC: 2.4159e-05 | PDE: 8.6253e-03 | Val: 5.3087e-06 | Test: 3.0449e-04 | LR=1.0e-03 *
Epoch   6/100 | Steps:   6000 | α=1e-02 | Loss: 8.2586e-05 | BC: 1.8021e-05 | PDE: 6.4565e-03 | Val: 6.3220e-06 | Test: 3.0763e-04 | LR=9.9e-04
Epoch   7/100 | Steps:   7000 | α=1e-02 | Loss: 9.8232e-05 | BC: 2.0511e-05 | PDE: 7.7720e-03 | Val: 8.8640e-06 | Test: 3.0442e-04 | LR=9.9e-04
Epoch   8/100 | Steps:   8000 | α=1e-02 | Loss: 9.4249e-05 | BC: 2.0744e-05 | PDE: 7.3505e-03 | Val: 1.9221e-05 | Test: 3.3995e-04 | LR=9.9e-04
Epoch   9/100 | Steps:   9000 | α=1e-02 | Loss: 9.9474e-05 | BC: 2.1382e-05 | PDE: 7.8093e-03 | Val: 1.0634e-05 | Test: 3.0931e-04 | LR=9.8e-04
Epoch  10/100 | Steps:  10000 | α=1e-02 | Loss: 8.2036e-05 | BC: 1.8502e-05 | PDE: 6.3534e-03 | Val: 5.9880e-06 | Test: 2.9969e-04 | LR=9.8e-04
Epoch  11/100 | Steps:  11000 | α=1e-02 | Loss: 9.9198e-05 | BC: 2.3653e-05 | PDE: 7.5546e-03 | Val: 7.2172e-06 | Test: 3.0206e-04 | LR=9.8e-04
Epoch  12/100 | Steps:  12000 | α=1e-02 | Loss: 8.1974e-05 | BC: 1.7835e-05 | PDE: 6.4138e-03 | Val: 4.4930e-06 | Test: 3.1095e-04 | LR=9.7e-04 *
Epoch  13/100 | Steps:  13000 | α=1e-02 | Loss: 8.1027e-05 | BC: 1.8949e-05 | PDE: 6.2077e-03 | Val: 1.8419e-05 | Test: 3.1630e-04 | LR=9.7e-04
Epoch  14/100 | Steps:  14000 | α=1e-02 | Loss: 8.7870e-05 | BC: 2.0314e-05 | PDE: 6.7556e-03 | Val: 6.8400e-06 | Test: 3.0957e-04 | LR=9.6e-04
Epoch  15/100 | Steps:  15000 | α=1e-02 | Loss: 7.6340e-05 | BC: 1.9648e-05 | PDE: 5.6693e-03 | Val: 5.4750e-06 | Test: 3.1610e-04 | LR=9.5e-04
Epoch  16/100 | Steps:  16000 | α=1e-02 | Loss: 1.0373e-04 | BC: 2.5944e-05 | PDE: 7.7789e-03 | Val: 5.2179e-06 | Test: 3.0170e-04 | LR=9.5e-04
Epoch  17/100 | Steps:  17000 | α=1e-02 | Loss: 7.2213e-05 | BC: 1.7270e-05 | PDE: 5.4943e-03 | Val: 3.7197e-05 | Test: 3.2654e-04 | LR=9.4e-04
Epoch  18/100 | Steps:  18000 | α=1e-02 | Loss: 7.5869e-05 | BC: 1.8973e-05 | PDE: 5.6896e-03 | Val: 2.5634e-05 | Test: 3.2825e-04 | LR=9.3e-04
Epoch  19/100 | Steps:  19000 | α=1e-02 | Loss: 6.9327e-05 | BC: 1.7665e-05 | PDE: 5.1662e-03 | Val: 2.0008e-05 | Test: 3.0858e-04 | LR=9.2e-04
Epoch  20/100 | Steps:  20000 | α=1e-02 | Loss: 8.6464e-05 | BC: 2.5085e-05 | PDE: 6.1379e-03 | Val: 9.3848e-06 | Test: 3.1556e-04 | LR=9.1e-04
Epoch  21/100 | Steps:  21000 | α=1e-02 | Loss: 6.5417e-05 | BC: 1.3835e-05 | PDE: 5.1582e-03 | Val: 1.8793e-05 | Test: 3.1244e-04 | LR=9.1e-04
Epoch  22/100 | Steps:  22000 | α=1e-02 | Loss: 6.7551e-05 | BC: 1.8358e-05 | PDE: 4.9193e-03 | Val: 9.1176e-06 | Test: 3.0639e-04 | LR=9.0e-04
Epoch  23/100 | Steps:  23000 | α=1e-02 | Loss: 6.9775e-05 | BC: 1.6382e-05 | PDE: 5.3393e-03 | Val: 1.9438e-05 | Test: 3.1986e-04 | LR=8.9e-04
Epoch  24/100 | Steps:  24000 | α=1e-02 | Loss: 6.2471e-05 | BC: 1.5803e-05 | PDE: 4.6668e-03 | Val: 7.6759e-06 | Test: 3.1216e-04 | LR=8.8e-04
Epoch  25/100 | Steps:  25000 | α=1e-02 | Loss: 6.9473e-05 | BC: 1.9086e-05 | PDE: 5.0387e-03 | Val: 8.6064e-06 | Test: 3.0177e-04 | LR=8.7e-04
Epoch  26/100 | Steps:  26000 | α=1e-02 | Loss: 6.4677e-05 | BC: 1.5811e-05 | PDE: 4.8865e-03 | Val: 2.0158e-05 | Test: 3.1074e-04 | LR=8.6e-04
Epoch  27/100 | Steps:  27000 | α=1e-02 | Loss: 6.1170e-05 | BC: 1.6097e-05 | PDE: 4.5073e-03 | Val: 2.0494e-05 | Test: 3.2433e-04 | LR=8.4e-04
Epoch  28/100 | Steps:  28000 | α=1e-02 | Loss: 6.3433e-05 | BC: 1.5876e-05 | PDE: 4.7557e-03 | Val: 9.5890e-06 | Test: 3.0206e-04 | LR=8.3e-04
Epoch  29/100 | Steps:  29000 | α=1e-02 | Loss: 5.3323e-05 | BC: 1.4168e-05 | PDE: 3.9155e-03 | Val: 4.1959e-05 | Test: 3.3552e-04 | LR=8.2e-04
Epoch  30/100 | Steps:  30000 | α=1e-02 | Loss: 5.2860e-05 | BC: 1.3717e-05 | PDE: 3.9143e-03 | Val: 8.3568e-06 | Test: 3.0134e-04 | LR=8.1e-04
Epoch  31/100 | Steps:  31000 | α=1e-02 | Loss: 5.7752e-05 | BC: 1.4989e-05 | PDE: 4.2763e-03 | Val: 2.8665e-05 | Test: 3.6312e-04 | LR=8.0e-04
Epoch  32/100 | Steps:  32000 | α=1e-02 | Loss: 5.2208e-05 | BC: 1.4701e-05 | PDE: 3.7507e-03 | Val: 9.5065e-06 | Test: 3.1230e-04 | LR=7.8e-04
Epoch  33/100 | Steps:  33000 | α=1e-02 | Loss: 5.0384e-05 | BC: 1.2438e-05 | PDE: 3.7946e-03 | Val: 5.7124e-06 | Test: 3.0710e-04 | LR=7.7e-04
Epoch  34/100 | Steps:  34000 | α=1e-02 | Loss: 4.7041e-05 | BC: 1.2140e-05 | PDE: 3.4900e-03 | Val: 9.7796e-06 | Test: 3.1601e-04 | LR=7.6e-04
Epoch  35/100 | Steps:  35000 | α=1e-02 | Loss: 5.5579e-05 | BC: 1.3250e-05 | PDE: 4.2330e-03 | Val: 7.3387e-06 | Test: 3.0326e-04 | LR=7.4e-04
Epoch  36/100 | Steps:  36000 | α=1e-02 | Loss: 4.1120e-05 | BC: 1.0630e-05 | PDE: 3.0491e-03 | Val: 5.9223e-06 | Test: 3.1163e-04 | LR=7.3e-04
Epoch  37/100 | Steps:  37000 | α=1e-02 | Loss: 4.2798e-05 | BC: 1.1673e-05 | PDE: 3.1125e-03 | Val: 6.5939e-06 | Test: 3.0489e-04 | LR=7.2e-04
Epoch  38/100 | Steps:  38000 | α=1e-02 | Loss: 4.4651e-05 | BC: 1.0906e-05 | PDE: 3.3745e-03 | Val: 3.6983e-06 | Test: 3.0318e-04 | LR=7.0e-04 *
Epoch  39/100 | Steps:  39000 | α=1e-02 | Loss: 3.8283e-05 | BC: 9.5274e-06 | PDE: 2.8755e-03 | Val: 1.5059e-05 | Test: 3.1106e-04 | LR=6.9e-04
Epoch  40/100 | Steps:  40000 | α=1e-02 | Loss: 4.0490e-05 | BC: 1.0281e-05 | PDE: 3.0209e-03 | Val: 2.1176e-05 | Test: 3.2005e-04 | LR=6.7e-04
Epoch  41/100 | Steps:  41000 | α=1e-02 | Loss: 3.8391e-05 | BC: 1.0055e-05 | PDE: 2.8336e-03 | Val: 4.5883e-06 | Test: 3.0675e-04 | LR=6.6e-04
Epoch  42/100 | Steps:  42000 | α=1e-02 | Loss: 3.5389e-05 | BC: 9.3499e-06 | PDE: 2.6039e-03 | Val: 4.4969e-06 | Test: 3.0133e-04 | LR=6.4e-04
Epoch  43/100 | Steps:  43000 | α=1e-02 | Loss: 3.3542e-05 | BC: 8.4155e-06 | PDE: 2.5127e-03 | Val: 1.1672e-05 | Test: 3.0622e-04 | LR=6.3e-04
Epoch  44/100 | Steps:  44000 | α=1e-02 | Loss: 3.3633e-05 | BC: 8.8480e-06 | PDE: 2.4785e-03 | Val: 8.0080e-06 | Test: 3.0572e-04 | LR=6.1e-04
Epoch  45/100 | Steps:  45000 | α=1e-02 | Loss: 3.2716e-05 | BC: 8.0868e-06 | PDE: 2.4630e-03 | Val: 3.8088e-06 | Test: 3.0329e-04 | LR=6.0e-04
Epoch  46/100 | Steps:  46000 | α=1e-02 | Loss: 3.0423e-05 | BC: 7.5887e-06 | PDE: 2.2834e-03 | Val: 4.0887e-06 | Test: 2.9903e-04 | LR=5.8e-04
Epoch  47/100 | Steps:  47000 | α=1e-02 | Loss: 2.9747e-05 | BC: 7.8472e-06 | PDE: 2.1900e-03 | Val: 4.0330e-06 | Test: 3.0776e-04 | LR=5.7e-04
Epoch  48/100 | Steps:  48000 | α=1e-02 | Loss: 2.8093e-05 | BC: 7.3513e-06 | PDE: 2.0741e-03 | Val: 5.0466e-06 | Test: 2.9990e-04 | LR=5.5e-04
Epoch  49/100 | Steps:  49000 | α=1e-02 | Loss: 2.4864e-05 | BC: 5.8374e-06 | PDE: 1.9026e-03 | Val: 1.2227e-05 | Test: 3.2191e-04 | LR=5.4e-04
Epoch  50/100 | Steps:  50000 | α=1e-02 | Loss: 2.6191e-05 | BC: 6.8672e-06 | PDE: 1.9324e-03 | Val: 2.4877e-06 | Test: 2.9752e-04 | LR=5.2e-04 *
Epoch  51/100 | Steps:  51000 | α=1e-02 | Loss: 2.4042e-05 | BC: 6.3350e-06 | PDE: 1.7707e-03 | Val: 3.0007e-06 | Test: 2.9321e-04 | LR=5.1e-04
Epoch  52/100 | Steps:  52000 | α=1e-02 | Loss: 2.1855e-05 | BC: 5.5186e-06 | PDE: 1.6337e-03 | Val: 5.3594e-06 | Test: 3.1084e-04 | LR=4.9e-04
Epoch  53/100 | Steps:  53000 | α=1e-02 | Loss: 2.1635e-05 | BC: 5.5990e-06 | PDE: 1.6036e-03 | Val: 6.7993e-06 | Test: 3.1028e-04 | LR=4.7e-04
Epoch  54/100 | Steps:  54000 | α=1e-02 | Loss: 1.9925e-05 | BC: 4.8823e-06 | PDE: 1.5043e-03 | Val: 2.7349e-06 | Test: 2.9695e-04 | LR=4.6e-04
Epoch  55/100 | Steps:  55000 | α=1e-02 | Loss: 1.9538e-05 | BC: 4.6002e-06 | PDE: 1.4938e-03 | Val: 1.4700e-05 | Test: 3.1482e-04 | LR=4.4e-04
Epoch  56/100 | Steps:  56000 | α=1e-02 | Loss: 1.8035e-05 | BC: 4.9166e-06 | PDE: 1.3119e-03 | Val: 6.1211e-06 | Test: 3.0563e-04 | LR=4.3e-04
Epoch  57/100 | Steps:  57000 | α=1e-02 | Loss: 1.6417e-05 | BC: 4.5152e-06 | PDE: 1.1902e-03 | Val: 2.4328e-06 | Test: 3.0101e-04 | LR=4.1e-04 *
Epoch  58/100 | Steps:  58000 | α=1e-02 | Loss: 1.6313e-05 | BC: 3.9637e-06 | PDE: 1.2349e-03 | Val: 2.3614e-06 | Test: 2.9545e-04 | LR=4.0e-04 *
Epoch  59/100 | Steps:  59000 | α=1e-02 | Loss: 1.6488e-05 | BC: 4.1747e-06 | PDE: 1.2313e-03 | Val: 2.5780e-06 | Test: 2.9463e-04 | LR=3.8e-04
Epoch  60/100 | Steps:  60000 | α=1e-02 | Loss: 1.3392e-05 | BC: 3.4896e-06 | PDE: 9.9021e-04 | Val: 2.7426e-06 | Test: 2.9568e-04 | LR=3.7e-04

Both thresholds reached -- BC (val): 2.7426e-06 < 1.0000e-04, PDE: 9.9021e-04 < 1.0000e-03

Restored best model from epoch 58 (val_loss: 2.3614e-06, test_loss: 2.9545e-04)
Best checkpoint saved to: outputs/expr_6_3_iter/p2to20_square/fix_alpha_band1_1e-2/checkpoints/best_model.pt
Final checkpoint saved to: outputs/expr_6_3_iter/p2to20_square/fix_alpha_band1_1e-2/checkpoints/final_model.pt
Training completed in 506.65s (60,000 total steps)
  Stage 5 (p=6) PDE diagnostics:
    p-Lap (p=6) raw:        1.5222e+00
    p-Lap (p=6) normalized: 7.4815e-03
    Inf-Lap raw:              4.4419e-01
    Inf-Lap normalized:       1.9561e-01

============================================================
Stage 6/11: Training with p=7
============================================================

Training configuration:
  Boundary points (train): 32,000 -> 80 batches of 400
  Interior points (train): 1,000,000 -> 1000 batches of 1000
  Interior sampling: RE-SAMPLE each epoch
  Boundary points (val): 8,000
  Validation loss: BC only
  Steps per epoch: 1,000
  Total steps: 100,000
  Epochs: 100
  Loss balancing: FixedAlphaSchedule
  LR scheduler: cosine (LR: 1.0e-03 -> 1.0e-05)

Epoch   1/100 | Steps:   1000 | α=1e-02 | Loss: 1.7961e-04 | BC: 3.7772e-05 | PDE: 1.4183e-02 | Val: 2.8044e-05 | Test: 2.9768e-04 | LR=1.0e-03 *
Epoch   2/100 | Steps:   2000 | α=1e-02 | Loss: 1.0563e-04 | BC: 1.5848e-05 | PDE: 8.9783e-03 | Val: 3.4866e-05 | Test: 2.8654e-04 | LR=1.0e-03
Epoch   3/100 | Steps:   3000 | α=1e-02 | Loss: 1.0271e-04 | BC: 1.6479e-05 | PDE: 8.6229e-03 | Val: 4.7382e-06 | Test: 2.2698e-04 | LR=1.0e-03 *
Epoch   4/100 | Steps:   4000 | α=1e-02 | Loss: 9.8337e-05 | BC: 1.7802e-05 | PDE: 8.0536e-03 | Val: 6.0580e-06 | Test: 2.1710e-04 | LR=1.0e-03
Epoch   5/100 | Steps:   5000 | α=1e-02 | Loss: 9.7695e-05 | BC: 1.8076e-05 | PDE: 7.9619e-03 | Val: 3.4749e-05 | Test: 2.5798e-04 | LR=1.0e-03
Epoch   6/100 | Steps:   6000 | α=1e-02 | Loss: 1.0469e-04 | BC: 1.9743e-05 | PDE: 8.4945e-03 | Val: 1.8168e-05 | Test: 2.3282e-04 | LR=9.9e-04
Epoch   7/100 | Steps:   7000 | α=1e-02 | Loss: 1.0382e-04 | BC: 1.8961e-05 | PDE: 8.4860e-03 | Val: 8.2874e-06 | Test: 2.4008e-04 | LR=9.9e-04
Epoch   8/100 | Steps:   8000 | α=1e-02 | Loss: 1.0953e-04 | BC: 2.5388e-05 | PDE: 8.4142e-03 | Val: 1.0661e-05 | Test: 2.1787e-04 | LR=9.9e-04
Epoch   9/100 | Steps:   9000 | α=1e-02 | Loss: 8.5325e-05 | BC: 1.4506e-05 | PDE: 7.0819e-03 | Val: 1.2698e-05 | Test: 2.5141e-04 | LR=9.8e-04
Epoch  10/100 | Steps:  10000 | α=1e-02 | Loss: 1.2302e-04 | BC: 2.2113e-05 | PDE: 1.0090e-02 | Val: 5.3670e-06 | Test: 2.2347e-04 | LR=9.8e-04
Epoch  11/100 | Steps:  11000 | α=1e-02 | Loss: 7.6340e-05 | BC: 1.6793e-05 | PDE: 5.9546e-03 | Val: 1.8354e-05 | Test: 2.3492e-04 | LR=9.8e-04
Epoch  12/100 | Steps:  12000 | α=1e-02 | Loss: 1.1254e-04 | BC: 2.2205e-05 | PDE: 9.0337e-03 | Val: 5.0956e-06 | Test: 2.2394e-04 | LR=9.7e-04
Epoch  13/100 | Steps:  13000 | α=1e-02 | Loss: 8.7479e-05 | BC: 1.6628e-05 | PDE: 7.0851e-03 | Val: 2.4874e-05 | Test: 2.2507e-04 | LR=9.7e-04
Epoch  14/100 | Steps:  14000 | α=1e-02 | Loss: 8.7129e-05 | BC: 1.7894e-05 | PDE: 6.9235e-03 | Val: 3.7352e-05 | Test: 2.5064e-04 | LR=9.6e-04
Epoch  15/100 | Steps:  15000 | α=1e-02 | Loss: 1.0429e-04 | BC: 2.2795e-05 | PDE: 8.1494e-03 | Val: 1.0267e-05 | Test: 2.2862e-04 | LR=9.5e-04
Epoch  16/100 | Steps:  16000 | α=1e-02 | Loss: 7.5323e-05 | BC: 1.4027e-05 | PDE: 6.1296e-03 | Val: 7.4686e-06 | Test: 2.2458e-04 | LR=9.5e-04
Epoch  17/100 | Steps:  17000 | α=1e-02 | Loss: 9.6564e-05 | BC: 1.9453e-05 | PDE: 7.7111e-03 | Val: 6.3623e-06 | Test: 2.3218e-04 | LR=9.4e-04
Epoch  18/100 | Steps:  18000 | α=1e-02 | Loss: 7.7365e-05 | BC: 1.5876e-05 | PDE: 6.1489e-03 | Val: 6.1565e-05 | Test: 2.9108e-04 | LR=9.3e-04
Epoch  19/100 | Steps:  19000 | α=1e-02 | Loss: 8.3404e-05 | BC: 1.7657e-05 | PDE: 6.5747e-03 | Val: 8.8421e-06 | Test: 2.2916e-04 | LR=9.2e-04
Epoch  20/100 | Steps:  20000 | α=1e-02 | Loss: 7.9264e-05 | BC: 1.5759e-05 | PDE: 6.3505e-03 | Val: 5.7787e-06 | Test: 2.2079e-04 | LR=9.1e-04
Epoch  21/100 | Steps:  21000 | α=1e-02 | Loss: 7.6044e-05 | BC: 1.6005e-05 | PDE: 6.0039e-03 | Val: 6.8238e-06 | Test: 2.3952e-04 | LR=9.1e-04
Epoch  22/100 | Steps:  22000 | α=1e-02 | Loss: 8.0545e-05 | BC: 1.7152e-05 | PDE: 6.3393e-03 | Val: 5.4648e-06 | Test: 2.2521e-04 | LR=9.0e-04
Epoch  23/100 | Steps:  23000 | α=1e-02 | Loss: 8.1432e-05 | BC: 1.6627e-05 | PDE: 6.4805e-03 | Val: 1.9736e-05 | Test: 2.7448e-04 | LR=8.9e-04
Epoch  24/100 | Steps:  24000 | α=1e-02 | Loss: 7.1869e-05 | BC: 1.5602e-05 | PDE: 5.6267e-03 | Val: 5.4242e-06 | Test: 2.3134e-04 | LR=8.8e-04
Epoch  25/100 | Steps:  25000 | α=1e-02 | Loss: 7.0773e-05 | BC: 1.5019e-05 | PDE: 5.5754e-03 | Val: 5.5648e-06 | Test: 2.2665e-04 | LR=8.7e-04
Epoch  26/100 | Steps:  26000 | α=1e-02 | Loss: 7.0992e-05 | BC: 1.4699e-05 | PDE: 5.6293e-03 | Val: 1.1676e-05 | Test: 2.2027e-04 | LR=8.6e-04
Epoch  27/100 | Steps:  27000 | α=1e-02 | Loss: 6.5349e-05 | BC: 1.4627e-05 | PDE: 5.0722e-03 | Val: 1.8980e-05 | Test: 2.5304e-04 | LR=8.4e-04
Epoch  28/100 | Steps:  28000 | α=1e-02 | Loss: 6.4580e-05 | BC: 1.3039e-05 | PDE: 5.1541e-03 | Val: 7.6378e-06 | Test: 2.3166e-04 | LR=8.3e-04
Epoch  29/100 | Steps:  29000 | α=1e-02 | Loss: 6.6107e-05 | BC: 1.3972e-05 | PDE: 5.2134e-03 | Val: 1.4906e-05 | Test: 2.3595e-04 | LR=8.2e-04
Epoch  30/100 | Steps:  30000 | α=1e-02 | Loss: 6.3788e-05 | BC: 1.2862e-05 | PDE: 5.0926e-03 | Val: 2.1260e-05 | Test: 2.4439e-04 | LR=8.1e-04
Epoch  31/100 | Steps:  31000 | α=1e-02 | Loss: 6.0873e-05 | BC: 1.3384e-05 | PDE: 4.7489e-03 | Val: 1.0292e-05 | Test: 2.2307e-04 | LR=8.0e-04
Epoch  32/100 | Steps:  32000 | α=1e-02 | Loss: 7.0052e-05 | BC: 1.3740e-05 | PDE: 5.6312e-03 | Val: 9.3035e-06 | Test: 2.3499e-04 | LR=7.8e-04
Epoch  33/100 | Steps:  33000 | α=1e-02 | Loss: 4.6401e-05 | BC: 1.0552e-05 | PDE: 3.5849e-03 | Val: 7.6330e-05 | Test: 2.9708e-04 | LR=7.7e-04
Epoch  34/100 | Steps:  34000 | α=1e-02 | Loss: 5.2572e-05 | BC: 1.1366e-05 | PDE: 4.1205e-03 | Val: 1.8940e-05 | Test: 2.3104e-04 | LR=7.6e-04
Epoch  35/100 | Steps:  35000 | α=1e-02 | Loss: 5.1008e-05 | BC: 1.0304e-05 | PDE: 4.0704e-03 | Val: 5.9832e-05 | Test: 2.6577e-04 | LR=7.4e-04
Epoch  36/100 | Steps:  36000 | α=1e-02 | Loss: 5.8255e-05 | BC: 1.3482e-05 | PDE: 4.4773e-03 | Val: 3.2975e-06 | Test: 2.1658e-04 | LR=7.3e-04 *
Epoch  37/100 | Steps:  37000 | α=1e-02 | Loss: 4.3518e-05 | BC: 9.6407e-06 | PDE: 3.3877e-03 | Val: 5.6288e-06 | Test: 2.2867e-04 | LR=7.2e-04
Epoch  38/100 | Steps:  38000 | α=1e-02 | Loss: 4.6339e-05 | BC: 9.5844e-06 | PDE: 3.6754e-03 | Val: 8.4947e-05 | Test: 3.1400e-04 | LR=7.0e-04
Epoch  39/100 | Steps:  39000 | α=1e-02 | Loss: 4.5601e-05 | BC: 1.0813e-05 | PDE: 3.4788e-03 | Val: 1.1760e-05 | Test: 2.2174e-04 | LR=6.9e-04
Epoch  40/100 | Steps:  40000 | α=1e-02 | Loss: 4.0502e-05 | BC: 8.5672e-06 | PDE: 3.1935e-03 | Val: 3.9955e-06 | Test: 2.1525e-04 | LR=6.7e-04
Epoch  41/100 | Steps:  41000 | α=1e-02 | Loss: 4.2381e-05 | BC: 9.4021e-06 | PDE: 3.2979e-03 | Val: 2.2753e-05 | Test: 2.3564e-04 | LR=6.6e-04
Epoch  42/100 | Steps:  42000 | α=1e-02 | Loss: 3.6647e-05 | BC: 8.1839e-06 | PDE: 2.8463e-03 | Val: 2.5017e-05 | Test: 2.4696e-04 | LR=6.4e-04
Epoch  43/100 | Steps:  43000 | α=1e-02 | Loss: 4.2547e-05 | BC: 8.9552e-06 | PDE: 3.3592e-03 | Val: 3.8767e-06 | Test: 2.1628e-04 | LR=6.3e-04
Epoch  44/100 | Steps:  44000 | α=1e-02 | Loss: 3.1098e-05 | BC: 6.9465e-06 | PDE: 2.4151e-03 | Val: 9.3172e-06 | Test: 2.2629e-04 | LR=6.1e-04
Epoch  45/100 | Steps:  45000 | α=1e-02 | Loss: 3.5399e-05 | BC: 7.3730e-06 | PDE: 2.8026e-03 | Val: 2.8478e-06 | Test: 2.2355e-04 | LR=6.0e-04 *
Epoch  46/100 | Steps:  46000 | α=1e-02 | Loss: 3.2864e-05 | BC: 7.0805e-06 | PDE: 2.5783e-03 | Val: 5.8275e-06 | Test: 2.1865e-04 | LR=5.8e-04
Epoch  47/100 | Steps:  47000 | α=1e-02 | Loss: 3.0851e-05 | BC: 6.6472e-06 | PDE: 2.4204e-03 | Val: 6.4705e-06 | Test: 2.2611e-04 | LR=5.7e-04
Epoch  48/100 | Steps:  48000 | α=1e-02 | Loss: 3.0494e-05 | BC: 5.9395e-06 | PDE: 2.4555e-03 | Val: 9.3730e-06 | Test: 2.2868e-04 | LR=5.5e-04
Epoch  49/100 | Steps:  49000 | α=1e-02 | Loss: 2.8063e-05 | BC: 6.5067e-06 | PDE: 2.1557e-03 | Val: 5.6012e-06 | Test: 2.2453e-04 | LR=5.4e-04
Epoch  50/100 | Steps:  50000 | α=1e-02 | Loss: 2.7501e-05 | BC: 6.0324e-06 | PDE: 2.1468e-03 | Val: 4.6725e-06 | Test: 2.2057e-04 | LR=5.2e-04
Epoch  51/100 | Steps:  51000 | α=1e-02 | Loss: 2.5273e-05 | BC: 5.7260e-06 | PDE: 1.9547e-03 | Val: 8.6133e-06 | Test: 2.1865e-04 | LR=5.1e-04
Epoch  52/100 | Steps:  52000 | α=1e-02 | Loss: 2.5233e-05 | BC: 5.1829e-06 | PDE: 2.0051e-03 | Val: 3.8616e-06 | Test: 2.1620e-04 | LR=4.9e-04
Epoch  53/100 | Steps:  53000 | α=1e-02 | Loss: 2.2907e-05 | BC: 5.1904e-06 | PDE: 1.7717e-03 | Val: 1.6277e-05 | Test: 2.2522e-04 | LR=4.7e-04
Epoch  54/100 | Steps:  54000 | α=1e-02 | Loss: 2.2260e-05 | BC: 4.9399e-06 | PDE: 1.7320e-03 | Val: 8.4461e-06 | Test: 2.2123e-04 | LR=4.6e-04
Epoch  55/100 | Steps:  55000 | α=1e-02 | Loss: 1.9571e-05 | BC: 4.1093e-06 | PDE: 1.5462e-03 | Val: 5.1220e-06 | Test: 2.2293e-04 | LR=4.4e-04
Epoch  56/100 | Steps:  56000 | α=1e-02 | Loss: 2.0640e-05 | BC: 5.1147e-06 | PDE: 1.5526e-03 | Val: 2.9096e-06 | Test: 2.1528e-04 | LR=4.3e-04
Epoch  57/100 | Steps:  57000 | α=1e-02 | Loss: 1.7812e-05 | BC: 3.9025e-06 | PDE: 1.3909e-03 | Val: 1.9324e-06 | Test: 2.1531e-04 | LR=4.1e-04 *
Epoch  58/100 | Steps:  58000 | α=1e-02 | Loss: 1.8141e-05 | BC: 4.0172e-06 | PDE: 1.4124e-03 | Val: 6.7878e-06 | Test: 2.2266e-04 | LR=4.0e-04
Epoch  59/100 | Steps:  59000 | α=1e-02 | Loss: 1.5706e-05 | BC: 3.3786e-06 | PDE: 1.2327e-03 | Val: 3.1219e-06 | Test: 2.1581e-04 | LR=3.8e-04
Epoch  60/100 | Steps:  60000 | α=1e-02 | Loss: 1.6495e-05 | BC: 3.6150e-06 | PDE: 1.2880e-03 | Val: 1.7959e-06 | Test: 2.1333e-04 | LR=3.7e-04 *
Epoch  61/100 | Steps:  61000 | α=1e-02 | Loss: 1.4396e-05 | BC: 3.2144e-06 | PDE: 1.1182e-03 | Val: 2.2814e-06 | Test: 2.1786e-04 | LR=3.5e-04
Epoch  62/100 | Steps:  62000 | α=1e-02 | Loss: 1.3114e-05 | BC: 3.1896e-06 | PDE: 9.9244e-04 | Val: 2.5959e-06 | Test: 2.1299e-04 | LR=3.4e-04

Both thresholds reached -- BC (val): 2.5959e-06 < 1.0000e-04, PDE: 9.9244e-04 < 1.0000e-03

Restored best model from epoch 60 (val_loss: 1.7959e-06, test_loss: 2.1333e-04)
Best checkpoint saved to: outputs/expr_6_3_iter/p2to20_square/fix_alpha_band1_1e-2/checkpoints/best_model.pt
Final checkpoint saved to: outputs/expr_6_3_iter/p2to20_square/fix_alpha_band1_1e-2/checkpoints/final_model.pt
Training completed in 526.63s (62,000 total steps)
  Stage 6 (p=7) PDE diagnostics:
    p-Lap (p=7) raw:        2.4941e+00
    p-Lap (p=7) normalized: 8.1721e-03
    Inf-Lap raw:              3.0687e-01
    Inf-Lap normalized:       1.5367e-01

============================================================
Stage 7/11: Training with p=8
============================================================

Training configuration:
  Boundary points (train): 32,000 -> 80 batches of 400
  Interior points (train): 1,000,000 -> 1000 batches of 1000
  Interior sampling: RE-SAMPLE each epoch
  Boundary points (val): 8,000
  Validation loss: BC only
  Steps per epoch: 1,000
  Total steps: 100,000
  Epochs: 100
  Loss balancing: FixedAlphaSchedule
  LR scheduler: cosine (LR: 1.0e-03 -> 1.0e-05)

Epoch   1/100 | Steps:   1000 | α=1e-02 | Loss: 1.9408e-04 | BC: 3.8852e-05 | PDE: 1.5523e-02 | Val: 2.0114e-05 | Test: 1.7825e-04 | LR=1.0e-03 *
Epoch   2/100 | Steps:   2000 | α=1e-02 | Loss: 1.0721e-04 | BC: 1.5233e-05 | PDE: 9.1976e-03 | Val: 5.0741e-06 | Test: 1.7127e-04 | LR=1.0e-03 *
Epoch   3/100 | Steps:   3000 | α=1e-02 | Loss: 1.0961e-04 | BC: 1.6576e-05 | PDE: 9.3036e-03 | Val: 1.4197e-05 | Test: 1.7496e-04 | LR=1.0e-03
Epoch   4/100 | Steps:   4000 | α=1e-02 | Loss: 1.2457e-04 | BC: 1.9598e-05 | PDE: 1.0497e-02 | Val: 9.2569e-05 | Test: 2.3422e-04 | LR=1.0e-03
Epoch   5/100 | Steps:   5000 | α=1e-02 | Loss: 1.0441e-04 | BC: 1.6658e-05 | PDE: 8.7755e-03 | Val: 1.1582e-05 | Test: 1.7404e-04 | LR=1.0e-03
Epoch   6/100 | Steps:   6000 | α=1e-02 | Loss: 1.1353e-04 | BC: 1.7529e-05 | PDE: 9.5997e-03 | Val: 1.5234e-05 | Test: 1.9224e-04 | LR=9.9e-04
Epoch   7/100 | Steps:   7000 | α=1e-02 | Loss: 1.0633e-04 | BC: 1.9261e-05 | PDE: 8.7068e-03 | Val: 1.3183e-05 | Test: 1.7437e-04 | LR=9.9e-04
Epoch   8/100 | Steps:   8000 | α=1e-02 | Loss: 1.0458e-04 | BC: 1.6208e-05 | PDE: 8.8370e-03 | Val: 5.0397e-06 | Test: 1.6971e-04 | LR=9.9e-04 *
Epoch   9/100 | Steps:   9000 | α=1e-02 | Loss: 1.1809e-04 | BC: 1.9354e-05 | PDE: 9.8733e-03 | Val: 1.4717e-05 | Test: 1.7634e-04 | LR=9.8e-04
Epoch  10/100 | Steps:  10000 | α=1e-02 | Loss: 1.1620e-04 | BC: 2.1342e-05 | PDE: 9.4856e-03 | Val: 4.9914e-06 | Test: 1.7204e-04 | LR=9.8e-04 *
Epoch  11/100 | Steps:  11000 | α=1e-02 | Loss: 9.8002e-05 | BC: 1.6431e-05 | PDE: 8.1571e-03 | Val: 5.0225e-05 | Test: 2.1358e-04 | LR=9.8e-04
Epoch  12/100 | Steps:  12000 | α=1e-02 | Loss: 1.1126e-04 | BC: 2.0362e-05 | PDE: 9.0902e-03 | Val: 8.1530e-06 | Test: 1.8180e-04 | LR=9.7e-04
Epoch  13/100 | Steps:  13000 | α=1e-02 | Loss: 1.0992e-04 | BC: 1.7967e-05 | PDE: 9.1953e-03 | Val: 1.4260e-05 | Test: 1.8030e-04 | LR=9.7e-04
Epoch  14/100 | Steps:  14000 | α=1e-02 | Loss: 8.8675e-05 | BC: 1.6678e-05 | PDE: 7.1997e-03 | Val: 3.6128e-05 | Test: 1.8494e-04 | LR=9.6e-04
Epoch  15/100 | Steps:  15000 | α=1e-02 | Loss: 1.0647e-04 | BC: 1.9685e-05 | PDE: 8.6782e-03 | Val: 6.9480e-06 | Test: 1.7042e-04 | LR=9.5e-04
Epoch  16/100 | Steps:  16000 | α=1e-02 | Loss: 1.0550e-04 | BC: 1.9938e-05 | PDE: 8.5565e-03 | Val: 6.4937e-06 | Test: 1.7609e-04 | LR=9.5e-04
Epoch  17/100 | Steps:  17000 | α=1e-02 | Loss: 7.8146e-05 | BC: 1.3428e-05 | PDE: 6.4718e-03 | Val: 1.6495e-05 | Test: 1.7350e-04 | LR=9.4e-04
Epoch  18/100 | Steps:  18000 | α=1e-02 | Loss: 9.2496e-05 | BC: 1.6713e-05 | PDE: 7.5783e-03 | Val: 1.0278e-05 | Test: 1.8778e-04 | LR=9.3e-04
Epoch  19/100 | Steps:  19000 | α=1e-02 | Loss: 9.3561e-05 | BC: 1.6879e-05 | PDE: 7.6682e-03 | Val: 2.0337e-05 | Test: 1.8465e-04 | LR=9.2e-04
Epoch  20/100 | Steps:  20000 | α=1e-02 | Loss: 8.6338e-05 | BC: 1.6388e-05 | PDE: 6.9950e-03 | Val: 1.6061e-05 | Test: 1.8087e-04 | LR=9.1e-04
Epoch  21/100 | Steps:  21000 | α=1e-02 | Loss: 8.4089e-05 | BC: 1.5365e-05 | PDE: 6.8724e-03 | Val: 1.9541e-05 | Test: 1.6894e-04 | LR=9.1e-04
Epoch  22/100 | Steps:  22000 | α=1e-02 | Loss: 8.3757e-05 | BC: 1.5817e-05 | PDE: 6.7939e-03 | Val: 1.4116e-05 | Test: 1.7513e-04 | LR=9.0e-04
Epoch  23/100 | Steps:  23000 | α=1e-02 | Loss: 8.7693e-05 | BC: 1.6765e-05 | PDE: 7.0929e-03 | Val: 7.9624e-06 | Test: 1.7117e-04 | LR=8.9e-04
Epoch  24/100 | Steps:  24000 | α=1e-02 | Loss: 8.1751e-05 | BC: 1.4247e-05 | PDE: 6.7503e-03 | Val: 1.2194e-05 | Test: 1.8839e-04 | LR=8.8e-04
Epoch  25/100 | Steps:  25000 | α=1e-02 | Loss: 9.4549e-05 | BC: 1.6229e-05 | PDE: 7.8320e-03 | Val: 1.1977e-05 | Test: 1.7771e-04 | LR=8.7e-04
Epoch  26/100 | Steps:  26000 | α=1e-02 | Loss: 6.0694e-05 | BC: 1.1853e-05 | PDE: 4.8841e-03 | Val: 1.1390e-04 | Test: 2.5881e-04 | LR=8.6e-04
Epoch  27/100 | Steps:  27000 | α=1e-02 | Loss: 7.9480e-05 | BC: 1.5877e-05 | PDE: 6.3604e-03 | Val: 2.7852e-05 | Test: 2.0141e-04 | LR=8.4e-04
Epoch  28/100 | Steps:  28000 | α=1e-02 | Loss: 6.7110e-05 | BC: 1.2646e-05 | PDE: 5.4464e-03 | Val: 5.0068e-06 | Test: 1.7586e-04 | LR=8.3e-04
Epoch  29/100 | Steps:  29000 | α=1e-02 | Loss: 7.4549e-05 | BC: 1.3102e-05 | PDE: 6.1448e-03 | Val: 1.0963e-05 | Test: 1.8244e-04 | LR=8.2e-04
Epoch  30/100 | Steps:  30000 | α=1e-02 | Loss: 6.3398e-05 | BC: 1.2956e-05 | PDE: 5.0442e-03 | Val: 9.5767e-06 | Test: 1.8355e-04 | LR=8.1e-04
Epoch  31/100 | Steps:  31000 | α=1e-02 | Loss: 6.7690e-05 | BC: 1.2628e-05 | PDE: 5.5062e-03 | Val: 3.0359e-05 | Test: 1.9463e-04 | LR=8.0e-04
Epoch  32/100 | Steps:  32000 | α=1e-02 | Loss: 6.1374e-05 | BC: 1.1502e-05 | PDE: 4.9872e-03 | Val: 9.5625e-06 | Test: 1.7649e-04 | LR=7.8e-04
Epoch  33/100 | Steps:  33000 | α=1e-02 | Loss: 6.5675e-05 | BC: 1.2748e-05 | PDE: 5.2927e-03 | Val: 4.6073e-06 | Test: 1.7395e-04 | LR=7.7e-04 *
Epoch  34/100 | Steps:  34000 | α=1e-02 | Loss: 8.4402e-05 | BC: 1.3160e-05 | PDE: 7.1242e-03 | Val: 1.8352e-05 | Test: 1.8929e-04 | LR=7.6e-04
Epoch  35/100 | Steps:  35000 | α=1e-02 | Loss: 3.6378e-05 | BC: 8.5847e-06 | PDE: 2.7793e-03 | Val: 1.0555e-05 | Test: 1.7273e-04 | LR=7.4e-04
Epoch  36/100 | Steps:  36000 | α=1e-02 | Loss: 5.3703e-05 | BC: 1.0866e-05 | PDE: 4.2837e-03 | Val: 1.6210e-05 | Test: 1.8374e-04 | LR=7.3e-04
Epoch  37/100 | Steps:  37000 | α=1e-02 | Loss: 5.1160e-05 | BC: 9.4845e-06 | PDE: 4.1675e-03 | Val: 1.6455e-05 | Test: 1.8688e-04 | LR=7.2e-04
Epoch  38/100 | Steps:  38000 | α=1e-02 | Loss: 5.6745e-05 | BC: 1.0156e-05 | PDE: 4.6589e-03 | Val: 1.5606e-05 | Test: 1.7821e-04 | LR=7.0e-04
Epoch  39/100 | Steps:  39000 | α=1e-02 | Loss: 4.7019e-05 | BC: 9.2578e-06 | PDE: 3.7761e-03 | Val: 5.3742e-06 | Test: 1.6836e-04 | LR=6.9e-04
Epoch  40/100 | Steps:  40000 | α=1e-02 | Loss: 5.0667e-05 | BC: 8.4027e-06 | PDE: 4.2265e-03 | Val: 4.2398e-06 | Test: 1.6776e-04 | LR=6.7e-04 *
Epoch  41/100 | Steps:  41000 | α=1e-02 | Loss: 4.2486e-05 | BC: 8.4098e-06 | PDE: 3.4076e-03 | Val: 1.8738e-05 | Test: 1.7437e-04 | LR=6.6e-04
Epoch  42/100 | Steps:  42000 | α=1e-02 | Loss: 4.1796e-05 | BC: 7.7467e-06 | PDE: 3.4049e-03 | Val: 2.9748e-06 | Test: 1.6511e-04 | LR=6.4e-04 *
Epoch  43/100 | Steps:  43000 | α=1e-02 | Loss: 4.0375e-05 | BC: 7.5549e-06 | PDE: 3.2820e-03 | Val: 1.8269e-05 | Test: 1.7415e-04 | LR=6.3e-04
Epoch  44/100 | Steps:  44000 | α=1e-02 | Loss: 4.4279e-05 | BC: 7.8542e-06 | PDE: 3.6425e-03 | Val: 3.5136e-06 | Test: 1.6685e-04 | LR=6.1e-04
Epoch  45/100 | Steps:  45000 | α=1e-02 | Loss: 3.3142e-05 | BC: 6.1615e-06 | PDE: 2.6980e-03 | Val: 1.3222e-05 | Test: 1.7592e-04 | LR=6.0e-04
Epoch  46/100 | Steps:  46000 | α=1e-02 | Loss: 4.5076e-05 | BC: 8.4013e-06 | PDE: 3.6674e-03 | Val: 4.7621e-06 | Test: 1.7087e-04 | LR=5.8e-04
Epoch  47/100 | Steps:  47000 | α=1e-02 | Loss: 2.6653e-05 | BC: 5.6442e-06 | PDE: 2.1009e-03 | Val: 2.9055e-06 | Test: 1.6375e-04 | LR=5.7e-04 *
Epoch  48/100 | Steps:  48000 | α=1e-02 | Loss: 3.2328e-05 | BC: 6.1453e-06 | PDE: 2.6183e-03 | Val: 6.0090e-06 | Test: 1.7649e-04 | LR=5.5e-04
Epoch  49/100 | Steps:  49000 | α=1e-02 | Loss: 2.8915e-05 | BC: 5.5551e-06 | PDE: 2.3359e-03 | Val: 2.8702e-06 | Test: 1.7154e-04 | LR=5.4e-04 *
Epoch  50/100 | Steps:  50000 | α=1e-02 | Loss: 3.0417e-05 | BC: 5.7856e-06 | PDE: 2.4631e-03 | Val: 5.3505e-06 | Test: 1.6916e-04 | LR=5.2e-04
Epoch  51/100 | Steps:  51000 | α=1e-02 | Loss: 2.9231e-05 | BC: 5.3108e-06 | PDE: 2.3921e-03 | Val: 5.6731e-06 | Test: 1.6141e-04 | LR=5.1e-04
Epoch  52/100 | Steps:  52000 | α=1e-02 | Loss: 2.5383e-05 | BC: 4.9918e-06 | PDE: 2.0391e-03 | Val: 3.8859e-06 | Test: 1.6989e-04 | LR=4.9e-04
Epoch  53/100 | Steps:  53000 | α=1e-02 | Loss: 2.5742e-05 | BC: 5.2237e-06 | PDE: 2.0518e-03 | Val: 3.7384e-06 | Test: 1.6576e-04 | LR=4.7e-04
Epoch  54/100 | Steps:  54000 | α=1e-02 | Loss: 2.4153e-05 | BC: 4.6468e-06 | PDE: 1.9506e-03 | Val: 3.7814e-06 | Test: 1.6034e-04 | LR=4.6e-04
Epoch  55/100 | Steps:  55000 | α=1e-02 | Loss: 2.2857e-05 | BC: 4.3731e-06 | PDE: 1.8484e-03 | Val: 4.0831e-06 | Test: 1.7025e-04 | LR=4.4e-04
Epoch  56/100 | Steps:  56000 | α=1e-02 | Loss: 2.1740e-05 | BC: 4.2067e-06 | PDE: 1.7533e-03 | Val: 3.3416e-06 | Test: 1.6600e-04 | LR=4.3e-04
Epoch  57/100 | Steps:  57000 | α=1e-02 | Loss: 1.9584e-05 | BC: 4.0583e-06 | PDE: 1.5526e-03 | Val: 5.0146e-06 | Test: 1.6145e-04 | LR=4.1e-04
Epoch  58/100 | Steps:  58000 | α=1e-02 | Loss: 1.9931e-05 | BC: 3.8724e-06 | PDE: 1.6059e-03 | Val: 2.8845e-06 | Test: 1.6334e-04 | LR=4.0e-04
Epoch  59/100 | Steps:  59000 | α=1e-02 | Loss: 1.8092e-05 | BC: 3.5854e-06 | PDE: 1.4507e-03 | Val: 4.0180e-06 | Test: 1.6398e-04 | LR=3.8e-04
Epoch  60/100 | Steps:  60000 | α=1e-02 | Loss: 1.7256e-05 | BC: 3.5255e-06 | PDE: 1.3730e-03 | Val: 4.0032e-06 | Test: 1.6208e-04 | LR=3.7e-04
Epoch  61/100 | Steps:  61000 | α=1e-02 | Loss: 1.5577e-05 | BC: 3.0078e-06 | PDE: 1.2569e-03 | Val: 3.4839e-06 | Test: 1.6202e-04 | LR=3.5e-04
Epoch  62/100 | Steps:  62000 | α=1e-02 | Loss: 1.4699e-05 | BC: 3.1249e-06 | PDE: 1.1574e-03 | Val: 3.1186e-06 | Test: 1.6100e-04 | LR=3.4e-04
Epoch  63/100 | Steps:  63000 | α=1e-02 | Loss: 1.2870e-05 | BC: 2.8729e-06 | PDE: 9.9969e-04 | Val: 2.3797e-06 | Test: 1.6689e-04 | LR=3.2e-04 *

Both thresholds reached -- BC (val): 2.3797e-06 < 1.0000e-04, PDE: 9.9969e-04 < 1.0000e-03

Restored best model from epoch 63 (val_loss: 2.3797e-06, test_loss: 1.6689e-04)
Best checkpoint saved to: outputs/expr_6_3_iter/p2to20_square/fix_alpha_band1_1e-2/checkpoints/best_model.pt
Final checkpoint saved to: outputs/expr_6_3_iter/p2to20_square/fix_alpha_band1_1e-2/checkpoints/final_model.pt
Training completed in 559.49s (63,000 total steps)
  Stage 7 (p=8) PDE diagnostics:
    p-Lap (p=8) raw:        3.8192e+00
    p-Lap (p=8) normalized: 8.5319e-03
    Inf-Lap raw:              2.2674e-01
    Inf-Lap normalized:       1.2609e-01

============================================================
Stage 8/11: Training with p=9
============================================================

Training configuration:
  Boundary points (train): 32,000 -> 80 batches of 400
  Interior points (train): 1,000,000 -> 1000 batches of 1000
  Interior sampling: RE-SAMPLE each epoch
  Boundary points (val): 8,000
  Validation loss: BC only
  Steps per epoch: 1,000
  Total steps: 100,000
  Epochs: 100
  Loss balancing: FixedAlphaSchedule
  LR scheduler: cosine (LR: 1.0e-03 -> 1.0e-05)

Epoch   1/100 | Steps:   1000 | α=1e-02 | Loss: 2.2175e-04 | BC: 4.3210e-05 | PDE: 1.7854e-02 | Val: 4.0347e-05 | Test: 1.5521e-04 | LR=1.0e-03 *
Epoch   2/100 | Steps:   2000 | α=1e-02 | Loss: 1.1248e-04 | BC: 1.5245e-05 | PDE: 9.7230e-03 | Val: 3.7806e-05 | Test: 1.7651e-04 | LR=1.0e-03 *
Epoch   3/100 | Steps:   3000 | α=1e-02 | Loss: 1.2593e-04 | BC: 1.7478e-05 | PDE: 1.0845e-02 | Val: 6.4870e-05 | Test: 1.9385e-04 | LR=1.0e-03
Epoch   4/100 | Steps:   4000 | α=1e-02 | Loss: 1.2830e-04 | BC: 1.7996e-05 | PDE: 1.1031e-02 | Val: 7.5213e-06 | Test: 1.4340e-04 | LR=1.0e-03 *
Epoch   5/100 | Steps:   5000 | α=1e-02 | Loss: 1.1795e-04 | BC: 1.6752e-05 | PDE: 1.0120e-02 | Val: 7.1921e-05 | Test: 2.1153e-04 | LR=1.0e-03
Epoch   6/100 | Steps:   6000 | α=1e-02 | Loss: 1.2192e-04 | BC: 1.7978e-05 | PDE: 1.0395e-02 | Val: 1.2589e-05 | Test: 1.4420e-04 | LR=9.9e-04
Epoch   7/100 | Steps:   7000 | α=1e-02 | Loss: 1.6227e-04 | BC: 2.6339e-05 | PDE: 1.3593e-02 | Val: 6.5441e-06 | Test: 1.3591e-04 | LR=9.9e-04 *
Epoch   8/100 | Steps:   8000 | α=1e-02 | Loss: 8.9098e-05 | BC: 1.4321e-05 | PDE: 7.4777e-03 | Val: 5.5015e-06 | Test: 1.4172e-04 | LR=9.9e-04 *
Epoch   9/100 | Steps:   9000 | α=1e-02 | Loss: 1.1993e-04 | BC: 1.7284e-05 | PDE: 1.0265e-02 | Val: 2.2812e-05 | Test: 1.3601e-04 | LR=9.8e-04
Epoch  10/100 | Steps:  10000 | α=1e-02 | Loss: 1.1419e-04 | BC: 1.8536e-05 | PDE: 9.5655e-03 | Val: 5.7852e-06 | Test: 1.4188e-04 | LR=9.8e-04
Epoch  11/100 | Steps:  11000 | α=1e-02 | Loss: 1.1915e-04 | BC: 1.8294e-05 | PDE: 1.0086e-02 | Val: 1.2059e-05 | Test: 1.4348e-04 | LR=9.8e-04
Epoch  12/100 | Steps:  12000 | α=1e-02 | Loss: 1.0552e-04 | BC: 1.5894e-05 | PDE: 8.9622e-03 | Val: 5.0355e-05 | Test: 1.7923e-04 | LR=9.7e-04
Epoch  13/100 | Steps:  13000 | α=1e-02 | Loss: 1.1376e-04 | BC: 1.8302e-05 | PDE: 9.5457e-03 | Val: 6.5909e-06 | Test: 1.4148e-04 | LR=9.7e-04
Epoch  14/100 | Steps:  14000 | α=1e-02 | Loss: 1.0588e-04 | BC: 1.7504e-05 | PDE: 8.8375e-03 | Val: 6.9248e-06 | Test: 1.4114e-04 | LR=9.6e-04
Epoch  15/100 | Steps:  15000 | α=1e-02 | Loss: 1.1144e-04 | BC: 1.7261e-05 | PDE: 9.4177e-03 | Val: 1.0308e-05 | Test: 1.3861e-04 | LR=9.5e-04
Epoch  16/100 | Steps:  16000 | α=1e-02 | Loss: 1.2912e-04 | BC: 2.0331e-05 | PDE: 1.0879e-02 | Val: 7.8419e-06 | Test: 1.3915e-04 | LR=9.5e-04
Epoch  17/100 | Steps:  17000 | α=1e-02 | Loss: 1.0623e-04 | BC: 1.5887e-05 | PDE: 9.0341e-03 | Val: 3.5952e-05 | Test: 1.6544e-04 | LR=9.4e-04
Epoch  18/100 | Steps:  18000 | α=1e-02 | Loss: 9.8189e-05 | BC: 1.7918e-05 | PDE: 8.0271e-03 | Val: 3.7436e-05 | Test: 1.8018e-04 | LR=9.3e-04
Epoch  19/100 | Steps:  19000 | α=1e-02 | Loss: 9.4003e-05 | BC: 1.5186e-05 | PDE: 7.8817e-03 | Val: 6.5259e-06 | Test: 1.3532e-04 | LR=9.2e-04
Epoch  20/100 | Steps:  20000 | α=1e-02 | Loss: 1.0352e-04 | BC: 1.6514e-05 | PDE: 8.7002e-03 | Val: 3.4799e-05 | Test: 1.5583e-04 | LR=9.1e-04
Epoch  21/100 | Steps:  21000 | α=1e-02 | Loss: 9.3685e-05 | BC: 1.5721e-05 | PDE: 7.7964e-03 | Val: 5.1185e-06 | Test: 1.3342e-04 | LR=9.1e-04 *
Epoch  22/100 | Steps:  22000 | α=1e-02 | Loss: 1.0104e-04 | BC: 1.6936e-05 | PDE: 8.4104e-03 | Val: 1.6909e-05 | Test: 1.4699e-04 | LR=9.0e-04
Epoch  23/100 | Steps:  23000 | α=1e-02 | Loss: 1.1805e-04 | BC: 2.0562e-05 | PDE: 9.7485e-03 | Val: 5.4146e-06 | Test: 1.3873e-04 | LR=8.9e-04
Epoch  24/100 | Steps:  24000 | α=1e-02 | Loss: 7.6776e-05 | BC: 1.3142e-05 | PDE: 6.3634e-03 | Val: 7.0191e-06 | Test: 1.3791e-04 | LR=8.8e-04
Epoch  25/100 | Steps:  25000 | α=1e-02 | Loss: 8.5913e-05 | BC: 1.2727e-05 | PDE: 7.3187e-03 | Val: 5.3865e-06 | Test: 1.3978e-04 | LR=8.7e-04
Epoch  26/100 | Steps:  26000 | α=1e-02 | Loss: 7.7736e-05 | BC: 1.2801e-05 | PDE: 6.4935e-03 | Val: 8.7817e-06 | Test: 1.3636e-04 | LR=8.6e-04
Epoch  27/100 | Steps:  27000 | α=1e-02 | Loss: 9.0282e-05 | BC: 1.5274e-05 | PDE: 7.5008e-03 | Val: 6.5543e-06 | Test: 1.3602e-04 | LR=8.4e-04
Epoch  28/100 | Steps:  28000 | α=1e-02 | Loss: 8.0099e-05 | BC: 1.3183e-05 | PDE: 6.6916e-03 | Val: 3.5102e-05 | Test: 1.6828e-04 | LR=8.3e-04
Epoch  29/100 | Steps:  29000 | α=1e-02 | Loss: 7.8063e-05 | BC: 1.2984e-05 | PDE: 6.5079e-03 | Val: 6.3200e-06 | Test: 1.3254e-04 | LR=8.2e-04
Epoch  30/100 | Steps:  30000 | α=1e-02 | Loss: 8.1851e-05 | BC: 1.2663e-05 | PDE: 6.9188e-03 | Val: 1.5595e-05 | Test: 1.5898e-04 | LR=8.1e-04
Epoch  31/100 | Steps:  31000 | α=1e-02 | Loss: 7.3199e-05 | BC: 1.2447e-05 | PDE: 6.0753e-03 | Val: 6.2378e-06 | Test: 1.3724e-04 | LR=8.0e-04
Epoch  32/100 | Steps:  32000 | α=1e-02 | Loss: 7.0506e-05 | BC: 1.1431e-05 | PDE: 5.9076e-03 | Val: 1.4126e-05 | Test: 1.4244e-04 | LR=7.8e-04
Epoch  33/100 | Steps:  33000 | α=1e-02 | Loss: 6.5436e-05 | BC: 1.1503e-05 | PDE: 5.3933e-03 | Val: 1.7940e-05 | Test: 1.4514e-04 | LR=7.7e-04
Epoch  34/100 | Steps:  34000 | α=1e-02 | Loss: 6.4499e-05 | BC: 1.0358e-05 | PDE: 5.4141e-03 | Val: 8.5976e-06 | Test: 1.3629e-04 | LR=7.6e-04
Epoch  35/100 | Steps:  35000 | α=1e-02 | Loss: 7.5891e-05 | BC: 1.3130e-05 | PDE: 6.2761e-03 | Val: 1.2779e-05 | Test: 1.4472e-04 | LR=7.4e-04
Epoch  36/100 | Steps:  36000 | α=1e-02 | Loss: 5.9063e-05 | BC: 9.7783e-06 | PDE: 4.9285e-03 | Val: 4.3991e-06 | Test: 1.3213e-04 | LR=7.3e-04 *
Epoch  37/100 | Steps:  37000 | α=1e-02 | Loss: 6.5602e-05 | BC: 1.0752e-05 | PDE: 5.4850e-03 | Val: 1.4618e-05 | Test: 1.4412e-04 | LR=7.2e-04
Epoch  38/100 | Steps:  38000 | α=1e-02 | Loss: 5.1230e-05 | BC: 8.7677e-06 | PDE: 4.2462e-03 | Val: 9.8706e-06 | Test: 1.3810e-04 | LR=7.0e-04
Epoch  39/100 | Steps:  39000 | α=1e-02 | Loss: 5.6595e-05 | BC: 9.3690e-06 | PDE: 4.7226e-03 | Val: 1.1823e-05 | Test: 1.4027e-04 | LR=6.9e-04
Epoch  40/100 | Steps:  40000 | α=1e-02 | Loss: 5.4607e-05 | BC: 9.0906e-06 | PDE: 4.5516e-03 | Val: 5.9454e-06 | Test: 1.3693e-04 | LR=6.7e-04
Epoch  41/100 | Steps:  41000 | α=1e-02 | Loss: 5.2218e-05 | BC: 8.7462e-06 | PDE: 4.3472e-03 | Val: 3.5455e-06 | Test: 1.2869e-04 | LR=6.6e-04 *
Epoch  42/100 | Steps:  42000 | α=1e-02 | Loss: 4.5447e-05 | BC: 7.7387e-06 | PDE: 3.7708e-03 | Val: 7.6911e-06 | Test: 1.3505e-04 | LR=6.4e-04
Epoch  43/100 | Steps:  43000 | α=1e-02 | Loss: 4.6423e-05 | BC: 7.8784e-06 | PDE: 3.8545e-03 | Val: 3.0754e-06 | Test: 1.3245e-04 | LR=6.3e-04 *
Epoch  44/100 | Steps:  44000 | α=1e-02 | Loss: 4.1635e-05 | BC: 7.0872e-06 | PDE: 3.4548e-03 | Val: 1.0671e-05 | Test: 1.4738e-04 | LR=6.1e-04
Epoch  45/100 | Steps:  45000 | α=1e-02 | Loss: 4.4348e-05 | BC: 7.5932e-06 | PDE: 3.6755e-03 | Val: 6.6522e-06 | Test: 1.3472e-04 | LR=6.0e-04
Epoch  46/100 | Steps:  46000 | α=1e-02 | Loss: 4.0226e-05 | BC: 6.3245e-06 | PDE: 3.3901e-03 | Val: 1.1691e-05 | Test: 1.2975e-04 | LR=5.8e-04
Epoch  47/100 | Steps:  47000 | α=1e-02 | Loss: 4.1275e-05 | BC: 7.0689e-06 | PDE: 3.4206e-03 | Val: 1.1773e-05 | Test: 1.4384e-04 | LR=5.7e-04
Epoch  48/100 | Steps:  48000 | α=1e-02 | Loss: 3.5051e-05 | BC: 6.0378e-06 | PDE: 2.9013e-03 | Val: 5.6759e-06 | Test: 1.3347e-04 | LR=5.5e-04
Epoch  49/100 | Steps:  49000 | α=1e-02 | Loss: 3.3679e-05 | BC: 5.8616e-06 | PDE: 2.7817e-03 | Val: 3.2426e-06 | Test: 1.3446e-04 | LR=5.4e-04
Epoch  50/100 | Steps:  50000 | α=1e-02 | Loss: 3.2403e-05 | BC: 5.5672e-06 | PDE: 2.6836e-03 | Val: 7.3518e-06 | Test: 1.3677e-04 | LR=5.2e-04
Epoch  51/100 | Steps:  51000 | α=1e-02 | Loss: 3.0023e-05 | BC: 5.3960e-06 | PDE: 2.4627e-03 | Val: 4.3175e-06 | Test: 1.2926e-04 | LR=5.1e-04
Epoch  52/100 | Steps:  52000 | α=1e-02 | Loss: 2.8845e-05 | BC: 4.9452e-06 | PDE: 2.3900e-03 | Val: 3.4179e-06 | Test: 1.2648e-04 | LR=4.9e-04
Epoch  53/100 | Steps:  53000 | α=1e-02 | Loss: 2.9979e-05 | BC: 5.0362e-06 | PDE: 2.4942e-03 | Val: 3.7927e-06 | Test: 1.3268e-04 | LR=4.7e-04
Epoch  54/100 | Steps:  54000 | α=1e-02 | Loss: 2.6629e-05 | BC: 4.6596e-06 | PDE: 2.1970e-03 | Val: 3.5661e-06 | Test: 1.3181e-04 | LR=4.6e-04
Epoch  55/100 | Steps:  55000 | α=1e-02 | Loss: 2.4969e-05 | BC: 4.3122e-06 | PDE: 2.0657e-03 | Val: 2.5708e-06 | Test: 1.3198e-04 | LR=4.4e-04 *
Epoch  56/100 | Steps:  56000 | α=1e-02 | Loss: 2.3662e-05 | BC: 4.3386e-06 | PDE: 1.9323e-03 | Val: 3.4836e-06 | Test: 1.2826e-04 | LR=4.3e-04
Epoch  57/100 | Steps:  57000 | α=1e-02 | Loss: 2.3801e-05 | BC: 4.1500e-06 | PDE: 1.9651e-03 | Val: 6.8571e-06 | Test: 1.3043e-04 | LR=4.1e-04
Epoch  58/100 | Steps:  58000 | α=1e-02 | Loss: 2.0571e-05 | BC: 3.9148e-06 | PDE: 1.6657e-03 | Val: 9.7259e-06 | Test: 1.3435e-04 | LR=4.0e-04
Epoch  59/100 | Steps:  59000 | α=1e-02 | Loss: 1.9310e-05 | BC: 3.5012e-06 | PDE: 1.5809e-03 | Val: 5.9371e-06 | Test: 1.3768e-04 | LR=3.8e-04
Epoch  60/100 | Steps:  60000 | α=1e-02 | Loss: 1.8063e-05 | BC: 3.3634e-06 | PDE: 1.4699e-03 | Val: 2.4328e-06 | Test: 1.2904e-04 | LR=3.7e-04 *
Epoch  61/100 | Steps:  61000 | α=1e-02 | Loss: 1.6341e-05 | BC: 3.2459e-06 | PDE: 1.3095e-03 | Val: 6.1154e-06 | Test: 1.2784e-04 | LR=3.5e-04
Epoch  62/100 | Steps:  62000 | α=1e-02 | Loss: 1.7303e-05 | BC: 3.2369e-06 | PDE: 1.4066e-03 | Val: 1.8622e-06 | Test: 1.2592e-04 | LR=3.4e-04 *
Epoch  63/100 | Steps:  63000 | α=1e-02 | Loss: 1.3600e-05 | BC: 2.8216e-06 | PDE: 1.0779e-03 | Val: 1.8846e-06 | Test: 1.2616e-04 | LR=3.2e-04
Epoch  64/100 | Steps:  64000 | α=1e-02 | Loss: 1.4628e-05 | BC: 2.8360e-06 | PDE: 1.1792e-03 | Val: 2.4253e-06 | Test: 1.2867e-04 | LR=3.1e-04
Epoch  65/100 | Steps:  65000 | α=1e-02 | Loss: 1.3660e-05 | BC: 2.7907e-06 | PDE: 1.0869e-03 | Val: 2.9798e-06 | Test: 1.2730e-04 | LR=2.9e-04
Epoch  66/100 | Steps:  66000 | α=1e-02 | Loss: 1.2693e-05 | BC: 2.6706e-06 | PDE: 1.0022e-03 | Val: 2.9294e-06 | Test: 1.2775e-04 | LR=2.8e-04
Epoch  67/100 | Steps:  67000 | α=1e-02 | Loss: 1.1168e-05 | BC: 2.2746e-06 | PDE: 8.8939e-04 | Val: 1.8535e-06 | Test: 1.2582e-04 | LR=2.7e-04 *

Both thresholds reached -- BC (val): 1.8535e-06 < 1.0000e-04, PDE: 8.8939e-04 < 1.0000e-03

Restored best model from epoch 67 (val_loss: 1.8535e-06, test_loss: 1.2582e-04)
Best checkpoint saved to: outputs/expr_6_3_iter/p2to20_square/fix_alpha_band1_1e-2/checkpoints/best_model.pt
Final checkpoint saved to: outputs/expr_6_3_iter/p2to20_square/fix_alpha_band1_1e-2/checkpoints/final_model.pt
Training completed in 545.30s (67,000 total steps)
  Stage 8 (p=9) PDE diagnostics:
    p-Lap (p=9) raw:        5.3845e+00
    p-Lap (p=9) normalized: 8.7288e-03
    Inf-Lap raw:              1.7584e-01
    Inf-Lap normalized:       1.0673e-01

============================================================
Stage 9/11: Training with p=10
============================================================

Training configuration:
  Boundary points (train): 32,000 -> 80 batches of 400
  Interior points (train): 1,000,000 -> 1000 batches of 1000
  Interior sampling: RE-SAMPLE each epoch
  Boundary points (val): 8,000
  Validation loss: BC only
  Steps per epoch: 1,000
  Total steps: 100,000
  Epochs: 100
  Loss balancing: FixedAlphaSchedule
  LR scheduler: cosine (LR: 1.0e-03 -> 1.0e-05)

Epoch   1/100 | Steps:   1000 | α=1e-02 | Loss: 2.4405e-04 | BC: 4.6134e-05 | PDE: 1.9792e-02 | Val: 1.8119e-05 | Test: 1.2238e-04 | LR=1.0e-03 *
Epoch   2/100 | Steps:   2000 | α=1e-02 | Loss: 1.2554e-04 | BC: 1.3900e-05 | PDE: 1.1164e-02 | Val: 2.5804e-05 | Test: 1.2829e-04 | LR=1.0e-03
Epoch   3/100 | Steps:   3000 | α=1e-02 | Loss: 1.5297e-04 | BC: 1.9308e-05 | PDE: 1.3366e-02 | Val: 5.5745e-06 | Test: 1.1147e-04 | LR=1.0e-03 *
Epoch   4/100 | Steps:   4000 | α=1e-02 | Loss: 1.4054e-04 | BC: 1.9993e-05 | PDE: 1.2055e-02 | Val: 6.8013e-06 | Test: 1.1174e-04 | LR=1.0e-03
Epoch   5/100 | Steps:   5000 | α=1e-02 | Loss: 1.3112e-04 | BC: 1.7039e-05 | PDE: 1.1408e-02 | Val: 3.6523e-05 | Test: 1.2979e-04 | LR=1.0e-03
Epoch   6/100 | Steps:   6000 | α=1e-02 | Loss: 1.3219e-04 | BC: 1.8279e-05 | PDE: 1.1391e-02 | Val: 3.3237e-05 | Test: 1.6134e-04 | LR=9.9e-04
Epoch   7/100 | Steps:   7000 | α=1e-02 | Loss: 1.3479e-04 | BC: 1.8547e-05 | PDE: 1.1624e-02 | Val: 1.5799e-05 | Test: 1.2317e-04 | LR=9.9e-04
Epoch   8/100 | Steps:   8000 | α=1e-02 | Loss: 1.4669e-04 | BC: 1.9114e-05 | PDE: 1.2758e-02 | Val: 6.8608e-06 | Test: 1.0234e-04 | LR=9.9e-04
Epoch   9/100 | Steps:   9000 | α=1e-02 | Loss: 1.1833e-04 | BC: 1.6768e-05 | PDE: 1.0156e-02 | Val: 7.3175e-06 | Test: 1.1070e-04 | LR=9.8e-04
Epoch  10/100 | Steps:  10000 | α=1e-02 | Loss: 1.5156e-04 | BC: 1.9648e-05 | PDE: 1.3192e-02 | Val: 1.6162e-05 | Test: 1.3042e-04 | LR=9.8e-04
Epoch  11/100 | Steps:  11000 | α=1e-02 | Loss: 1.1695e-04 | BC: 1.7800e-05 | PDE: 9.9155e-03 | Val: 1.1774e-05 | Test: 1.2765e-04 | LR=9.8e-04
Epoch  12/100 | Steps:  12000 | α=1e-02 | Loss: 1.2611e-04 | BC: 1.8378e-05 | PDE: 1.0773e-02 | Val: 7.6328e-06 | Test: 1.1325e-04 | LR=9.7e-04
Epoch  13/100 | Steps:  13000 | α=1e-02 | Loss: 1.2983e-04 | BC: 1.6880e-05 | PDE: 1.1294e-02 | Val: 2.2989e-05 | Test: 1.1425e-04 | LR=9.7e-04
Epoch  14/100 | Steps:  14000 | α=1e-02 | Loss: 1.1640e-04 | BC: 1.7896e-05 | PDE: 9.8508e-03 | Val: 1.4959e-05 | Test: 1.2587e-04 | LR=9.6e-04
Epoch  15/100 | Steps:  15000 | α=1e-02 | Loss: 1.1940e-04 | BC: 1.6506e-05 | PDE: 1.0290e-02 | Val: 2.5750e-05 | Test: 1.2768e-04 | LR=9.5e-04
Epoch  16/100 | Steps:  16000 | α=1e-02 | Loss: 1.2945e-04 | BC: 1.8693e-05 | PDE: 1.1076e-02 | Val: 1.6630e-05 | Test: 1.3360e-04 | LR=9.5e-04
Epoch  17/100 | Steps:  17000 | α=1e-02 | Loss: 1.2597e-04 | BC: 1.8324e-05 | PDE: 1.0765e-02 | Val: 9.1455e-06 | Test: 1.1496e-04 | LR=9.4e-04
Epoch  18/100 | Steps:  18000 | α=1e-02 | Loss: 1.1356e-04 | BC: 1.6972e-05 | PDE: 9.6588e-03 | Val: 2.2856e-05 | Test: 1.1758e-04 | LR=9.3e-04
Epoch  19/100 | Steps:  19000 | α=1e-02 | Loss: 1.0876e-04 | BC: 1.5466e-05 | PDE: 9.3294e-03 | Val: 1.1757e-05 | Test: 1.1083e-04 | LR=9.2e-04
Epoch  20/100 | Steps:  20000 | α=1e-02 | Loss: 1.1823e-04 | BC: 1.6538e-05 | PDE: 1.0169e-02 | Val: 9.7873e-06 | Test: 1.2304e-04 | LR=9.1e-04
Epoch  21/100 | Steps:  21000 | α=1e-02 | Loss: 1.1245e-04 | BC: 1.6917e-05 | PDE: 9.5537e-03 | Val: 6.0240e-05 | Test: 1.6691e-04 | LR=9.1e-04
Epoch  22/100 | Steps:  22000 | α=1e-02 | Loss: 9.7818e-05 | BC: 1.5608e-05 | PDE: 8.2210e-03 | Val: 7.4215e-06 | Test: 1.2336e-04 | LR=9.0e-04
Epoch  23/100 | Steps:  23000 | α=1e-02 | Loss: 1.0962e-04 | BC: 1.6827e-05 | PDE: 9.2791e-03 | Val: 1.1085e-05 | Test: 1.1619e-04 | LR=8.9e-04
Epoch  24/100 | Steps:  24000 | α=1e-02 | Loss: 1.0099e-04 | BC: 1.4561e-05 | PDE: 8.6432e-03 | Val: 2.4426e-05 | Test: 1.3303e-04 | LR=8.8e-04
Epoch  25/100 | Steps:  25000 | α=1e-02 | Loss: 9.2939e-05 | BC: 1.4488e-05 | PDE: 7.8450e-03 | Val: 1.3034e-05 | Test: 1.1977e-04 | LR=8.7e-04
Epoch  26/100 | Steps:  26000 | α=1e-02 | Loss: 9.9279e-05 | BC: 1.4460e-05 | PDE: 8.4819e-03 | Val: 9.3727e-06 | Test: 1.1999e-04 | LR=8.6e-04
Epoch  27/100 | Steps:  27000 | α=1e-02 | Loss: 9.0394e-05 | BC: 1.3395e-05 | PDE: 7.6999e-03 | Val: 4.7110e-06 | Test: 1.1166e-04 | LR=8.4e-04 *
Epoch  28/100 | Steps:  28000 | α=1e-02 | Loss: 1.0290e-04 | BC: 1.4996e-05 | PDE: 8.7902e-03 | Val: 1.2478e-05 | Test: 1.1300e-04 | LR=8.3e-04
Epoch  29/100 | Steps:  29000 | α=1e-02 | Loss: 7.3141e-05 | BC: 1.1469e-05 | PDE: 6.1672e-03 | Val: 8.9611e-06 | Test: 1.0927e-04 | LR=8.2e-04
Epoch  30/100 | Steps:  30000 | α=1e-02 | Loss: 9.3254e-05 | BC: 1.4364e-05 | PDE: 7.8890e-03 | Val: 4.0638e-05 | Test: 1.3451e-04 | LR=8.1e-04
Epoch  31/100 | Steps:  31000 | α=1e-02 | Loss: 8.2465e-05 | BC: 1.2359e-05 | PDE: 7.0106e-03 | Val: 1.6663e-05 | Test: 1.1452e-04 | LR=8.0e-04
Epoch  32/100 | Steps:  32000 | α=1e-02 | Loss: 7.6467e-05 | BC: 1.1521e-05 | PDE: 6.4946e-03 | Val: 5.7679e-06 | Test: 1.1665e-04 | LR=7.8e-04
Epoch  33/100 | Steps:  33000 | α=1e-02 | Loss: 8.2134e-05 | BC: 1.1827e-05 | PDE: 7.0307e-03 | Val: 2.1285e-05 | Test: 1.0892e-04 | LR=7.7e-04
Epoch  34/100 | Steps:  34000 | α=1e-02 | Loss: 6.7075e-05 | BC: 1.0655e-05 | PDE: 5.6420e-03 | Val: 3.8762e-06 | Test: 1.0757e-04 | LR=7.6e-04 *
Epoch  35/100 | Steps:  35000 | α=1e-02 | Loss: 7.5579e-05 | BC: 1.1493e-05 | PDE: 6.4087e-03 | Val: 5.0108e-06 | Test: 1.1210e-04 | LR=7.4e-04
Epoch  36/100 | Steps:  36000 | α=1e-02 | Loss: 7.8905e-05 | BC: 1.0753e-05 | PDE: 6.8152e-03 | Val: 7.1311e-06 | Test: 1.1476e-04 | LR=7.3e-04
Epoch  37/100 | Steps:  37000 | α=1e-02 | Loss: 5.7307e-05 | BC: 9.6286e-06 | PDE: 4.7678e-03 | Val: 3.9998e-06 | Test: 1.0630e-04 | LR=7.2e-04
Epoch  38/100 | Steps:  38000 | α=1e-02 | Loss: 6.1912e-05 | BC: 9.3887e-06 | PDE: 5.2523e-03 | Val: 8.5065e-06 | Test: 1.1451e-04 | LR=7.0e-04
Epoch  39/100 | Steps:  39000 | α=1e-02 | Loss: 6.9900e-05 | BC: 1.0971e-05 | PDE: 5.8929e-03 | Val: 5.6575e-06 | Test: 1.1058e-04 | LR=6.9e-04
Epoch  40/100 | Steps:  40000 | α=1e-02 | Loss: 6.3160e-05 | BC: 9.0864e-06 | PDE: 5.4073e-03 | Val: 1.1196e-05 | Test: 1.1498e-04 | LR=6.7e-04
Epoch  41/100 | Steps:  41000 | α=1e-02 | Loss: 4.8909e-05 | BC: 7.8271e-06 | PDE: 4.1082e-03 | Val: 1.2287e-05 | Test: 1.2443e-04 | LR=6.6e-04
Epoch  42/100 | Steps:  42000 | α=1e-02 | Loss: 5.4420e-05 | BC: 8.6917e-06 | PDE: 4.5728e-03 | Val: 8.2120e-06 | Test: 1.1452e-04 | LR=6.4e-04
Epoch  43/100 | Steps:  43000 | α=1e-02 | Loss: 5.3150e-05 | BC: 8.1957e-06 | PDE: 4.4955e-03 | Val: 4.2386e-06 | Test: 1.0529e-04 | LR=6.3e-04
Epoch  44/100 | Steps:  44000 | α=1e-02 | Loss: 4.9556e-05 | BC: 7.4977e-06 | PDE: 4.2059e-03 | Val: 1.3712e-05 | Test: 1.2706e-04 | LR=6.1e-04
Epoch  45/100 | Steps:  45000 | α=1e-02 | Loss: 4.8353e-05 | BC: 7.8719e-06 | PDE: 4.0481e-03 | Val: 6.4620e-06 | Test: 1.1357e-04 | LR=6.0e-04
Epoch  46/100 | Steps:  46000 | α=1e-02 | Loss: 4.5531e-05 | BC: 7.0488e-06 | PDE: 3.8483e-03 | Val: 3.7107e-06 | Test: 1.0328e-04 | LR=5.8e-04 *
Epoch  47/100 | Steps:  47000 | α=1e-02 | Loss: 4.4704e-05 | BC: 7.2256e-06 | PDE: 3.7479e-03 | Val: 1.4763e-05 | Test: 1.1243e-04 | LR=5.7e-04
Epoch  48/100 | Steps:  48000 | α=1e-02 | Loss: 3.9517e-05 | BC: 6.5492e-06 | PDE: 3.2968e-03 | Val: 5.4466e-06 | Test: 1.1050e-04 | LR=5.5e-04
Epoch  49/100 | Steps:  49000 | α=1e-02 | Loss: 3.7452e-05 | BC: 5.9836e-06 | PDE: 3.1468e-03 | Val: 2.6546e-06 | Test: 1.0268e-04 | LR=5.4e-04 *
Epoch  50/100 | Steps:  50000 | α=1e-02 | Loss: 3.6847e-05 | BC: 5.6774e-06 | PDE: 3.1169e-03 | Val: 1.2159e-05 | Test: 1.1659e-04 | LR=5.2e-04
Epoch  51/100 | Steps:  51000 | α=1e-02 | Loss: 3.8494e-05 | BC: 5.9927e-06 | PDE: 3.2501e-03 | Val: 4.8454e-06 | Test: 1.0743e-04 | LR=5.1e-04
Epoch  52/100 | Steps:  52000 | α=1e-02 | Loss: 3.3905e-05 | BC: 5.7704e-06 | PDE: 2.8134e-03 | Val: 6.0031e-06 | Test: 1.1067e-04 | LR=4.9e-04
Epoch  53/100 | Steps:  53000 | α=1e-02 | Loss: 2.8957e-05 | BC: 4.9055e-06 | PDE: 2.4052e-03 | Val: 4.1033e-06 | Test: 1.0686e-04 | LR=4.7e-04
Epoch  54/100 | Steps:  54000 | α=1e-02 | Loss: 3.5321e-05 | BC: 5.6001e-06 | PDE: 2.9721e-03 | Val: 3.2532e-06 | Test: 1.0636e-04 | LR=4.6e-04
Epoch  55/100 | Steps:  55000 | α=1e-02 | Loss: 2.3087e-05 | BC: 3.9111e-06 | PDE: 1.9176e-03 | Val: 3.6343e-06 | Test: 1.0963e-04 | LR=4.4e-04
Epoch  56/100 | Steps:  56000 | α=1e-02 | Loss: 2.6410e-05 | BC: 4.3435e-06 | PDE: 2.2067e-03 | Val: 2.5378e-06 | Test: 1.0518e-04 | LR=4.3e-04 *
Epoch  57/100 | Steps:  57000 | α=1e-02 | Loss: 2.3711e-05 | BC: 4.1928e-06 | PDE: 1.9518e-03 | Val: 2.5376e-06 | Test: 1.0401e-04 | LR=4.1e-04 *
Epoch  58/100 | Steps:  58000 | α=1e-02 | Loss: 2.8081e-05 | BC: 4.3566e-06 | PDE: 2.3724e-03 | Val: 4.8593e-06 | Test: 1.1285e-04 | LR=4.0e-04
Epoch  59/100 | Steps:  59000 | α=1e-02 | Loss: 1.8780e-05 | BC: 3.6640e-06 | PDE: 1.5116e-03 | Val: 3.2156e-06 | Test: 1.0326e-04 | LR=3.8e-04
Epoch  60/100 | Steps:  60000 | α=1e-02 | Loss: 2.0699e-05 | BC: 3.6173e-06 | PDE: 1.7082e-03 | Val: 2.9499e-06 | Test: 1.0439e-04 | LR=3.7e-04
Epoch  61/100 | Steps:  61000 | α=1e-02 | Loss: 1.9699e-05 | BC: 3.5255e-06 | PDE: 1.6173e-03 | Val: 3.3874e-06 | Test: 1.0585e-04 | LR=3.5e-04
Epoch  62/100 | Steps:  62000 | α=1e-02 | Loss: 1.6916e-05 | BC: 3.2753e-06 | PDE: 1.3641e-03 | Val: 2.0438e-06 | Test: 1.0331e-04 | LR=3.4e-04 *
Epoch  63/100 | Steps:  63000 | α=1e-02 | Loss: 1.6642e-05 | BC: 3.3890e-06 | PDE: 1.3253e-03 | Val: 1.9606e-06 | Test: 1.0346e-04 | LR=3.2e-04 *
Epoch  64/100 | Steps:  64000 | α=1e-02 | Loss: 1.6824e-05 | BC: 3.1197e-06 | PDE: 1.3704e-03 | Val: 2.4875e-06 | Test: 1.0429e-04 | LR=3.1e-04
Epoch  65/100 | Steps:  65000 | α=1e-02 | Loss: 1.4607e-05 | BC: 3.0166e-06 | PDE: 1.1590e-03 | Val: 2.5605e-06 | Test: 1.0391e-04 | LR=2.9e-04
Epoch  66/100 | Steps:  66000 | α=1e-02 | Loss: 1.4289e-05 | BC: 2.7661e-06 | PDE: 1.1523e-03 | Val: 2.1841e-06 | Test: 1.0385e-04 | LR=2.8e-04
Epoch  67/100 | Steps:  67000 | α=1e-02 | Loss: 1.3058e-05 | BC: 2.6436e-06 | PDE: 1.0415e-03 | Val: 2.5910e-06 | Test: 1.0528e-04 | LR=2.7e-04
Epoch  68/100 | Steps:  68000 | α=1e-02 | Loss: 1.1477e-05 | BC: 2.4794e-06 | PDE: 8.9973e-04 | Val: 2.6645e-06 | Test: 1.0377e-04 | LR=2.5e-04

Both thresholds reached -- BC (val): 2.6645e-06 < 1.0000e-04, PDE: 8.9973e-04 < 1.0000e-03

Restored best model from epoch 63 (val_loss: 1.9606e-06, test_loss: 1.0346e-04)
Best checkpoint saved to: outputs/expr_6_3_iter/p2to20_square/fix_alpha_band1_1e-2/checkpoints/best_model.pt
Final checkpoint saved to: outputs/expr_6_3_iter/p2to20_square/fix_alpha_band1_1e-2/checkpoints/final_model.pt
Training completed in 582.10s (68,000 total steps)
  Stage 9 (p=10) PDE diagnostics:
    p-Lap (p=10) raw:        5.2599e+00
    p-Lap (p=10) normalized: 9.3999e-03
    Inf-Lap raw:              1.4033e-01
    Inf-Lap normalized:       9.3345e-02

============================================================
Stage 10/11: Training with p=15
============================================================

Training configuration:
  Boundary points (train): 32,000 -> 80 batches of 400
  Interior points (train): 1,000,000 -> 1000 batches of 1000
  Interior sampling: RE-SAMPLE each epoch
  Boundary points (val): 8,000
  Validation loss: BC only
  Steps per epoch: 1,000
  Total steps: 100,000
  Epochs: 100
  Loss balancing: FixedAlphaSchedule
  LR scheduler: cosine (LR: 1.0e-03 -> 1.0e-05)

Epoch   1/100 | Steps:   1000 | α=1e-02 | Loss: 4.6615e-04 | BC: 6.6747e-05 | PDE: 3.9940e-02 | Val: 3.2389e-05 | Test: 7.2568e-05 | LR=1.0e-03 *
Epoch   2/100 | Steps:   2000 | α=1e-02 | Loss: 2.9013e-04 | BC: 1.8680e-05 | PDE: 2.7145e-02 | Val: 1.4293e-05 | Test: 5.8420e-05 | LR=1.0e-03 *
Epoch   3/100 | Steps:   3000 | α=1e-02 | Loss: 2.8319e-04 | BC: 2.1223e-05 | PDE: 2.6197e-02 | Val: 1.0111e-05 | Test: 5.5950e-05 | LR=1.0e-03 *
Epoch   4/100 | Steps:   4000 | α=1e-02 | Loss: 2.8713e-04 | BC: 2.1265e-05 | PDE: 2.6586e-02 | Val: 1.4590e-05 | Test: 6.4917e-05 | LR=1.0e-03
Epoch   5/100 | Steps:   5000 | α=1e-02 | Loss: 3.2897e-04 | BC: 2.6009e-05 | PDE: 3.0296e-02 | Val: 5.3754e-06 | Test: 5.3375e-05 | LR=1.0e-03 *
Epoch   6/100 | Steps:   6000 | α=1e-02 | Loss: 2.3558e-04 | BC: 1.7978e-05 | PDE: 2.1760e-02 | Val: 5.6370e-06 | Test: 5.4269e-05 | LR=9.9e-04
Epoch   7/100 | Steps:   7000 | α=1e-02 | Loss: 2.8164e-04 | BC: 2.2134e-05 | PDE: 2.5951e-02 | Val: 3.7919e-05 | Test: 9.6076e-05 | LR=9.9e-04
Epoch   8/100 | Steps:   8000 | α=1e-02 | Loss: 2.7782e-04 | BC: 2.1091e-05 | PDE: 2.5673e-02 | Val: 2.2759e-05 | Test: 6.6697e-05 | LR=9.9e-04
Epoch   9/100 | Steps:   9000 | α=1e-02 | Loss: 3.0391e-04 | BC: 2.3797e-05 | PDE: 2.8012e-02 | Val: 1.3637e-05 | Test: 7.0005e-05 | LR=9.8e-04
Epoch  10/100 | Steps:  10000 | α=1e-02 | Loss: 2.8873e-04 | BC: 2.2072e-05 | PDE: 2.6666e-02 | Val: 2.4576e-05 | Test: 8.0176e-05 | LR=9.8e-04
Epoch  11/100 | Steps:  11000 | α=1e-02 | Loss: 2.8006e-04 | BC: 2.1814e-05 | PDE: 2.5824e-02 | Val: 1.0422e-05 | Test: 6.2866e-05 | LR=9.8e-04
Epoch  12/100 | Steps:  12000 | α=1e-02 | Loss: 2.4172e-04 | BC: 1.9330e-05 | PDE: 2.2239e-02 | Val: 9.1265e-06 | Test: 5.7231e-05 | LR=9.7e-04
Epoch  13/100 | Steps:  13000 | α=1e-02 | Loss: 2.5457e-04 | BC: 2.0701e-05 | PDE: 2.3387e-02 | Val: 8.4953e-06 | Test: 5.7417e-05 | LR=9.7e-04
Epoch  14/100 | Steps:  14000 | α=1e-02 | Loss: 3.1184e-04 | BC: 2.9346e-05 | PDE: 2.8249e-02 | Val: 6.3633e-06 | Test: 5.5836e-05 | LR=9.6e-04
Epoch  15/100 | Steps:  15000 | α=1e-02 | Loss: 2.3014e-04 | BC: 1.6805e-05 | PDE: 2.1333e-02 | Val: 1.8003e-05 | Test: 7.3503e-05 | LR=9.5e-04
Epoch  16/100 | Steps:  16000 | α=1e-02 | Loss: 2.7173e-04 | BC: 2.8026e-05 | PDE: 2.4371e-02 | Val: 5.9417e-06 | Test: 5.7393e-05 | LR=9.5e-04
Epoch  17/100 | Steps:  17000 | α=1e-02 | Loss: 2.4262e-04 | BC: 2.0122e-05 | PDE: 2.2250e-02 | Val: 1.0005e-05 | Test: 6.5323e-05 | LR=9.4e-04
Epoch  18/100 | Steps:  18000 | α=1e-02 | Loss: 2.5169e-04 | BC: 2.0717e-05 | PDE: 2.3097e-02 | Val: 7.3274e-06 | Test: 5.6128e-05 | LR=9.3e-04
Epoch  19/100 | Steps:  19000 | α=1e-02 | Loss: 2.2595e-04 | BC: 1.8446e-05 | PDE: 2.0751e-02 | Val: 1.6832e-05 | Test: 6.1010e-05 | LR=9.2e-04
Epoch  20/100 | Steps:  20000 | α=1e-02 | Loss: 2.4798e-04 | BC: 2.0402e-05 | PDE: 2.2758e-02 | Val: 1.7663e-05 | Test: 6.7298e-05 | LR=9.1e-04
Epoch  21/100 | Steps:  21000 | α=1e-02 | Loss: 2.1773e-04 | BC: 1.9346e-05 | PDE: 1.9838e-02 | Val: 7.4510e-06 | Test: 6.2559e-05 | LR=9.1e-04
Epoch  22/100 | Steps:  22000 | α=1e-02 | Loss: 2.3335e-04 | BC: 2.1808e-05 | PDE: 2.1154e-02 | Val: 6.3817e-06 | Test: 6.0736e-05 | LR=9.0e-04
Epoch  23/100 | Steps:  23000 | α=1e-02 | Loss: 2.0070e-04 | BC: 1.6192e-05 | PDE: 1.8450e-02 | Val: 3.2901e-05 | Test: 7.7232e-05 | LR=8.9e-04
Epoch  24/100 | Steps:  24000 | α=1e-02 | Loss: 2.6534e-04 | BC: 2.4849e-05 | PDE: 2.4049e-02 | Val: 7.4628e-06 | Test: 5.8177e-05 | LR=8.8e-04
Epoch  25/100 | Steps:  25000 | α=1e-02 | Loss: 1.4411e-04 | BC: 1.2438e-05 | PDE: 1.3167e-02 | Val: 9.5921e-06 | Test: 5.7343e-05 | LR=8.7e-04
Epoch  26/100 | Steps:  26000 | α=1e-02 | Loss: 2.2087e-04 | BC: 1.8512e-05 | PDE: 2.0236e-02 | Val: 1.0826e-05 | Test: 6.2096e-05 | LR=8.6e-04
Epoch  27/100 | Steps:  27000 | α=1e-02 | Loss: 2.1470e-04 | BC: 1.8722e-05 | PDE: 1.9598e-02 | Val: 2.8429e-05 | Test: 7.2366e-05 | LR=8.4e-04
Epoch  28/100 | Steps:  28000 | α=1e-02 | Loss: 1.6643e-04 | BC: 1.4456e-05 | PDE: 1.5197e-02 | Val: 5.7111e-05 | Test: 1.1535e-04 | LR=8.3e-04
Epoch  29/100 | Steps:  29000 | α=1e-02 | Loss: 1.9680e-04 | BC: 1.7474e-05 | PDE: 1.7932e-02 | Val: 1.0202e-05 | Test: 6.0738e-05 | LR=8.2e-04
Epoch  30/100 | Steps:  30000 | α=1e-02 | Loss: 1.7720e-04 | BC: 1.5938e-05 | PDE: 1.6126e-02 | Val: 2.0506e-05 | Test: 7.8148e-05 | LR=8.1e-04
Epoch  31/100 | Steps:  31000 | α=1e-02 | Loss: 1.7017e-04 | BC: 1.5044e-05 | PDE: 1.5513e-02 | Val: 5.1044e-05 | Test: 9.9883e-05 | LR=8.0e-04
Epoch  32/100 | Steps:  32000 | α=1e-02 | Loss: 1.9774e-04 | BC: 1.7719e-05 | PDE: 1.8002e-02 | Val: 9.4556e-06 | Test: 5.9108e-05 | LR=7.8e-04
Epoch  33/100 | Steps:  33000 | α=1e-02 | Loss: 1.4266e-04 | BC: 1.4604e-05 | PDE: 1.2805e-02 | Val: 8.2615e-06 | Test: 5.9277e-05 | LR=7.7e-04
Epoch  34/100 | Steps:  34000 | α=1e-02 | Loss: 1.4802e-04 | BC: 1.2001e-05 | PDE: 1.3602e-02 | Val: 2.0423e-05 | Test: 6.8924e-05 | LR=7.6e-04
Epoch  35/100 | Steps:  35000 | α=1e-02 | Loss: 1.4310e-04 | BC: 1.2515e-05 | PDE: 1.3059e-02 | Val: 1.7575e-05 | Test: 7.3392e-05 | LR=7.4e-04
Epoch  36/100 | Steps:  36000 | α=1e-02 | Loss: 2.1165e-04 | BC: 1.8771e-05 | PDE: 1.9288e-02 | Val: 8.7248e-05 | Test: 1.5228e-04 | LR=7.3e-04
Epoch  37/100 | Steps:  37000 | α=1e-02 | Loss: 1.0509e-04 | BC: 1.1542e-05 | PDE: 9.3545e-03 | Val: 1.2733e-05 | Test: 6.1436e-05 | LR=7.2e-04
Epoch  38/100 | Steps:  38000 | α=1e-02 | Loss: 1.2694e-04 | BC: 1.1748e-05 | PDE: 1.1519e-02 | Val: 1.5267e-05 | Test: 6.6121e-05 | LR=7.0e-04
Epoch  39/100 | Steps:  39000 | α=1e-02 | Loss: 1.4039e-04 | BC: 1.2616e-05 | PDE: 1.2778e-02 | Val: 1.9633e-05 | Test: 7.2087e-05 | LR=6.9e-04
Epoch  40/100 | Steps:  40000 | α=1e-02 | Loss: 1.3300e-04 | BC: 1.2845e-05 | PDE: 1.2016e-02 | Val: 5.0859e-06 | Test: 5.5688e-05 | LR=6.7e-04 *
Epoch  41/100 | Steps:  41000 | α=1e-02 | Loss: 1.1367e-04 | BC: 1.1128e-05 | PDE: 1.0254e-02 | Val: 1.1260e-05 | Test: 7.0849e-05 | LR=6.6e-04
Epoch  42/100 | Steps:  42000 | α=1e-02 | Loss: 1.0824e-04 | BC: 1.0972e-05 | PDE: 9.7266e-03 | Val: 8.7416e-06 | Test: 6.1008e-05 | LR=6.4e-04
Epoch  43/100 | Steps:  43000 | α=1e-02 | Loss: 1.0956e-04 | BC: 1.1623e-05 | PDE: 9.7941e-03 | Val: 6.4938e-06 | Test: 5.4967e-05 | LR=6.3e-04
Epoch  44/100 | Steps:  44000 | α=1e-02 | Loss: 1.0646e-04 | BC: 1.0117e-05 | PDE: 9.6342e-03 | Val: 1.0162e-05 | Test: 6.3696e-05 | LR=6.1e-04
Epoch  45/100 | Steps:  45000 | α=1e-02 | Loss: 1.0448e-04 | BC: 9.9108e-06 | PDE: 9.4570e-03 | Val: 1.2757e-05 | Test: 6.2312e-05 | LR=6.0e-04
Epoch  46/100 | Steps:  46000 | α=1e-02 | Loss: 9.4424e-05 | BC: 9.0166e-06 | PDE: 8.5407e-03 | Val: 1.8218e-05 | Test: 6.8912e-05 | LR=5.8e-04
Epoch  47/100 | Steps:  47000 | α=1e-02 | Loss: 8.3230e-05 | BC: 7.9580e-06 | PDE: 7.5272e-03 | Val: 6.2382e-06 | Test: 5.7124e-05 | LR=5.7e-04
Epoch  48/100 | Steps:  48000 | α=1e-02 | Loss: 7.9503e-05 | BC: 8.1956e-06 | PDE: 7.1307e-03 | Val: 6.4888e-06 | Test: 5.8135e-05 | LR=5.5e-04
Epoch  49/100 | Steps:  49000 | α=1e-02 | Loss: 8.8609e-05 | BC: 8.7526e-06 | PDE: 7.9856e-03 | Val: 4.4692e-06 | Test: 5.2353e-05 | LR=5.4e-04 *
Epoch  50/100 | Steps:  50000 | α=1e-02 | Loss: 7.0533e-05 | BC: 7.4758e-06 | PDE: 6.3057e-03 | Val: 5.5090e-06 | Test: 5.2504e-05 | LR=5.2e-04
Epoch  51/100 | Steps:  51000 | α=1e-02 | Loss: 6.7172e-05 | BC: 7.1565e-06 | PDE: 6.0016e-03 | Val: 1.8326e-05 | Test: 6.1287e-05 | LR=5.1e-04
Epoch  52/100 | Steps:  52000 | α=1e-02 | Loss: 6.5395e-05 | BC: 7.3080e-06 | PDE: 5.8087e-03 | Val: 4.6039e-06 | Test: 5.4279e-05 | LR=4.9e-04
Epoch  53/100 | Steps:  53000 | α=1e-02 | Loss: 6.7172e-05 | BC: 6.7890e-06 | PDE: 6.0383e-03 | Val: 5.2321e-06 | Test: 5.5636e-05 | LR=4.7e-04
Epoch  54/100 | Steps:  54000 | α=1e-02 | Loss: 5.7036e-05 | BC: 6.2757e-06 | PDE: 5.0760e-03 | Val: 7.4614e-06 | Test: 5.7244e-05 | LR=4.6e-04
Epoch  55/100 | Steps:  55000 | α=1e-02 | Loss: 5.5473e-05 | BC: 6.1392e-06 | PDE: 4.9334e-03 | Val: 5.8685e-06 | Test: 5.1898e-05 | LR=4.4e-04
Epoch  56/100 | Steps:  56000 | α=1e-02 | Loss: 5.4826e-05 | BC: 6.5170e-06 | PDE: 4.8309e-03 | Val: 4.8936e-06 | Test: 5.3201e-05 | LR=4.3e-04
Epoch  57/100 | Steps:  57000 | α=1e-02 | Loss: 5.1255e-05 | BC: 5.7606e-06 | PDE: 4.5495e-03 | Val: 4.3964e-06 | Test: 5.5502e-05 | LR=4.1e-04 *
Epoch  58/100 | Steps:  58000 | α=1e-02 | Loss: 4.6083e-05 | BC: 5.5841e-06 | PDE: 4.0499e-03 | Val: 6.0927e-06 | Test: 5.4616e-05 | LR=4.0e-04
Epoch  59/100 | Steps:  59000 | α=1e-02 | Loss: 4.3117e-05 | BC: 5.2241e-06 | PDE: 3.7893e-03 | Val: 4.9154e-06 | Test: 5.3907e-05 | LR=3.8e-04
Epoch  60/100 | Steps:  60000 | α=1e-02 | Loss: 3.8150e-05 | BC: 5.0042e-06 | PDE: 3.3146e-03 | Val: 4.7701e-06 | Test: 5.3729e-05 | LR=3.7e-04
Epoch  61/100 | Steps:  61000 | α=1e-02 | Loss: 4.2821e-05 | BC: 5.1900e-06 | PDE: 3.7631e-03 | Val: 4.7017e-06 | Test: 5.3594e-05 | LR=3.5e-04
Epoch  62/100 | Steps:  62000 | α=1e-02 | Loss: 3.3570e-05 | BC: 4.5469e-06 | PDE: 2.9023e-03 | Val: 3.9967e-06 | Test: 5.3531e-05 | LR=3.4e-04 *
Epoch  63/100 | Steps:  63000 | α=1e-02 | Loss: 3.5990e-05 | BC: 4.7326e-06 | PDE: 3.1258e-03 | Val: 3.4780e-06 | Test: 5.3004e-05 | LR=3.2e-04 *
Epoch  64/100 | Steps:  64000 | α=1e-02 | Loss: 3.0449e-05 | BC: 4.4453e-06 | PDE: 2.6003e-03 | Val: 3.5618e-06 | Test: 5.1393e-05 | LR=3.1e-04
Epoch  65/100 | Steps:  65000 | α=1e-02 | Loss: 2.8211e-05 | BC: 4.0295e-06 | PDE: 2.4182e-03 | Val: 4.6078e-06 | Test: 5.4512e-05 | LR=2.9e-04
Epoch  66/100 | Steps:  66000 | α=1e-02 | Loss: 2.8078e-05 | BC: 4.2079e-06 | PDE: 2.3870e-03 | Val: 3.2455e-06 | Test: 5.1826e-05 | LR=2.8e-04 *
Epoch  67/100 | Steps:  67000 | α=1e-02 | Loss: 2.4636e-05 | BC: 3.9168e-06 | PDE: 2.0719e-03 | Val: 3.2111e-06 | Test: 5.0474e-05 | LR=2.7e-04 *
Epoch  68/100 | Steps:  68000 | α=1e-02 | Loss: 2.2065e-05 | BC: 3.6556e-06 | PDE: 1.8409e-03 | Val: 3.0846e-06 | Test: 5.1315e-05 | LR=2.5e-04 *
Epoch  69/100 | Steps:  69000 | α=1e-02 | Loss: 2.3168e-05 | BC: 3.8218e-06 | PDE: 1.9346e-03 | Val: 3.3488e-06 | Test: 5.1814e-05 | LR=2.4e-04
Epoch  70/100 | Steps:  70000 | α=1e-02 | Loss: 2.0334e-05 | BC: 3.4953e-06 | PDE: 1.6839e-03 | Val: 4.4206e-06 | Test: 5.2519e-05 | LR=2.3e-04
Epoch  71/100 | Steps:  71000 | α=1e-02 | Loss: 1.8065e-05 | BC: 3.3092e-06 | PDE: 1.4756e-03 | Val: 2.9249e-06 | Test: 5.1917e-05 | LR=2.1e-04 *
Epoch  72/100 | Steps:  72000 | α=1e-02 | Loss: 1.7727e-05 | BC: 3.2147e-06 | PDE: 1.4512e-03 | Val: 3.4806e-06 | Test: 5.0339e-05 | LR=2.0e-04
Epoch  73/100 | Steps:  73000 | α=1e-02 | Loss: 1.6984e-05 | BC: 3.3006e-06 | PDE: 1.3684e-03 | Val: 3.1071e-06 | Test: 5.0514e-05 | LR=1.9e-04
Epoch  74/100 | Steps:  74000 | α=1e-02 | Loss: 1.4573e-05 | BC: 3.0913e-06 | PDE: 1.1482e-03 | Val: 2.9244e-06 | Test: 5.1387e-05 | LR=1.8e-04 *
Epoch  75/100 | Steps:  75000 | α=1e-02 | Loss: 1.3343e-05 | BC: 2.9420e-06 | PDE: 1.0401e-03 | Val: 3.0133e-06 | Test: 5.1492e-05 | LR=1.7e-04
Epoch  76/100 | Steps:  76000 | α=1e-02 | Loss: 1.3644e-05 | BC: 2.9817e-06 | PDE: 1.0662e-03 | Val: 2.8975e-06 | Test: 5.0048e-05 | LR=1.5e-04 *
Epoch  77/100 | Steps:  77000 | α=1e-02 | Loss: 1.2973e-05 | BC: 2.8529e-06 | PDE: 1.0120e-03 | Val: 2.9928e-06 | Test: 4.9065e-05 | LR=1.4e-04
Epoch  78/100 | Steps:  78000 | α=1e-02 | Loss: 1.1446e-05 | BC: 2.8029e-06 | PDE: 8.6429e-04 | Val: 3.1892e-06 | Test: 5.1839e-05 | LR=1.3e-04

Both thresholds reached -- BC (val): 3.1892e-06 < 1.0000e-04, PDE: 8.6429e-04 < 1.0000e-03

Restored best model from epoch 76 (val_loss: 2.8975e-06, test_loss: 5.0048e-05)
Best checkpoint saved to: outputs/expr_6_3_iter/p2to20_square/fix_alpha_band1_1e-2/checkpoints/best_model.pt
Final checkpoint saved to: outputs/expr_6_3_iter/p2to20_square/fix_alpha_band1_1e-2/checkpoints/final_model.pt
Training completed in 659.46s (78,000 total steps)
  Stage 10 (p=15) PDE diagnostics:
    p-Lap (p=15) raw:        3.4698e+01
    p-Lap (p=15) normalized: 1.1077e-02
    Inf-Lap raw:              6.3219e-02
    Inf-Lap normalized:       5.8054e-02

============================================================
Stage 11/11: Training with p=20
============================================================

Training configuration:
  Boundary points (train): 32,000 -> 80 batches of 400
  Interior points (train): 1,000,000 -> 1000 batches of 1000
  Interior sampling: RE-SAMPLE each epoch
  Boundary points (val): 8,000
  Validation loss: BC only
  Steps per epoch: 1,000
  Total steps: 100,000
  Epochs: 100
  Loss balancing: FixedAlphaSchedule
  LR scheduler: cosine (LR: 1.0e-03 -> 1.0e-05)

Epoch   1/100 | Steps:   1000 | α=1e-02 | Loss: 9.0845e-04 | BC: 1.3029e-04 | PDE: 7.7816e-02 | Val: 7.8506e-06 | Test: 2.7378e-05 | LR=1.0e-03 *
Epoch   2/100 | Steps:   2000 | α=1e-02 | Loss: 4.6321e-04 | BC: 2.4673e-05 | PDE: 4.3854e-02 | Val: 2.3301e-05 | Test: 5.2695e-05 | LR=1.0e-03
Epoch   3/100 | Steps:   3000 | α=1e-02 | Loss: 4.8955e-04 | BC: 2.8809e-05 | PDE: 4.6074e-02 | Val: 1.9140e-05 | Test: 4.3473e-05 | LR=1.0e-03
Epoch   4/100 | Steps:   4000 | α=1e-02 | Loss: 6.7642e-04 | BC: 6.2459e-05 | PDE: 6.1396e-02 | Val: 6.1260e-05 | Test: 9.1788e-05 | LR=1.0e-03
Epoch   5/100 | Steps:   5000 | α=1e-02 | Loss: 4.5542e-04 | BC: 2.6654e-05 | PDE: 4.2876e-02 | Val: 3.3888e-05 | Test: 6.5471e-05 | LR=1.0e-03
Epoch   6/100 | Steps:   6000 | α=1e-02 | Loss: 5.1124e-04 | BC: 3.0414e-05 | PDE: 4.8082e-02 | Val: 3.0166e-05 | Test: 5.8471e-05 | LR=9.9e-04
Epoch   7/100 | Steps:   7000 | α=1e-02 | Loss: 4.5051e-04 | BC: 2.8707e-05 | PDE: 4.2180e-02 | Val: 2.7815e-05 | Test: 5.8035e-05 | LR=9.9e-04
Epoch   8/100 | Steps:   8000 | α=1e-02 | Loss: 4.6164e-04 | BC: 2.7933e-05 | PDE: 4.3371e-02 | Val: 4.0543e-05 | Test: 6.7674e-05 | LR=9.9e-04
Epoch   9/100 | Steps:   9000 | α=1e-02 | Loss: 4.3685e-04 | BC: 2.6282e-05 | PDE: 4.1056e-02 | Val: 2.5135e-04 | Test: 2.1632e-04 | LR=9.8e-04
Epoch  10/100 | Steps:  10000 | α=1e-02 | Loss: 5.0611e-04 | BC: 3.7458e-05 | PDE: 4.6865e-02 | Val: 3.7657e-05 | Test: 6.5877e-05 | LR=9.8e-04
Epoch  11/100 | Steps:  11000 | α=1e-02 | Loss: 4.4253e-04 | BC: 2.6981e-05 | PDE: 4.1555e-02 | Val: 1.7703e-05 | Test: 5.0456e-05 | LR=9.8e-04
Epoch  12/100 | Steps:  12000 | α=1e-02 | Loss: 4.7670e-04 | BC: 3.3253e-05 | PDE: 4.4344e-02 | Val: 2.7541e-05 | Test: 6.1901e-05 | LR=9.7e-04
Epoch  13/100 | Steps:  13000 | α=1e-02 | Loss: 4.7466e-04 | BC: 2.9938e-05 | PDE: 4.4473e-02 | Val: 4.9697e-05 | Test: 8.6302e-05 | LR=9.7e-04
Epoch  14/100 | Steps:  14000 | α=1e-02 | Loss: 4.4937e-04 | BC: 2.9408e-05 | PDE: 4.1996e-02 | Val: 2.3184e-05 | Test: 5.7276e-05 | LR=9.6e-04
Epoch  15/100 | Steps:  15000 | α=1e-02 | Loss: 4.1192e-04 | BC: 2.7658e-05 | PDE: 3.8426e-02 | Val: 6.0627e-05 | Test: 9.1449e-05 | LR=9.5e-04
Epoch  16/100 | Steps:  16000 | α=1e-02 | Loss: 6.2566e-04 | BC: 7.3688e-05 | PDE: 5.5197e-02 | Val: 9.6651e-06 | Test: 4.2241e-05 | LR=9.5e-04
Epoch  17/100 | Steps:  17000 | α=1e-02 | Loss: 4.2124e-04 | BC: 2.5672e-05 | PDE: 3.9557e-02 | Val: 1.6049e-05 | Test: 4.3162e-05 | LR=9.4e-04
Epoch  18/100 | Steps:  18000 | α=1e-02 | Loss: 3.7670e-04 | BC: 2.3683e-05 | PDE: 3.5302e-02 | Val: 6.5705e-06 | Test: 3.5096e-05 | LR=9.3e-04 *
Epoch  19/100 | Steps:  19000 | α=1e-02 | Loss: 4.8840e-04 | BC: 3.2121e-05 | PDE: 4.5628e-02 | Val: 7.5537e-06 | Test: 3.6315e-05 | LR=9.2e-04
Epoch  20/100 | Steps:  20000 | α=1e-02 | Loss: 3.8160e-04 | BC: 2.6156e-05 | PDE: 3.5544e-02 | Val: 1.7923e-05 | Test: 4.7179e-05 | LR=9.1e-04
Epoch  21/100 | Steps:  21000 | α=1e-02 | Loss: 3.3782e-04 | BC: 2.0205e-05 | PDE: 3.1762e-02 | Val: 2.6433e-05 | Test: 5.8342e-05 | LR=9.1e-04
Epoch  22/100 | Steps:  22000 | α=1e-02 | Loss: 3.9766e-04 | BC: 3.1817e-05 | PDE: 3.6584e-02 | Val: 2.3232e-05 | Test: 5.8330e-05 | LR=9.0e-04
Epoch  23/100 | Steps:  23000 | α=1e-02 | Loss: 3.8809e-04 | BC: 2.4611e-05 | PDE: 3.6348e-02 | Val: 1.5009e-05 | Test: 4.8276e-05 | LR=8.9e-04
Epoch  24/100 | Steps:  24000 | α=1e-02 | Loss: 3.3912e-04 | BC: 2.2290e-05 | PDE: 3.1683e-02 | Val: 6.7314e-05 | Test: 8.8793e-05 | LR=8.8e-04
Epoch  25/100 | Steps:  25000 | α=1e-02 | Loss: 3.5359e-04 | BC: 2.3800e-05 | PDE: 3.2979e-02 | Val: 1.3942e-05 | Test: 4.3989e-05 | LR=8.7e-04
Epoch  26/100 | Steps:  26000 | α=1e-02 | Loss: 4.0497e-04 | BC: 3.2825e-05 | PDE: 3.7214e-02 | Val: 1.7339e-05 | Test: 4.9707e-05 | LR=8.6e-04
Epoch  27/100 | Steps:  27000 | α=1e-02 | Loss: 3.0158e-04 | BC: 1.8604e-05 | PDE: 2.8298e-02 | Val: 1.7805e-05 | Test: 4.3733e-05 | LR=8.4e-04
Epoch  28/100 | Steps:  28000 | α=1e-02 | Loss: 3.5246e-04 | BC: 2.5070e-05 | PDE: 3.2739e-02 | Val: 9.6340e-06 | Test: 3.7851e-05 | LR=8.3e-04
Epoch  29/100 | Steps:  29000 | α=1e-02 | Loss: 3.2411e-04 | BC: 2.2166e-05 | PDE: 3.0194e-02 | Val: 3.5907e-05 | Test: 8.1368e-05 | LR=8.2e-04
Epoch  30/100 | Steps:  30000 | α=1e-02 | Loss: 2.8828e-04 | BC: 1.9071e-05 | PDE: 2.6921e-02 | Val: 2.2162e-05 | Test: 5.3639e-05 | LR=8.1e-04
Epoch  31/100 | Steps:  31000 | α=1e-02 | Loss: 2.9723e-04 | BC: 2.0361e-05 | PDE: 2.7687e-02 | Val: 7.4907e-06 | Test: 3.8667e-05 | LR=8.0e-04
Epoch  32/100 | Steps:  32000 | α=1e-02 | Loss: 3.5685e-04 | BC: 2.6148e-05 | PDE: 3.3070e-02 | Val: 1.3922e-05 | Test: 4.7131e-05 | LR=7.8e-04
Epoch  33/100 | Steps:  33000 | α=1e-02 | Loss: 2.0390e-04 | BC: 1.3506e-05 | PDE: 1.9039e-02 | Val: 2.9704e-05 | Test: 6.2985e-05 | LR=7.7e-04
Epoch  34/100 | Steps:  34000 | α=1e-02 | Loss: 2.6399e-04 | BC: 1.7667e-05 | PDE: 2.4633e-02 | Val: 7.5216e-06 | Test: 3.8601e-05 | LR=7.6e-04
Epoch  35/100 | Steps:  35000 | α=1e-02 | Loss: 2.3500e-04 | BC: 1.5281e-05 | PDE: 2.1972e-02 | Val: 8.6173e-06 | Test: 3.8562e-05 | LR=7.4e-04
Epoch  36/100 | Steps:  36000 | α=1e-02 | Loss: 2.5980e-04 | BC: 1.7882e-05 | PDE: 2.4192e-02 | Val: 8.6012e-06 | Test: 4.1744e-05 | LR=7.3e-04
Epoch  37/100 | Steps:  37000 | α=1e-02 | Loss: 2.5932e-04 | BC: 1.7692e-05 | PDE: 2.4163e-02 | Val: 7.5559e-06 | Test: 3.5669e-05 | LR=7.2e-04
Epoch  38/100 | Steps:  38000 | α=1e-02 | Loss: 2.1751e-04 | BC: 1.3823e-05 | PDE: 2.0369e-02 | Val: 1.0180e-05 | Test: 4.1759e-05 | LR=7.0e-04
Epoch  39/100 | Steps:  39000 | α=1e-02 | Loss: 2.3345e-04 | BC: 1.7812e-05 | PDE: 2.1564e-02 | Val: 8.0342e-06 | Test: 3.9592e-05 | LR=6.9e-04
Epoch  40/100 | Steps:  40000 | α=1e-02 | Loss: 1.9943e-04 | BC: 1.3866e-05 | PDE: 1.8557e-02 | Val: 2.3508e-05 | Test: 4.9218e-05 | LR=6.7e-04
Epoch  41/100 | Steps:  41000 | α=1e-02 | Loss: 1.7813e-04 | BC: 1.2084e-05 | PDE: 1.6604e-02 | Val: 1.6081e-05 | Test: 5.0009e-05 | LR=6.6e-04
Epoch  42/100 | Steps:  42000 | α=1e-02 | Loss: 2.0230e-04 | BC: 1.4439e-05 | PDE: 1.8786e-02 | Val: 9.0591e-05 | Test: 9.7508e-05 | LR=6.4e-04
Epoch  43/100 | Steps:  43000 | α=1e-02 | Loss: 2.2321e-04 | BC: 1.6957e-05 | PDE: 2.0625e-02 | Val: 2.4038e-05 | Test: 4.6743e-05 | LR=6.3e-04
Epoch  44/100 | Steps:  44000 | α=1e-02 | Loss: 1.5768e-04 | BC: 1.2022e-05 | PDE: 1.4566e-02 | Val: 1.4781e-05 | Test: 4.2082e-05 | LR=6.1e-04
Epoch  45/100 | Steps:  45000 | α=1e-02 | Loss: 1.8867e-04 | BC: 1.3473e-05 | PDE: 1.7520e-02 | Val: 1.3314e-05 | Test: 4.3175e-05 | LR=6.0e-04
Epoch  46/100 | Steps:  46000 | α=1e-02 | Loss: 1.2487e-04 | BC: 9.7938e-06 | PDE: 1.1508e-02 | Val: 1.7047e-05 | Test: 4.3009e-05 | LR=5.8e-04
Epoch  47/100 | Steps:  47000 | α=1e-02 | Loss: 1.6832e-04 | BC: 1.2840e-05 | PDE: 1.5548e-02 | Val: 7.2293e-06 | Test: 3.8847e-05 | LR=5.7e-04
Epoch  48/100 | Steps:  48000 | α=1e-02 | Loss: 1.2966e-04 | BC: 9.8339e-06 | PDE: 1.1983e-02 | Val: 1.0827e-05 | Test: 4.3078e-05 | LR=5.5e-04
Epoch  49/100 | Steps:  49000 | α=1e-02 | Loss: 1.2786e-04 | BC: 9.4269e-06 | PDE: 1.1843e-02 | Val: 5.5452e-06 | Test: 3.4159e-05 | LR=5.4e-04 *
Epoch  50/100 | Steps:  50000 | α=1e-02 | Loss: 1.2843e-04 | BC: 9.7633e-06 | PDE: 1.1866e-02 | Val: 7.4199e-06 | Test: 3.5378e-05 | LR=5.2e-04
Epoch  51/100 | Steps:  51000 | α=1e-02 | Loss: 1.2661e-04 | BC: 9.6572e-06 | PDE: 1.1695e-02 | Val: 9.4684e-06 | Test: 3.8307e-05 | LR=5.1e-04
Epoch  52/100 | Steps:  52000 | α=1e-02 | Loss: 1.1603e-04 | BC: 9.3867e-06 | PDE: 1.0664e-02 | Val: 8.4317e-06 | Test: 3.8386e-05 | LR=4.9e-04
Epoch  53/100 | Steps:  53000 | α=1e-02 | Loss: 1.0717e-04 | BC: 8.3322e-06 | PDE: 9.8833e-03 | Val: 8.8510e-06 | Test: 3.8388e-05 | LR=4.7e-04
Epoch  54/100 | Steps:  54000 | α=1e-02 | Loss: 1.0675e-04 | BC: 8.6698e-06 | PDE: 9.8078e-03 | Val: 5.7479e-06 | Test: 3.6079e-05 | LR=4.6e-04
Epoch  55/100 | Steps:  55000 | α=1e-02 | Loss: 9.3765e-05 | BC: 8.4445e-06 | PDE: 8.5320e-03 | Val: 1.7122e-05 | Test: 4.7928e-05 | LR=4.4e-04
Epoch  56/100 | Steps:  56000 | α=1e-02 | Loss: 8.4790e-05 | BC: 7.6282e-06 | PDE: 7.7162e-03 | Val: 5.0332e-06 | Test: 3.4548e-05 | LR=4.3e-04 *
Epoch  57/100 | Steps:  57000 | α=1e-02 | Loss: 8.2969e-05 | BC: 7.0828e-06 | PDE: 7.5886e-03 | Val: 5.7536e-06 | Test: 3.6107e-05 | LR=4.1e-04
Epoch  58/100 | Steps:  58000 | α=1e-02 | Loss: 8.9055e-05 | BC: 7.8122e-06 | PDE: 8.1242e-03 | Val: 5.9516e-06 | Test: 3.6156e-05 | LR=4.0e-04
Epoch  59/100 | Steps:  59000 | α=1e-02 | Loss: 6.6821e-05 | BC: 6.6629e-06 | PDE: 6.0158e-03 | Val: 5.6243e-06 | Test: 3.5902e-05 | LR=3.8e-04
Epoch  60/100 | Steps:  60000 | α=1e-02 | Loss: 6.0233e-05 | BC: 6.2209e-06 | PDE: 5.4012e-03 | Val: 5.0973e-06 | Test: 3.6221e-05 | LR=3.7e-04
Epoch  61/100 | Steps:  61000 | α=1e-02 | Loss: 7.4149e-05 | BC: 6.8298e-06 | PDE: 6.7320e-03 | Val: 9.7854e-06 | Test: 3.8461e-05 | LR=3.5e-04
Epoch  62/100 | Steps:  62000 | α=1e-02 | Loss: 5.3960e-05 | BC: 5.9362e-06 | PDE: 4.8024e-03 | Val: 7.6774e-06 | Test: 3.8124e-05 | LR=3.4e-04
Epoch  63/100 | Steps:  63000 | α=1e-02 | Loss: 5.5649e-05 | BC: 5.7842e-06 | PDE: 4.9865e-03 | Val: 7.0773e-06 | Test: 3.6780e-05 | LR=3.2e-04
Epoch  64/100 | Steps:  64000 | α=1e-02 | Loss: 4.9722e-05 | BC: 5.6269e-06 | PDE: 4.4095e-03 | Val: 4.3653e-06 | Test: 3.3521e-05 | LR=3.1e-04 *
Epoch  65/100 | Steps:  65000 | α=1e-02 | Loss: 4.7151e-05 | BC: 5.5458e-06 | PDE: 4.1606e-03 | Val: 6.0127e-06 | Test: 3.5266e-05 | LR=2.9e-04
Epoch  66/100 | Steps:  66000 | α=1e-02 | Loss: 4.2328e-05 | BC: 5.4101e-06 | PDE: 3.6918e-03 | Val: 4.4948e-06 | Test: 3.4397e-05 | LR=2.8e-04
Epoch  67/100 | Steps:  67000 | α=1e-02 | Loss: 4.3666e-05 | BC: 5.3095e-06 | PDE: 3.8357e-03 | Val: 5.5690e-06 | Test: 3.3618e-05 | LR=2.7e-04
Epoch  68/100 | Steps:  68000 | α=1e-02 | Loss: 3.7489e-05 | BC: 4.9136e-06 | PDE: 3.2575e-03 | Val: 4.2308e-06 | Test: 3.4093e-05 | LR=2.5e-04 *
Epoch  69/100 | Steps:  69000 | α=1e-02 | Loss: 3.6689e-05 | BC: 4.9345e-06 | PDE: 3.1754e-03 | Val: 5.2422e-06 | Test: 3.4531e-05 | LR=2.4e-04
Epoch  70/100 | Steps:  70000 | α=1e-02 | Loss: 3.3226e-05 | BC: 4.7802e-06 | PDE: 2.8446e-03 | Val: 6.2797e-06 | Test: 3.5795e-05 | LR=2.3e-04
Epoch  71/100 | Steps:  71000 | α=1e-02 | Loss: 3.1866e-05 | BC: 4.5816e-06 | PDE: 2.7285e-03 | Val: 4.9019e-06 | Test: 3.6324e-05 | LR=2.1e-04
Epoch  72/100 | Steps:  72000 | α=1e-02 | Loss: 2.7688e-05 | BC: 4.4569e-06 | PDE: 2.3231e-03 | Val: 5.7077e-06 | Test: 3.5314e-05 | LR=2.0e-04
Epoch  73/100 | Steps:  73000 | α=1e-02 | Loss: 2.6165e-05 | BC: 4.3834e-06 | PDE: 2.1781e-03 | Val: 4.6936e-06 | Test: 3.3944e-05 | LR=1.9e-04
Epoch  74/100 | Steps:  74000 | α=1e-02 | Loss: 2.3599e-05 | BC: 4.3415e-06 | PDE: 1.9258e-03 | Val: 4.6699e-06 | Test: 3.3660e-05 | LR=1.8e-04
Epoch  75/100 | Steps:  75000 | α=1e-02 | Loss: 2.3695e-05 | BC: 4.2028e-06 | PDE: 1.9492e-03 | Val: 4.3362e-06 | Test: 3.3534e-05 | LR=1.7e-04
Epoch  76/100 | Steps:  76000 | α=1e-02 | Loss: 2.1043e-05 | BC: 4.1993e-06 | PDE: 1.6843e-03 | Val: 5.5081e-06 | Test: 3.5973e-05 | LR=1.5e-04
Epoch  77/100 | Steps:  77000 | α=1e-02 | Loss: 1.9936e-05 | BC: 4.0383e-06 | PDE: 1.5897e-03 | Val: 3.9673e-06 | Test: 3.3633e-05 | LR=1.4e-04 *
Epoch  78/100 | Steps:  78000 | α=1e-02 | Loss: 1.8210e-05 | BC: 4.0147e-06 | PDE: 1.4195e-03 | Val: 4.2275e-06 | Test: 3.3619e-05 | LR=1.3e-04
Epoch  79/100 | Steps:  79000 | α=1e-02 | Loss: 1.6667e-05 | BC: 3.9337e-06 | PDE: 1.2733e-03 | Val: 4.0866e-06 | Test: 3.4786e-05 | LR=1.2e-04
Epoch  80/100 | Steps:  80000 | α=1e-02 | Loss: 1.6661e-05 | BC: 3.8278e-06 | PDE: 1.2833e-03 | Val: 4.1162e-06 | Test: 3.3276e-05 | LR=1.1e-04
Epoch  81/100 | Steps:  81000 | α=1e-02 | Loss: 1.5119e-05 | BC: 3.8193e-06 | PDE: 1.1300e-03 | Val: 4.1647e-06 | Test: 3.3158e-05 | LR=1.0e-04
Epoch  82/100 | Steps:  82000 | α=1e-02 | Loss: 1.4976e-05 | BC: 3.7504e-06 | PDE: 1.1225e-03 | Val: 3.6861e-06 | Test: 3.2560e-05 | LR=9.6e-05 *
Epoch  83/100 | Steps:  83000 | α=1e-02 | Loss: 1.4536e-05 | BC: 3.7440e-06 | PDE: 1.0792e-03 | Val: 3.9339e-06 | Test: 3.3166e-05 | LR=8.7e-05
Epoch  84/100 | Steps:  84000 | α=1e-02 | Loss: 1.2486e-05 | BC: 3.6409e-06 | PDE: 8.8453e-04 | Val: 3.8327e-06 | Test: 3.3086e-05 | LR=7.9e-05

Both thresholds reached -- BC (val): 3.8327e-06 < 1.0000e-04, PDE: 8.8453e-04 < 1.0000e-03

Restored best model from epoch 82 (val_loss: 3.6861e-06, test_loss: 3.2560e-05)
Best checkpoint saved to: outputs/expr_6_3_iter/p2to20_square/fix_alpha_band1_1e-2/checkpoints/best_model.pt
Final checkpoint saved to: outputs/expr_6_3_iter/p2to20_square/fix_alpha_band1_1e-2/checkpoints/final_model.pt
Training completed in 774.24s (84,000 total steps)
  Stage 11 (p=20) PDE diagnostics:
    p-Lap (p=20) raw:        3.1079e+04
    p-Lap (p=20) normalized: 9.5246e-03
    Inf-Lap raw:              3.7214e-02
    Inf-Lap normalized:       3.9958e-02

Iterative training completed in 7556.98s
Total epochs: 729

Final Test MSE: 3.3086e-05
Inference (per point): 7.7698e-05s | (full domain): 7.6699e-05s
p-Lap (p=20) PDE test (raw):        3.1079e+04
p-Lap (p=20) PDE test (normalized): 9.5246e-03
Inf-Lap PDE test (raw):                    3.7214e-02
Inf-Lap PDE test (normalized):             3.9958e-02
Saved .npz files to outputs/expr_6_3_iter/p2to20_square/fix_alpha_band1_1e-2/npy/
Saved plot to outputs/expr_6_3_iter/p2to20_square/fix_alpha_band1_1e-2/plots/results.png
