
============================================================
p-Laplacian Aronsson Example
============================================================

Generated full domain data:
  Boundary points: 40,000
  Interior points: 1,000,000
  Test points: 10,000
Re-sampling enabled: ~1,000,000 interior points per epoch

Splitting data: 80% train, 20% validation
  BC: 32,000 train, 8,000 val
  Interior: 800,000 train, 200,000 val

Model: PLaplacianPINN on Square [-1,1]²
  Hidden layers: [128, 128, 128, 128], activation: tanh
  η=1e-05, clip_residual=100.0, clip_grad_norm=1.0
  Outlier removal: top 2.0%
  Parameters: 50,049

Iterative Training Schedule:
  p values: [2, 3, 4, 5, 6, 7, 8, 9, 10, 15, 20]
  Epochs per p: 100


============================================================
Stage 1/11: Training with p=2
============================================================

Training configuration:
  Boundary points (train): 32,000 -> 80 batches of 400
  Interior points (train): 1,000,000 -> 1000 batches of 1000
  Interior sampling: RE-SAMPLE each epoch
  Boundary points (val): 8,000
  Validation loss: BC only
  Steps per epoch: 1,000
  Total steps: 100,000
  Epochs: 100
  Loss balancing: FixedAlphaSchedule
  LR scheduler: cosine (LR: 1.0e-03 -> 1.0e-05)

/usr/local/lib/python3.12/dist-packages/torch/autograd/graph.py:824: UserWarning: Attempting to run cuBLAS, but there was no current CUDA context! Attempting to set the primary context... (Triggered internally at /opt/pytorch/pytorch/aten/src/ATen/cuda/CublasHandlePool.cpp:181.)
  return Variable._execution_engine.run_backward(  # Calls into the C++ engine to run the backward pass
Epoch   1/100 | Steps:   1000 | α=1e-05 | Loss: 2.2509e-02 | BC: 2.2351e-02 | PDE: 1.5763e+01 | Val: 3.3566e-04 | Test: 1.8322e-03 | LR=1.0e-03 *
Epoch   2/100 | Steps:   2000 | α=1e-05 | Loss: 4.6503e-04 | BC: 3.5193e-04 | PDE: 1.1310e+01 | Val: 2.0297e-04 | Test: 9.4125e-04 | LR=1.0e-03 *
Epoch   3/100 | Steps:   3000 | α=1e-05 | Loss: 3.7712e-04 | BC: 2.7850e-04 | PDE: 9.8618e+00 | Val: 5.2723e-04 | Test: 1.0157e-03 | LR=1.0e-03
Epoch   4/100 | Steps:   4000 | α=1e-05 | Loss: 3.5477e-04 | BC: 2.6091e-04 | PDE: 9.3865e+00 | Val: 4.8985e-05 | Test: 2.6112e-03 | LR=1.0e-03 *
Epoch   5/100 | Steps:   5000 | α=1e-05 | Loss: 2.9448e-04 | BC: 2.0793e-04 | PDE: 8.6552e+00 | Val: 3.3818e-04 | Test: 3.1052e-03 | LR=1.0e-03
Epoch   6/100 | Steps:   6000 | α=1e-05 | Loss: 2.6740e-04 | BC: 1.8999e-04 | PDE: 7.7407e+00 | Val: 3.1907e-04 | Test: 6.1849e-03 | LR=9.9e-04
Epoch   7/100 | Steps:   7000 | α=1e-05 | Loss: 2.4627e-04 | BC: 1.7896e-04 | PDE: 6.7308e+00 | Val: 3.6856e-05 | Test: 6.2416e-03 | LR=9.9e-04 *
Epoch   8/100 | Steps:   8000 | α=1e-05 | Loss: 2.1171e-04 | BC: 1.5496e-04 | PDE: 5.6754e+00 | Val: 4.1373e-05 | Test: 8.3979e-03 | LR=9.9e-04
Epoch   9/100 | Steps:   9000 | α=1e-05 | Loss: 2.0364e-04 | BC: 1.5529e-04 | PDE: 4.8347e+00 | Val: 9.7322e-05 | Test: 1.2664e-02 | LR=9.8e-04
Epoch  10/100 | Steps:  10000 | α=1e-05 | Loss: 1.7292e-04 | BC: 1.3169e-04 | PDE: 4.1233e+00 | Val: 8.6936e-05 | Test: 1.2181e-02 | LR=9.8e-04
Epoch  11/100 | Steps:  11000 | α=1e-05 | Loss: 1.4933e-04 | BC: 1.1691e-04 | PDE: 3.2413e+00 | Val: 2.9812e-04 | Test: 1.4126e-02 | LR=9.8e-04
Epoch  12/100 | Steps:  12000 | α=1e-05 | Loss: 1.5119e-04 | BC: 1.2669e-04 | PDE: 2.4492e+00 | Val: 3.0535e-05 | Test: 1.1131e-02 | LR=9.7e-04 *
Epoch  13/100 | Steps:  13000 | α=1e-05 | Loss: 1.0732e-04 | BC: 8.8958e-05 | PDE: 1.8358e+00 | Val: 4.2718e-05 | Test: 8.4110e-03 | LR=9.7e-04
Epoch  14/100 | Steps:  14000 | α=1e-05 | Loss: 1.2121e-04 | BC: 1.0668e-04 | PDE: 1.4534e+00 | Val: 2.0269e-04 | Test: 7.1924e-03 | LR=9.6e-04
Epoch  15/100 | Steps:  15000 | α=1e-05 | Loss: 9.8763e-05 | BC: 8.6694e-05 | PDE: 1.2069e+00 | Val: 2.0751e-05 | Test: 6.1334e-03 | LR=9.5e-04 *
Epoch  16/100 | Steps:  16000 | α=1e-05 | Loss: 9.3567e-05 | BC: 8.3587e-05 | PDE: 9.9799e-01 | Val: 6.5040e-05 | Test: 4.7799e-03 | LR=9.5e-04
Epoch  17/100 | Steps:  17000 | α=1e-05 | Loss: 9.4664e-05 | BC: 8.6011e-05 | PDE: 8.6537e-01 | Val: 2.8179e-05 | Test: 4.2241e-03 | LR=9.4e-04
Epoch  18/100 | Steps:  18000 | α=1e-05 | Loss: 6.9001e-05 | BC: 6.1705e-05 | PDE: 7.2958e-01 | Val: 8.2654e-05 | Test: 4.4039e-03 | LR=9.3e-04
Epoch  19/100 | Steps:  19000 | α=1e-05 | Loss: 7.6696e-05 | BC: 7.0150e-05 | PDE: 6.5459e-01 | Val: 6.5327e-05 | Test: 4.1749e-03 | LR=9.2e-04
Epoch  20/100 | Steps:  20000 | α=1e-05 | Loss: 6.8949e-05 | BC: 6.3375e-05 | PDE: 5.5745e-01 | Val: 3.1702e-05 | Test: 3.9852e-03 | LR=9.1e-04
Epoch  21/100 | Steps:  21000 | α=1e-05 | Loss: 6.2384e-05 | BC: 5.7469e-05 | PDE: 4.9152e-01 | Val: 5.3383e-06 | Test: 4.1163e-03 | LR=9.1e-04 *
Epoch  22/100 | Steps:  22000 | α=1e-05 | Loss: 6.4413e-05 | BC: 6.0102e-05 | PDE: 4.3108e-01 | Val: 3.2591e-05 | Test: 3.8227e-03 | LR=9.0e-04
Epoch  23/100 | Steps:  23000 | α=1e-05 | Loss: 5.7330e-05 | BC: 5.3561e-05 | PDE: 3.7681e-01 | Val: 1.8239e-05 | Test: 3.9490e-03 | LR=8.9e-04
Epoch  24/100 | Steps:  24000 | α=1e-05 | Loss: 4.3455e-05 | BC: 4.0171e-05 | PDE: 3.2840e-01 | Val: 5.7116e-05 | Test: 4.1200e-03 | LR=8.8e-04
Epoch  25/100 | Steps:  25000 | α=1e-05 | Loss: 5.0324e-05 | BC: 4.7313e-05 | PDE: 3.0114e-01 | Val: 6.1303e-06 | Test: 4.0910e-03 | LR=8.7e-04
Epoch  26/100 | Steps:  26000 | α=1e-05 | Loss: 4.4900e-05 | BC: 4.2177e-05 | PDE: 2.7228e-01 | Val: 3.0812e-05 | Test: 3.9304e-03 | LR=8.6e-04
Epoch  27/100 | Steps:  27000 | α=1e-05 | Loss: 4.8852e-05 | BC: 4.6319e-05 | PDE: 2.5330e-01 | Val: 4.1307e-05 | Test: 3.8764e-03 | LR=8.4e-04
Epoch  28/100 | Steps:  28000 | α=1e-05 | Loss: 3.7739e-05 | BC: 3.5483e-05 | PDE: 2.2554e-01 | Val: 1.0511e-04 | Test: 4.0396e-03 | LR=8.3e-04
Epoch  29/100 | Steps:  29000 | α=1e-05 | Loss: 4.2810e-05 | BC: 4.0640e-05 | PDE: 2.1708e-01 | Val: 4.1813e-06 | Test: 4.1245e-03 | LR=8.2e-04 *
Epoch  30/100 | Steps:  30000 | α=1e-05 | Loss: 3.5821e-05 | BC: 3.3837e-05 | PDE: 1.9838e-01 | Val: 6.3496e-06 | Test: 4.0886e-03 | LR=8.1e-04
Epoch  31/100 | Steps:  31000 | α=1e-05 | Loss: 3.6822e-05 | BC: 3.4909e-05 | PDE: 1.9133e-01 | Val: 3.9512e-06 | Test: 4.1305e-03 | LR=8.0e-04 *
Epoch  32/100 | Steps:  32000 | α=1e-05 | Loss: 5.7973e-05 | BC: 5.5533e-05 | PDE: 2.4396e-01 | Val: 2.1282e-06 | Test: 4.1466e-03 | LR=7.8e-04 *
Epoch  33/100 | Steps:  33000 | α=1e-05 | Loss: 2.0313e-05 | BC: 1.8739e-05 | PDE: 1.5742e-01 | Val: 2.1822e-06 | Test: 4.1127e-03 | LR=7.7e-04
Epoch  34/100 | Steps:  34000 | α=1e-05 | Loss: 2.7397e-05 | BC: 2.5913e-05 | PDE: 1.4840e-01 | Val: 3.8976e-05 | Test: 3.9865e-03 | LR=7.6e-04
Epoch  35/100 | Steps:  35000 | α=1e-05 | Loss: 2.8859e-05 | BC: 2.7382e-05 | PDE: 1.4772e-01 | Val: 1.0834e-04 | Test: 4.3351e-03 | LR=7.4e-04
Epoch  36/100 | Steps:  36000 | α=1e-05 | Loss: 3.3874e-05 | BC: 3.2400e-05 | PDE: 1.4736e-01 | Val: 7.4220e-06 | Test: 4.0519e-03 | LR=7.3e-04
Epoch  37/100 | Steps:  37000 | α=1e-05 | Loss: 1.9932e-05 | BC: 1.8684e-05 | PDE: 1.2479e-01 | Val: 4.2828e-06 | Test: 4.1697e-03 | LR=7.2e-04
Epoch  38/100 | Steps:  38000 | α=1e-05 | Loss: 2.4427e-05 | BC: 2.3170e-05 | PDE: 1.2577e-01 | Val: 3.6717e-06 | Test: 4.0960e-03 | LR=7.0e-04
Epoch  39/100 | Steps:  39000 | α=1e-05 | Loss: 2.2891e-05 | BC: 2.1660e-05 | PDE: 1.2312e-01 | Val: 2.5244e-06 | Test: 4.2340e-03 | LR=6.9e-04
Epoch  40/100 | Steps:  40000 | α=1e-05 | Loss: 1.9949e-05 | BC: 1.8846e-05 | PDE: 1.1033e-01 | Val: 2.0575e-06 | Test: 4.2466e-03 | LR=6.7e-04 *
Epoch  41/100 | Steps:  41000 | α=1e-05 | Loss: 2.6837e-05 | BC: 2.5673e-05 | PDE: 1.1646e-01 | Val: 1.6203e-05 | Test: 4.1105e-03 | LR=6.6e-04
Epoch  42/100 | Steps:  42000 | α=1e-05 | Loss: 1.2856e-05 | BC: 1.1821e-05 | PDE: 1.0351e-01 | Val: 3.8822e-06 | Test: 4.2324e-03 | LR=6.4e-04
Epoch  43/100 | Steps:  43000 | α=1e-05 | Loss: 1.8247e-05 | BC: 1.7236e-05 | PDE: 1.0113e-01 | Val: 8.7354e-06 | Test: 4.1840e-03 | LR=6.3e-04
Epoch  44/100 | Steps:  44000 | α=1e-05 | Loss: 2.1625e-05 | BC: 2.0559e-05 | PDE: 1.0660e-01 | Val: 2.1996e-06 | Test: 4.1217e-03 | LR=6.1e-04
Epoch  45/100 | Steps:  45000 | α=1e-05 | Loss: 1.2832e-05 | BC: 1.1884e-05 | PDE: 9.4805e-02 | Val: 1.6307e-05 | Test: 4.2103e-03 | LR=6.0e-04
Epoch  46/100 | Steps:  46000 | α=1e-05 | Loss: 1.4208e-05 | BC: 1.3292e-05 | PDE: 9.1680e-02 | Val: 4.3131e-06 | Test: 4.2685e-03 | LR=5.8e-04
Epoch  47/100 | Steps:  47000 | α=1e-05 | Loss: 1.5168e-05 | BC: 1.4253e-05 | PDE: 9.1469e-02 | Val: 1.3277e-06 | Test: 4.2601e-03 | LR=5.7e-04 *
Epoch  48/100 | Steps:  48000 | α=1e-05 | Loss: 1.2928e-05 | BC: 1.2063e-05 | PDE: 8.6490e-02 | Val: 7.0452e-06 | Test: 4.2576e-03 | LR=5.5e-04
Epoch  49/100 | Steps:  49000 | α=1e-05 | Loss: 1.4226e-05 | BC: 1.3360e-05 | PDE: 8.6669e-02 | Val: 9.8554e-07 | Test: 4.1675e-03 | LR=5.4e-04 *
Epoch  50/100 | Steps:  50000 | α=1e-05 | Loss: 1.0114e-05 | BC: 9.2841e-06 | PDE: 8.3016e-02 | Val: 1.0286e-05 | Test: 4.1710e-03 | LR=5.2e-04
Epoch  51/100 | Steps:  51000 | α=1e-05 | Loss: 1.1090e-05 | BC: 1.0293e-05 | PDE: 7.9769e-02 | Val: 1.5550e-06 | Test: 4.2726e-03 | LR=5.1e-04
Epoch  52/100 | Steps:  52000 | α=1e-05 | Loss: 1.0465e-05 | BC: 9.6823e-06 | PDE: 7.8252e-02 | Val: 1.1689e-05 | Test: 4.3135e-03 | LR=4.9e-04
Epoch  53/100 | Steps:  53000 | α=1e-05 | Loss: 1.0309e-05 | BC: 9.5300e-06 | PDE: 7.7899e-02 | Val: 5.3880e-06 | Test: 4.2704e-03 | LR=4.7e-04
Epoch  54/100 | Steps:  54000 | α=1e-05 | Loss: 8.7931e-06 | BC: 8.0801e-06 | PDE: 7.1305e-02 | Val: 2.3412e-06 | Test: 4.2734e-03 | LR=4.6e-04
Epoch  55/100 | Steps:  55000 | α=1e-05 | Loss: 8.9126e-06 | BC: 8.2004e-06 | PDE: 7.1216e-02 | Val: 4.4080e-06 | Test: 4.2554e-03 | LR=4.4e-04
Epoch  56/100 | Steps:  56000 | α=1e-05 | Loss: 8.5536e-06 | BC: 7.8829e-06 | PDE: 6.7076e-02 | Val: 3.4288e-05 | Test: 4.1318e-03 | LR=4.3e-04
Epoch  57/100 | Steps:  57000 | α=1e-05 | Loss: 7.2354e-06 | BC: 6.5763e-06 | PDE: 6.5911e-02 | Val: 2.1644e-06 | Test: 4.3067e-03 | LR=4.1e-04
Epoch  58/100 | Steps:  58000 | α=1e-05 | Loss: 7.0672e-06 | BC: 6.4331e-06 | PDE: 6.3403e-02 | Val: 3.2709e-06 | Test: 4.2479e-03 | LR=4.0e-04
Epoch  59/100 | Steps:  59000 | α=1e-05 | Loss: 7.2958e-06 | BC: 6.6830e-06 | PDE: 6.1276e-02 | Val: 3.0492e-06 | Test: 4.2927e-03 | LR=3.8e-04
Epoch  60/100 | Steps:  60000 | α=1e-05 | Loss: 5.6141e-06 | BC: 5.0331e-06 | PDE: 5.8106e-02 | Val: 1.4042e-06 | Test: 4.3045e-03 | LR=3.7e-04
Epoch  61/100 | Steps:  61000 | α=1e-05 | Loss: 6.2104e-06 | BC: 5.6360e-06 | PDE: 5.7436e-02 | Val: 1.7743e-06 | Test: 4.2910e-03 | LR=3.5e-04
Epoch  62/100 | Steps:  62000 | α=1e-05 | Loss: 4.6094e-06 | BC: 4.0694e-06 | PDE: 5.3994e-02 | Val: 9.0408e-07 | Test: 4.3054e-03 | LR=3.4e-04 *
Epoch  63/100 | Steps:  63000 | α=1e-05 | Loss: 4.8735e-06 | BC: 4.3384e-06 | PDE: 5.3512e-02 | Val: 1.2877e-05 | Test: 4.2999e-03 | LR=3.2e-04
Epoch  64/100 | Steps:  64000 | α=1e-05 | Loss: 4.3051e-06 | BC: 3.7959e-06 | PDE: 5.0921e-02 | Val: 1.9331e-06 | Test: 4.3021e-03 | LR=3.1e-04
Epoch  65/100 | Steps:  65000 | α=1e-05 | Loss: 4.1927e-06 | BC: 3.6967e-06 | PDE: 4.9598e-02 | Val: 1.8092e-06 | Test: 4.3231e-03 | LR=2.9e-04
Epoch  66/100 | Steps:  66000 | α=1e-05 | Loss: 3.6142e-06 | BC: 3.1238e-06 | PDE: 4.9037e-02 | Val: 1.8081e-06 | Test: 4.3301e-03 | LR=2.8e-04
Epoch  67/100 | Steps:  67000 | α=1e-05 | Loss: 3.8003e-06 | BC: 3.3211e-06 | PDE: 4.7915e-02 | Val: 1.4359e-06 | Test: 4.3597e-03 | LR=2.7e-04
Epoch  68/100 | Steps:  68000 | α=1e-05 | Loss: 2.8323e-06 | BC: 2.3770e-06 | PDE: 4.5532e-02 | Val: 3.0971e-06 | Test: 4.3133e-03 | LR=2.5e-04
Epoch  69/100 | Steps:  69000 | α=1e-05 | Loss: 3.0183e-06 | BC: 2.5788e-06 | PDE: 4.3950e-02 | Val: 2.3132e-06 | Test: 4.3267e-03 | LR=2.4e-04
Epoch  70/100 | Steps:  70000 | α=1e-05 | Loss: 2.4600e-06 | BC: 2.0421e-06 | PDE: 4.1788e-02 | Val: 1.0319e-06 | Test: 4.3694e-03 | LR=2.3e-04
Epoch  71/100 | Steps:  71000 | α=1e-05 | Loss: 2.7125e-06 | BC: 2.2877e-06 | PDE: 4.2480e-02 | Val: 1.6518e-06 | Test: 4.3571e-03 | LR=2.1e-04
Epoch  72/100 | Steps:  72000 | α=1e-05 | Loss: 2.3097e-06 | BC: 1.9069e-06 | PDE: 4.0284e-02 | Val: 5.2642e-07 | Test: 4.3138e-03 | LR=2.0e-04 *
Epoch  73/100 | Steps:  73000 | α=1e-05 | Loss: 2.0587e-06 | BC: 1.6653e-06 | PDE: 3.9339e-02 | Val: 1.2494e-06 | Test: 4.3686e-03 | LR=1.9e-04
Epoch  74/100 | Steps:  74000 | α=1e-05 | Loss: 1.9334e-06 | BC: 1.5553e-06 | PDE: 3.7807e-02 | Val: 1.3319e-06 | Test: 4.3422e-03 | LR=1.8e-04
Epoch  75/100 | Steps:  75000 | α=1e-05 | Loss: 1.7048e-06 | BC: 1.3362e-06 | PDE: 3.6856e-02 | Val: 1.0022e-06 | Test: 4.3501e-03 | LR=1.7e-04
Epoch  76/100 | Steps:  76000 | α=1e-05 | Loss: 1.5664e-06 | BC: 1.2045e-06 | PDE: 3.6183e-02 | Val: 6.8753e-07 | Test: 4.3416e-03 | LR=1.5e-04
Epoch  77/100 | Steps:  77000 | α=1e-05 | Loss: 1.5655e-06 | BC: 1.2196e-06 | PDE: 3.4585e-02 | Val: 1.0183e-06 | Test: 4.3451e-03 | LR=1.4e-04
Epoch  78/100 | Steps:  78000 | α=1e-05 | Loss: 1.3953e-06 | BC: 1.0447e-06 | PDE: 3.5054e-02 | Val: 1.0310e-06 | Test: 4.3545e-03 | LR=1.3e-04
Epoch  79/100 | Steps:  79000 | α=1e-05 | Loss: 1.1989e-06 | BC: 8.7169e-07 | PDE: 3.2726e-02 | Val: 1.1401e-06 | Test: 4.3295e-03 | LR=1.2e-04
Epoch  80/100 | Steps:  80000 | α=1e-05 | Loss: 1.1922e-06 | BC: 8.6764e-07 | PDE: 3.2456e-02 | Val: 5.8861e-07 | Test: 4.3352e-03 | LR=1.1e-04
Epoch  81/100 | Steps:  81000 | α=1e-05 | Loss: 1.0799e-06 | BC: 7.6634e-07 | PDE: 3.1357e-02 | Val: 5.1187e-07 | Test: 4.3484e-03 | LR=1.0e-04 *
Epoch  82/100 | Steps:  82000 | α=1e-05 | Loss: 1.0225e-06 | BC: 6.9900e-07 | PDE: 3.2349e-02 | Val: 8.9498e-07 | Test: 4.3434e-03 | LR=9.6e-05
Epoch  83/100 | Steps:  83000 | α=1e-05 | Loss: 9.1323e-07 | BC: 6.1137e-07 | PDE: 3.0186e-02 | Val: 4.2819e-07 | Test: 4.3609e-03 | LR=8.7e-05 *
Epoch  84/100 | Steps:  84000 | α=1e-05 | Loss: 8.4194e-07 | BC: 5.5485e-07 | PDE: 2.8709e-02 | Val: 7.7899e-07 | Test: 4.3473e-03 | LR=7.9e-05
Epoch  85/100 | Steps:  85000 | α=1e-05 | Loss: 7.9800e-07 | BC: 5.1780e-07 | PDE: 2.8021e-02 | Val: 6.5065e-07 | Test: 4.3458e-03 | LR=7.1e-05
Epoch  86/100 | Steps:  86000 | α=1e-05 | Loss: 7.5366e-07 | BC: 4.7682e-07 | PDE: 2.7684e-02 | Val: 4.1577e-07 | Test: 4.3381e-03 | LR=6.4e-05 *
Epoch  87/100 | Steps:  87000 | α=1e-05 | Loss: 7.1483e-07 | BC: 4.4016e-07 | PDE: 2.7468e-02 | Val: 4.8809e-07 | Test: 4.3656e-03 | LR=5.7e-05
Epoch  88/100 | Steps:  88000 | α=1e-05 | Loss: 6.6577e-07 | BC: 4.0103e-07 | PDE: 2.6473e-02 | Val: 6.2162e-07 | Test: 4.3402e-03 | LR=5.1e-05
Epoch  89/100 | Steps:  89000 | α=1e-05 | Loss: 6.3386e-07 | BC: 3.7079e-07 | PDE: 2.6307e-02 | Val: 5.4631e-07 | Test: 4.3641e-03 | LR=4.5e-05
Epoch  90/100 | Steps:  90000 | α=1e-05 | Loss: 6.1766e-07 | BC: 3.5610e-07 | PDE: 2.6156e-02 | Val: 3.9982e-07 | Test: 4.3516e-03 | LR=3.9e-05 *
Epoch  91/100 | Steps:  91000 | α=1e-05 | Loss: 5.8150e-07 | BC: 3.2364e-07 | PDE: 2.5786e-02 | Val: 3.7665e-07 | Test: 4.3616e-03 | LR=3.4e-05 *
Epoch  92/100 | Steps:  92000 | α=1e-05 | Loss: 5.6768e-07 | BC: 3.1253e-07 | PDE: 2.5515e-02 | Val: 2.9910e-07 | Test: 4.3635e-03 | LR=3.0e-05 *
Epoch  93/100 | Steps:  93000 | α=1e-05 | Loss: 5.4717e-07 | BC: 2.9677e-07 | PDE: 2.5040e-02 | Val: 2.9743e-07 | Test: 4.3638e-03 | LR=2.6e-05 *
Epoch  94/100 | Steps:  94000 | α=1e-05 | Loss: 5.3841e-07 | BC: 2.8915e-07 | PDE: 2.4926e-02 | Val: 3.8050e-07 | Test: 4.3689e-03 | LR=2.2e-05
Epoch  95/100 | Steps:  95000 | α=1e-05 | Loss: 5.2059e-07 | BC: 2.7876e-07 | PDE: 2.4183e-02 | Val: 2.9360e-07 | Test: 4.3532e-03 | LR=1.9e-05 *
Epoch  96/100 | Steps:  96000 | α=1e-05 | Loss: 5.0501e-07 | BC: 2.6474e-07 | PDE: 2.4027e-02 | Val: 2.9618e-07 | Test: 4.3644e-03 | LR=1.6e-05
Epoch  97/100 | Steps:  97000 | α=1e-05 | Loss: 5.0627e-07 | BC: 2.6559e-07 | PDE: 2.4068e-02 | Val: 3.0340e-07 | Test: 4.3491e-03 | LR=1.4e-05
Epoch  98/100 | Steps:  98000 | α=1e-05 | Loss: 4.9715e-07 | BC: 2.5685e-07 | PDE: 2.4030e-02 | Val: 2.7989e-07 | Test: 4.3631e-03 | LR=1.2e-05 *
Epoch  99/100 | Steps:  99000 | α=1e-05 | Loss: 4.9547e-07 | BC: 2.5338e-07 | PDE: 2.4209e-02 | Val: 2.8735e-07 | Test: 4.3717e-03 | LR=1.1e-05
Epoch 100/100 | Steps: 100000 | α=1e-05 | Loss: 4.8716e-07 | BC: 2.4980e-07 | PDE: 2.3736e-02 | Val: 2.9425e-07 | Test: 4.3699e-03 | LR=1.0e-05

Restored best model from epoch 98 (val_loss: 2.7989e-07, test_loss: 4.3631e-03)
Best checkpoint saved to: outputs/expr_7_2_iter/p2to20_square/fix_alpha_band1_1e-5/checkpoints/best_model.pt
Final checkpoint saved to: outputs/expr_7_2_iter/p2to20_square/fix_alpha_band1_1e-5/checkpoints/final_model.pt
Training completed in 865.97s (100,000 total steps)
  Stage 1 (p=2) PDE diagnostics:
    p-Lap (p=2) raw:        2.5245e-01
    p-Lap (p=2) normalized: 6.3113e-02
    Inf-Lap raw:              1.8419e+01
    Inf-Lap normalized:       2.2597e+00

============================================================
Stage 2/11: Training with p=3
============================================================

Training configuration:
  Boundary points (train): 32,000 -> 80 batches of 400
  Interior points (train): 1,000,000 -> 1000 batches of 1000
  Interior sampling: RE-SAMPLE each epoch
  Boundary points (val): 8,000
  Validation loss: BC only
  Steps per epoch: 1,000
  Total steps: 100,000
  Epochs: 100
  Loss balancing: FixedAlphaSchedule
  LR scheduler: cosine (LR: 1.0e-03 -> 1.0e-05)

Epoch   1/100 | Steps:   1000 | α=1e-05 | Loss: 6.1746e-05 | BC: 5.8443e-05 | PDE: 3.3030e-01 | Val: 1.1246e-05 | Test: 1.5036e-03 | LR=1.0e-03 *
Epoch   2/100 | Steps:   2000 | α=1e-05 | Loss: 2.8393e-05 | BC: 2.7445e-05 | PDE: 9.4792e-02 | Val: 1.2941e-05 | Test: 1.4923e-03 | LR=1.0e-03
Epoch   3/100 | Steps:   3000 | α=1e-05 | Loss: 3.3652e-05 | BC: 3.2555e-05 | PDE: 1.0971e-01 | Val: 4.0283e-06 | Test: 1.4691e-03 | LR=1.0e-03 *
Epoch   4/100 | Steps:   4000 | α=1e-05 | Loss: 3.0988e-05 | BC: 3.0123e-05 | PDE: 8.6521e-02 | Val: 3.5884e-05 | Test: 1.4436e-03 | LR=1.0e-03
Epoch   5/100 | Steps:   5000 | α=1e-05 | Loss: 2.9320e-05 | BC: 2.8461e-05 | PDE: 8.5810e-02 | Val: 2.1191e-06 | Test: 1.4601e-03 | LR=1.0e-03 *
Epoch   6/100 | Steps:   6000 | α=1e-05 | Loss: 4.4237e-05 | BC: 4.2655e-05 | PDE: 1.5824e-01 | Val: 1.3477e-04 | Test: 1.4705e-03 | LR=9.9e-04
Epoch   7/100 | Steps:   7000 | α=1e-05 | Loss: 2.5743e-05 | BC: 2.4974e-05 | PDE: 7.6873e-02 | Val: 5.9567e-05 | Test: 1.4757e-03 | LR=9.9e-04
Epoch   8/100 | Steps:   8000 | α=1e-05 | Loss: 2.9717e-05 | BC: 2.8873e-05 | PDE: 8.4418e-02 | Val: 3.5791e-05 | Test: 1.4408e-03 | LR=9.9e-04
Epoch   9/100 | Steps:   9000 | α=1e-05 | Loss: 3.9312e-05 | BC: 3.7835e-05 | PDE: 1.4774e-01 | Val: 1.6746e-06 | Test: 1.4185e-03 | LR=9.8e-04 *
Epoch  10/100 | Steps:  10000 | α=1e-05 | Loss: 2.0573e-05 | BC: 1.9891e-05 | PDE: 6.8234e-02 | Val: 4.3144e-05 | Test: 1.4102e-03 | LR=9.8e-04
Epoch  11/100 | Steps:  11000 | α=1e-05 | Loss: 2.6617e-05 | BC: 2.5835e-05 | PDE: 7.8181e-02 | Val: 1.2362e-04 | Test: 1.4845e-03 | LR=9.8e-04
Epoch  12/100 | Steps:  12000 | α=1e-05 | Loss: 2.4448e-05 | BC: 2.3606e-05 | PDE: 8.4184e-02 | Val: 9.9048e-06 | Test: 1.4345e-03 | LR=9.7e-04
Epoch  13/100 | Steps:  13000 | α=1e-05 | Loss: 3.1966e-05 | BC: 3.0798e-05 | PDE: 1.1678e-01 | Val: 1.8630e-05 | Test: 1.4687e-03 | LR=9.7e-04
Epoch  14/100 | Steps:  14000 | α=1e-05 | Loss: 2.2626e-05 | BC: 2.1818e-05 | PDE: 8.0850e-02 | Val: 1.5445e-05 | Test: 1.3705e-03 | LR=9.6e-04
Epoch  15/100 | Steps:  15000 | α=1e-05 | Loss: 2.3006e-05 | BC: 2.2119e-05 | PDE: 8.8681e-02 | Val: 1.7046e-06 | Test: 1.4366e-03 | LR=9.5e-04
Epoch  16/100 | Steps:  16000 | α=1e-05 | Loss: 2.3397e-05 | BC: 2.2480e-05 | PDE: 9.1681e-02 | Val: 3.2267e-05 | Test: 1.4262e-03 | LR=9.5e-04
Epoch  17/100 | Steps:  17000 | α=1e-05 | Loss: 2.5036e-05 | BC: 2.4165e-05 | PDE: 8.7190e-02 | Val: 2.1605e-06 | Test: 1.4268e-03 | LR=9.4e-04
Epoch  18/100 | Steps:  18000 | α=1e-05 | Loss: 1.8226e-05 | BC: 1.7448e-05 | PDE: 7.7876e-02 | Val: 2.3773e-06 | Test: 1.4501e-03 | LR=9.3e-04
Epoch  19/100 | Steps:  19000 | α=1e-05 | Loss: 2.3941e-05 | BC: 2.3073e-05 | PDE: 8.6819e-02 | Val: 2.0782e-06 | Test: 1.4440e-03 | LR=9.2e-04
Epoch  20/100 | Steps:  20000 | α=1e-05 | Loss: 4.3534e-05 | BC: 4.1742e-05 | PDE: 1.7916e-01 | Val: 4.6938e-07 | Test: 1.4339e-03 | LR=9.1e-04 *
Epoch  21/100 | Steps:  21000 | α=1e-05 | Loss: 5.3570e-06 | BC: 4.7685e-06 | PDE: 5.8848e-02 | Val: 5.5415e-06 | Test: 1.4355e-03 | LR=9.1e-04
Epoch  22/100 | Steps:  22000 | α=1e-05 | Loss: 1.7176e-05 | BC: 1.6460e-05 | PDE: 7.1537e-02 | Val: 2.2198e-05 | Test: 1.4022e-03 | LR=9.0e-04
Epoch  23/100 | Steps:  23000 | α=1e-05 | Loss: 1.6433e-05 | BC: 1.5746e-05 | PDE: 6.8651e-02 | Val: 2.1344e-05 | Test: 1.4279e-03 | LR=8.9e-04
Epoch  24/100 | Steps:  24000 | α=1e-05 | Loss: 1.6984e-05 | BC: 1.6279e-05 | PDE: 7.0551e-02 | Val: 2.4581e-06 | Test: 1.4686e-03 | LR=8.8e-04
Epoch  25/100 | Steps:  25000 | α=1e-05 | Loss: 2.5755e-05 | BC: 2.4736e-05 | PDE: 1.0189e-01 | Val: 5.9362e-07 | Test: 1.4367e-03 | LR=8.7e-04
Epoch  26/100 | Steps:  26000 | α=1e-05 | Loss: 1.1124e-05 | BC: 1.0535e-05 | PDE: 5.8851e-02 | Val: 2.5448e-06 | Test: 1.4226e-03 | LR=8.6e-04
Epoch  27/100 | Steps:  27000 | α=1e-05 | Loss: 1.4201e-05 | BC: 1.3553e-05 | PDE: 6.4737e-02 | Val: 3.6797e-05 | Test: 1.4578e-03 | LR=8.4e-04
Epoch  28/100 | Steps:  28000 | α=1e-05 | Loss: 1.8878e-05 | BC: 1.8116e-05 | PDE: 7.6182e-02 | Val: 4.1624e-06 | Test: 1.4435e-03 | LR=8.3e-04
Epoch  29/100 | Steps:  29000 | α=1e-05 | Loss: 1.1904e-05 | BC: 1.1309e-05 | PDE: 5.9525e-02 | Val: 2.6123e-06 | Test: 1.4520e-03 | LR=8.2e-04
Epoch  30/100 | Steps:  30000 | α=1e-05 | Loss: 1.4067e-05 | BC: 1.3458e-05 | PDE: 6.0894e-02 | Val: 4.8259e-05 | Test: 1.3583e-03 | LR=8.1e-04
Epoch  31/100 | Steps:  31000 | α=1e-05 | Loss: 1.4615e-05 | BC: 1.3983e-05 | PDE: 6.3175e-02 | Val: 6.3105e-07 | Test: 1.4382e-03 | LR=8.0e-04
Epoch  32/100 | Steps:  32000 | α=1e-05 | Loss: 1.6612e-05 | BC: 1.5986e-05 | PDE: 6.2607e-02 | Val: 1.3816e-06 | Test: 1.4294e-03 | LR=7.8e-04
Epoch  33/100 | Steps:  33000 | α=1e-05 | Loss: 1.0243e-05 | BC: 9.7096e-06 | PDE: 5.3386e-02 | Val: 1.0801e-06 | Test: 1.4365e-03 | LR=7.7e-04
Epoch  34/100 | Steps:  34000 | α=1e-05 | Loss: 9.5004e-06 | BC: 8.9934e-06 | PDE: 5.0704e-02 | Val: 8.1486e-05 | Test: 1.5179e-03 | LR=7.6e-04
Epoch  35/100 | Steps:  35000 | α=1e-05 | Loss: 1.0422e-05 | BC: 9.9030e-06 | PDE: 5.1931e-02 | Val: 1.8509e-05 | Test: 1.4339e-03 | LR=7.4e-04
Epoch  36/100 | Steps:  36000 | α=1e-05 | Loss: 1.2996e-05 | BC: 1.2432e-05 | PDE: 5.6371e-02 | Val: 2.5464e-06 | Test: 1.4357e-03 | LR=7.3e-04
Epoch  37/100 | Steps:  37000 | α=1e-05 | Loss: 1.0166e-05 | BC: 9.6887e-06 | PDE: 4.7736e-02 | Val: 5.7078e-06 | Test: 1.4667e-03 | LR=7.2e-04
Epoch  38/100 | Steps:  38000 | α=1e-05 | Loss: 1.3987e-05 | BC: 1.3419e-05 | PDE: 5.6814e-02 | Val: 7.8433e-07 | Test: 1.4244e-03 | LR=7.0e-04
Epoch  39/100 | Steps:  39000 | α=1e-05 | Loss: 8.5932e-06 | BC: 8.1595e-06 | PDE: 4.3366e-02 | Val: 6.7970e-07 | Test: 1.4485e-03 | LR=6.9e-04
Epoch  40/100 | Steps:  40000 | α=1e-05 | Loss: 7.6939e-06 | BC: 7.2702e-06 | PDE: 4.2376e-02 | Val: 1.0066e-06 | Test: 1.4412e-03 | LR=6.7e-04
Epoch  41/100 | Steps:  41000 | α=1e-05 | Loss: 8.9981e-06 | BC: 8.5730e-06 | PDE: 4.2507e-02 | Val: 8.5876e-07 | Test: 1.4478e-03 | LR=6.6e-04
Epoch  42/100 | Steps:  42000 | α=1e-05 | Loss: 1.3178e-05 | BC: 1.2687e-05 | PDE: 4.9123e-02 | Val: 5.3788e-06 | Test: 1.3747e-03 | LR=6.4e-04
Epoch  43/100 | Steps:  43000 | α=1e-05 | Loss: 3.7869e-06 | BC: 3.4423e-06 | PDE: 3.4462e-02 | Val: 3.0108e-06 | Test: 1.4805e-03 | LR=6.3e-04
Epoch  44/100 | Steps:  44000 | α=1e-05 | Loss: 8.6084e-06 | BC: 8.2041e-06 | PDE: 4.0427e-02 | Val: 3.6494e-06 | Test: 1.4526e-03 | LR=6.1e-04
Epoch  45/100 | Steps:  45000 | α=1e-05 | Loss: 5.3948e-06 | BC: 5.0338e-06 | PDE: 3.6098e-02 | Val: 1.2443e-06 | Test: 1.4377e-03 | LR=6.0e-04
Epoch  46/100 | Steps:  46000 | α=1e-05 | Loss: 6.8410e-06 | BC: 6.4689e-06 | PDE: 3.7210e-02 | Val: 1.7816e-06 | Test: 1.4584e-03 | LR=5.8e-04
Epoch  47/100 | Steps:  47000 | α=1e-05 | Loss: 6.1209e-06 | BC: 5.7693e-06 | PDE: 3.5151e-02 | Val: 9.3657e-07 | Test: 1.4665e-03 | LR=5.7e-04
Epoch  48/100 | Steps:  48000 | α=1e-05 | Loss: 6.3404e-06 | BC: 6.0048e-06 | PDE: 3.3557e-02 | Val: 7.6941e-06 | Test: 1.4710e-03 | LR=5.5e-04
Epoch  49/100 | Steps:  49000 | α=1e-05 | Loss: 6.5986e-06 | BC: 6.2550e-06 | PDE: 3.4360e-02 | Val: 4.4155e-07 | Test: 1.4332e-03 | LR=5.4e-04 *
Epoch  50/100 | Steps:  50000 | α=1e-05 | Loss: 4.2468e-06 | BC: 3.9537e-06 | PDE: 2.9306e-02 | Val: 2.3146e-06 | Test: 1.4364e-03 | LR=5.2e-04
Epoch  51/100 | Steps:  51000 | α=1e-05 | Loss: 4.2714e-06 | BC: 3.9773e-06 | PDE: 2.9418e-02 | Val: 2.3501e-06 | Test: 1.4400e-03 | LR=5.1e-04
Epoch  52/100 | Steps:  52000 | α=1e-05 | Loss: 5.6275e-06 | BC: 5.3220e-06 | PDE: 3.0549e-02 | Val: 1.2116e-06 | Test: 1.4518e-03 | LR=4.9e-04
Epoch  53/100 | Steps:  53000 | α=1e-05 | Loss: 3.8697e-06 | BC: 3.5923e-06 | PDE: 2.7739e-02 | Val: 7.0339e-07 | Test: 1.4454e-03 | LR=4.7e-04
Epoch  54/100 | Steps:  54000 | α=1e-05 | Loss: 4.2489e-06 | BC: 3.9801e-06 | PDE: 2.6872e-02 | Val: 3.3939e-06 | Test: 1.4488e-03 | LR=4.6e-04
Epoch  55/100 | Steps:  55000 | α=1e-05 | Loss: 3.6536e-06 | BC: 3.3916e-06 | PDE: 2.6197e-02 | Val: 3.9214e-06 | Test: 1.4507e-03 | LR=4.4e-04
Epoch  56/100 | Steps:  56000 | α=1e-05 | Loss: 3.7784e-06 | BC: 3.5221e-06 | PDE: 2.5628e-02 | Val: 1.2585e-06 | Test: 1.4526e-03 | LR=4.3e-04
Epoch  57/100 | Steps:  57000 | α=1e-05 | Loss: 3.1665e-06 | BC: 2.9267e-06 | PDE: 2.3986e-02 | Val: 1.2364e-05 | Test: 1.4543e-03 | LR=4.1e-04
Epoch  58/100 | Steps:  58000 | α=1e-05 | Loss: 3.3444e-06 | BC: 3.1028e-06 | PDE: 2.4155e-02 | Val: 8.9947e-07 | Test: 1.4379e-03 | LR=4.0e-04
Epoch  59/100 | Steps:  59000 | α=1e-05 | Loss: 2.7512e-06 | BC: 2.5248e-06 | PDE: 2.2644e-02 | Val: 1.0383e-06 | Test: 1.4352e-03 | LR=3.8e-04
Epoch  60/100 | Steps:  60000 | α=1e-05 | Loss: 2.8177e-06 | BC: 2.5992e-06 | PDE: 2.1849e-02 | Val: 1.4945e-06 | Test: 1.4834e-03 | LR=3.7e-04
Epoch  61/100 | Steps:  61000 | α=1e-05 | Loss: 2.6018e-06 | BC: 2.3844e-06 | PDE: 2.1742e-02 | Val: 3.1343e-07 | Test: 1.4450e-03 | LR=3.5e-04 *
Epoch  62/100 | Steps:  62000 | α=1e-05 | Loss: 2.9713e-06 | BC: 2.7562e-06 | PDE: 2.1510e-02 | Val: 5.8047e-07 | Test: 1.4542e-03 | LR=3.4e-04
Epoch  63/100 | Steps:  63000 | α=1e-05 | Loss: 1.4673e-06 | BC: 1.2805e-06 | PDE: 1.8678e-02 | Val: 1.3083e-06 | Test: 1.4505e-03 | LR=3.2e-04
Epoch  64/100 | Steps:  64000 | α=1e-05 | Loss: 2.0908e-06 | BC: 1.8967e-06 | PDE: 1.9414e-02 | Val: 5.3049e-07 | Test: 1.4553e-03 | LR=3.1e-04
Epoch  65/100 | Steps:  65000 | α=1e-05 | Loss: 1.6302e-06 | BC: 1.4463e-06 | PDE: 1.8388e-02 | Val: 7.9942e-07 | Test: 1.4620e-03 | LR=2.9e-04
Epoch  66/100 | Steps:  66000 | α=1e-05 | Loss: 1.5473e-06 | BC: 1.3683e-06 | PDE: 1.7902e-02 | Val: 7.9191e-07 | Test: 1.4649e-03 | LR=2.8e-04
Epoch  67/100 | Steps:  67000 | α=1e-05 | Loss: 1.9368e-06 | BC: 1.7559e-06 | PDE: 1.8091e-02 | Val: 2.7089e-07 | Test: 1.4595e-03 | LR=2.7e-04 *
Epoch  68/100 | Steps:  68000 | α=1e-05 | Loss: 1.2058e-06 | BC: 1.0393e-06 | PDE: 1.6654e-02 | Val: 2.1293e-06 | Test: 1.4332e-03 | LR=2.5e-04
Epoch  69/100 | Steps:  69000 | α=1e-05 | Loss: 1.3383e-06 | BC: 1.1708e-06 | PDE: 1.6750e-02 | Val: 4.1084e-06 | Test: 1.4405e-03 | LR=2.4e-04
Epoch  70/100 | Steps:  70000 | α=1e-05 | Loss: 1.0783e-06 | BC: 9.2192e-07 | PDE: 1.5634e-02 | Val: 9.4149e-07 | Test: 1.4685e-03 | LR=2.3e-04
Epoch  71/100 | Steps:  71000 | α=1e-05 | Loss: 1.1276e-06 | BC: 9.6955e-07 | PDE: 1.5810e-02 | Val: 9.6978e-07 | Test: 1.4399e-03 | LR=2.1e-04
Epoch  72/100 | Steps:  72000 | α=1e-05 | Loss: 9.3991e-07 | BC: 7.9099e-07 | PDE: 1.4892e-02 | Val: 1.9376e-07 | Test: 1.4487e-03 | LR=2.0e-04 *
Epoch  73/100 | Steps:  73000 | α=1e-05 | Loss: 8.3215e-07 | BC: 6.8419e-07 | PDE: 1.4796e-02 | Val: 3.0845e-07 | Test: 1.4442e-03 | LR=1.9e-04
Epoch  74/100 | Steps:  74000 | α=1e-05 | Loss: 8.6352e-07 | BC: 7.1795e-07 | PDE: 1.4557e-02 | Val: 2.6051e-06 | Test: 1.4627e-03 | LR=1.8e-04
Epoch  75/100 | Steps:  75000 | α=1e-05 | Loss: 7.3734e-07 | BC: 5.9913e-07 | PDE: 1.3821e-02 | Val: 6.7456e-07 | Test: 1.4631e-03 | LR=1.7e-04
Epoch  76/100 | Steps:  76000 | α=1e-05 | Loss: 6.7235e-07 | BC: 5.3891e-07 | PDE: 1.3344e-02 | Val: 2.3693e-07 | Test: 1.4539e-03 | LR=1.5e-04
Epoch  77/100 | Steps:  77000 | α=1e-05 | Loss: 6.3460e-07 | BC: 5.0301e-07 | PDE: 1.3159e-02 | Val: 5.4832e-07 | Test: 1.4563e-03 | LR=1.4e-04
Epoch  78/100 | Steps:  78000 | α=1e-05 | Loss: 5.5516e-07 | BC: 4.2474e-07 | PDE: 1.3042e-02 | Val: 6.1651e-07 | Test: 1.4433e-03 | LR=1.3e-04
Epoch  79/100 | Steps:  79000 | α=1e-05 | Loss: 4.9470e-07 | BC: 3.7021e-07 | PDE: 1.2449e-02 | Val: 4.0899e-07 | Test: 1.4581e-03 | LR=1.2e-04
Epoch  80/100 | Steps:  80000 | α=1e-05 | Loss: 5.1609e-07 | BC: 3.9462e-07 | PDE: 1.2147e-02 | Val: 6.1776e-07 | Test: 1.4569e-03 | LR=1.1e-04
Epoch  81/100 | Steps:  81000 | α=1e-05 | Loss: 4.3480e-07 | BC: 3.1501e-07 | PDE: 1.1979e-02 | Val: 8.6188e-07 | Test: 1.4498e-03 | LR=1.0e-04
Epoch  82/100 | Steps:  82000 | α=1e-05 | Loss: 3.7870e-07 | BC: 2.6007e-07 | PDE: 1.1863e-02 | Val: 2.9661e-07 | Test: 1.4458e-03 | LR=9.6e-05
Epoch  83/100 | Steps:  83000 | α=1e-05 | Loss: 3.7825e-07 | BC: 2.6534e-07 | PDE: 1.1291e-02 | Val: 2.7521e-07 | Test: 1.4535e-03 | LR=8.7e-05
Epoch  84/100 | Steps:  84000 | α=1e-05 | Loss: 3.4579e-07 | BC: 2.3253e-07 | PDE: 1.1326e-02 | Val: 1.7335e-07 | Test: 1.4541e-03 | LR=7.9e-05 *
Epoch  85/100 | Steps:  85000 | α=1e-05 | Loss: 3.1693e-07 | BC: 2.0688e-07 | PDE: 1.1006e-02 | Val: 2.0260e-07 | Test: 1.4573e-03 | LR=7.1e-05
Epoch  86/100 | Steps:  86000 | α=1e-05 | Loss: 2.9804e-07 | BC: 1.8956e-07 | PDE: 1.0848e-02 | Val: 2.0959e-07 | Test: 1.4431e-03 | LR=6.4e-05
Epoch  87/100 | Steps:  87000 | α=1e-05 | Loss: 2.7820e-07 | BC: 1.7344e-07 | PDE: 1.0476e-02 | Val: 1.4933e-07 | Test: 1.4526e-03 | LR=5.7e-05 *
Epoch  88/100 | Steps:  88000 | α=1e-05 | Loss: 2.6271e-07 | BC: 1.6133e-07 | PDE: 1.0138e-02 | Val: 1.6135e-07 | Test: 1.4483e-03 | LR=5.1e-05
Epoch  89/100 | Steps:  89000 | α=1e-05 | Loss: 2.5671e-07 | BC: 1.5479e-07 | PDE: 1.0192e-02 | Val: 4.2831e-07 | Test: 1.4485e-03 | LR=4.5e-05
Epoch  90/100 | Steps:  90000 | α=1e-05 | Loss: 2.3997e-07 | BC: 1.4096e-07 | PDE: 9.9013e-03 | Val: 2.0184e-07 | Test: 1.4540e-03 | LR=3.9e-05
Epoch  91/100 | Steps:  91000 | α=1e-05 | Loss: 2.2955e-07 | BC: 1.3140e-07 | PDE: 9.8145e-03 | Val: 1.4176e-07 | Test: 1.4444e-03 | LR=3.4e-05 *
Epoch  92/100 | Steps:  92000 | α=1e-05 | Loss: 2.1840e-07 | BC: 1.2325e-07 | PDE: 9.5152e-03 | Val: 1.3665e-07 | Test: 1.4554e-03 | LR=3.0e-05 *
Epoch  93/100 | Steps:  93000 | α=1e-05 | Loss: 2.1285e-07 | BC: 1.1924e-07 | PDE: 9.3611e-03 | Val: 1.4095e-07 | Test: 1.4548e-03 | LR=2.6e-05
Epoch  94/100 | Steps:  94000 | α=1e-05 | Loss: 2.0557e-07 | BC: 1.1307e-07 | PDE: 9.2504e-03 | Val: 1.1566e-07 | Test: 1.4555e-03 | LR=2.2e-05 *
Epoch  95/100 | Steps:  95000 | α=1e-05 | Loss: 2.0255e-07 | BC: 1.0980e-07 | PDE: 9.2748e-03 | Val: 1.3010e-07 | Test: 1.4537e-03 | LR=1.9e-05
Epoch  96/100 | Steps:  96000 | α=1e-05 | Loss: 1.9111e-07 | BC: 1.0240e-07 | PDE: 8.8701e-03 | Val: 1.3139e-07 | Test: 1.4533e-03 | LR=1.6e-05
Epoch  97/100 | Steps:  97000 | α=1e-05 | Loss: 1.9475e-07 | BC: 1.0299e-07 | PDE: 9.1757e-03 | Val: 1.3130e-07 | Test: 1.4497e-03 | LR=1.4e-05
Epoch  98/100 | Steps:  98000 | α=1e-05 | Loss: 1.8752e-07 | BC: 1.0016e-07 | PDE: 8.7366e-03 | Val: 1.2810e-07 | Test: 1.4516e-03 | LR=1.2e-05
Epoch  99/100 | Steps:  99000 | α=1e-05 | Loss: 1.8822e-07 | BC: 9.8347e-08 | PDE: 8.9875e-03 | Val: 1.2704e-07 | Test: 1.4521e-03 | LR=1.1e-05
Epoch 100/100 | Steps: 100000 | α=1e-05 | Loss: 1.8564e-07 | BC: 9.7005e-08 | PDE: 8.8634e-03 | Val: 1.3679e-07 | Test: 1.4525e-03 | LR=1.0e-05

Restored best model from epoch 94 (val_loss: 1.1566e-07, test_loss: 1.4555e-03)
Best checkpoint saved to: outputs/expr_7_2_iter/p2to20_square/fix_alpha_band1_1e-5/checkpoints/best_model.pt
Final checkpoint saved to: outputs/expr_7_2_iter/p2to20_square/fix_alpha_band1_1e-5/checkpoints/final_model.pt
Training completed in 836.63s (100,000 total steps)
  Stage 2 (p=3) PDE diagnostics:
    p-Lap (p=3) raw:        1.3486e+00
    p-Lap (p=3) normalized: 4.5390e-02
    Inf-Lap raw:              2.9021e+00
    Inf-Lap normalized:       7.2098e-01

============================================================
Stage 3/11: Training with p=4
============================================================

Training configuration:
  Boundary points (train): 32,000 -> 80 batches of 400
  Interior points (train): 1,000,000 -> 1000 batches of 1000
  Interior sampling: RE-SAMPLE each epoch
  Boundary points (val): 8,000
  Validation loss: BC only
  Steps per epoch: 1,000
  Total steps: 100,000
  Epochs: 100
  Loss balancing: FixedAlphaSchedule
  LR scheduler: cosine (LR: 1.0e-03 -> 1.0e-05)

Epoch   1/100 | Steps:   1000 | α=1e-05 | Loss: 2.6360e-05 | BC: 2.5031e-05 | PDE: 1.3289e-01 | Val: 1.0826e-06 | Test: 7.2534e-04 | LR=1.0e-03 *
Epoch   2/100 | Steps:   2000 | α=1e-05 | Loss: 2.1217e-05 | BC: 2.0698e-05 | PDE: 5.1891e-02 | Val: 6.2745e-06 | Test: 7.1840e-04 | LR=1.0e-03
Epoch   3/100 | Steps:   3000 | α=1e-05 | Loss: 1.2253e-05 | BC: 1.1831e-05 | PDE: 4.2244e-02 | Val: 1.9748e-05 | Test: 7.2617e-04 | LR=1.0e-03
Epoch   4/100 | Steps:   4000 | α=1e-05 | Loss: 1.8239e-05 | BC: 1.7686e-05 | PDE: 5.5230e-02 | Val: 2.5066e-06 | Test: 7.2871e-04 | LR=1.0e-03
Epoch   5/100 | Steps:   5000 | α=1e-05 | Loss: 2.1970e-05 | BC: 2.1282e-05 | PDE: 6.8850e-02 | Val: 2.6304e-07 | Test: 7.1158e-04 | LR=1.0e-03 *
Epoch   6/100 | Steps:   6000 | α=1e-05 | Loss: 1.4442e-05 | BC: 1.3942e-05 | PDE: 5.0034e-02 | Val: 9.4461e-07 | Test: 7.1768e-04 | LR=9.9e-04
Epoch   7/100 | Steps:   7000 | α=1e-05 | Loss: 1.4581e-05 | BC: 1.4009e-05 | PDE: 5.7154e-02 | Val: 1.4502e-06 | Test: 7.1198e-04 | LR=9.9e-04
Epoch   8/100 | Steps:   8000 | α=1e-05 | Loss: 2.0372e-05 | BC: 1.9795e-05 | PDE: 5.7700e-02 | Val: 6.8661e-04 | Test: 1.1231e-03 | LR=9.9e-04
Epoch   9/100 | Steps:   9000 | α=1e-05 | Loss: 1.8032e-05 | BC: 1.7185e-05 | PDE: 8.4697e-02 | Val: 2.7872e-07 | Test: 7.0903e-04 | LR=9.8e-04
Epoch  10/100 | Steps:  10000 | α=1e-05 | Loss: 1.5144e-05 | BC: 1.4599e-05 | PDE: 5.4501e-02 | Val: 1.1442e-05 | Test: 6.9884e-04 | LR=9.8e-04
Epoch  11/100 | Steps:  11000 | α=1e-05 | Loss: 1.8478e-05 | BC: 1.7796e-05 | PDE: 6.8208e-02 | Val: 2.7862e-07 | Test: 7.0040e-04 | LR=9.8e-04
Epoch  12/100 | Steps:  12000 | α=1e-05 | Loss: 1.4547e-05 | BC: 1.3957e-05 | PDE: 5.9077e-02 | Val: 4.9860e-07 | Test: 7.0953e-04 | LR=9.7e-04
Epoch  13/100 | Steps:  13000 | α=1e-05 | Loss: 1.3121e-05 | BC: 1.2549e-05 | PDE: 5.7153e-02 | Val: 4.3234e-06 | Test: 7.0999e-04 | LR=9.7e-04
Epoch  14/100 | Steps:  14000 | α=1e-05 | Loss: 2.1419e-05 | BC: 2.0703e-05 | PDE: 7.1593e-02 | Val: 4.7607e-05 | Test: 7.6314e-04 | LR=9.6e-04
Epoch  15/100 | Steps:  15000 | α=1e-05 | Loss: 8.2616e-06 | BC: 7.7706e-06 | PDE: 4.9094e-02 | Val: 3.3363e-06 | Test: 7.0668e-04 | LR=9.5e-04
Epoch  16/100 | Steps:  16000 | α=1e-05 | Loss: 1.4501e-05 | BC: 1.3870e-05 | PDE: 6.3052e-02 | Val: 5.5199e-06 | Test: 6.9688e-04 | LR=9.5e-04
Epoch  17/100 | Steps:  17000 | α=1e-05 | Loss: 2.9424e-05 | BC: 2.8104e-05 | PDE: 1.3198e-01 | Val: 9.8336e-07 | Test: 7.0007e-04 | LR=9.4e-04
Epoch  18/100 | Steps:  18000 | α=1e-05 | Loss: 9.1625e-06 | BC: 8.7426e-06 | PDE: 4.1987e-02 | Val: 2.2087e-06 | Test: 7.1952e-04 | LR=9.3e-04
Epoch  19/100 | Steps:  19000 | α=1e-05 | Loss: 1.2058e-05 | BC: 1.1520e-05 | PDE: 5.3894e-02 | Val: 6.9515e-07 | Test: 7.0681e-04 | LR=9.2e-04
Epoch  20/100 | Steps:  20000 | α=1e-05 | Loss: 1.1867e-05 | BC: 1.1363e-05 | PDE: 5.0340e-02 | Val: 7.1776e-06 | Test: 7.1929e-04 | LR=9.1e-04
Epoch  21/100 | Steps:  21000 | α=1e-05 | Loss: 1.2146e-05 | BC: 1.1562e-05 | PDE: 5.8334e-02 | Val: 1.0290e-06 | Test: 7.0395e-04 | LR=9.1e-04
Epoch  22/100 | Steps:  22000 | α=1e-05 | Loss: 1.5973e-05 | BC: 1.5253e-05 | PDE: 7.1918e-02 | Val: 2.1619e-07 | Test: 7.0185e-04 | LR=9.0e-04 *
Epoch  23/100 | Steps:  23000 | α=1e-05 | Loss: 9.9203e-06 | BC: 9.4574e-06 | PDE: 4.6288e-02 | Val: 1.7179e-06 | Test: 7.0615e-04 | LR=8.9e-04
Epoch  24/100 | Steps:  24000 | α=1e-05 | Loss: 9.6847e-06 | BC: 9.2274e-06 | PDE: 4.5731e-02 | Val: 4.9614e-07 | Test: 7.2248e-04 | LR=8.8e-04
Epoch  25/100 | Steps:  25000 | α=1e-05 | Loss: 1.2564e-05 | BC: 1.2012e-05 | PDE: 5.5189e-02 | Val: 5.7622e-07 | Test: 7.0278e-04 | LR=8.7e-04
Epoch  26/100 | Steps:  26000 | α=1e-05 | Loss: 1.4046e-05 | BC: 1.3446e-05 | PDE: 6.0032e-02 | Val: 1.3664e-07 | Test: 7.0838e-04 | LR=8.6e-04 *
Epoch  27/100 | Steps:  27000 | α=1e-05 | Loss: 7.1931e-06 | BC: 6.7781e-06 | PDE: 4.1502e-02 | Val: 3.3846e-06 | Test: 7.0356e-04 | LR=8.4e-04
Epoch  28/100 | Steps:  28000 | α=1e-05 | Loss: 1.7269e-05 | BC: 1.6519e-05 | PDE: 7.4982e-02 | Val: 1.5726e-07 | Test: 6.9929e-04 | LR=8.3e-04
Epoch  29/100 | Steps:  29000 | α=1e-05 | Loss: 5.5073e-06 | BC: 5.1682e-06 | PDE: 3.3908e-02 | Val: 9.8434e-06 | Test: 6.8057e-04 | LR=8.2e-04
Epoch  30/100 | Steps:  30000 | α=1e-05 | Loss: 9.8129e-06 | BC: 9.3704e-06 | PDE: 4.4247e-02 | Val: 2.1338e-06 | Test: 6.7305e-04 | LR=8.1e-04
Epoch  31/100 | Steps:  31000 | α=1e-05 | Loss: 9.2439e-06 | BC: 8.7876e-06 | PDE: 4.5624e-02 | Val: 2.4915e-07 | Test: 7.0385e-04 | LR=8.0e-04
Epoch  32/100 | Steps:  32000 | α=1e-05 | Loss: 7.5418e-06 | BC: 7.1222e-06 | PDE: 4.1957e-02 | Val: 2.3007e-06 | Test: 7.0269e-04 | LR=7.8e-04
Epoch  33/100 | Steps:  33000 | α=1e-05 | Loss: 8.2846e-06 | BC: 7.8569e-06 | PDE: 4.2767e-02 | Val: 5.3728e-07 | Test: 7.0326e-04 | LR=7.7e-04
Epoch  34/100 | Steps:  34000 | α=1e-05 | Loss: 1.2034e-05 | BC: 1.1493e-05 | PDE: 5.4133e-02 | Val: 3.3058e-07 | Test: 7.0489e-04 | LR=7.6e-04
Epoch  35/100 | Steps:  35000 | α=1e-05 | Loss: 5.9787e-06 | BC: 5.6401e-06 | PDE: 3.3859e-02 | Val: 1.2210e-05 | Test: 7.0064e-04 | LR=7.4e-04
Epoch  36/100 | Steps:  36000 | α=1e-05 | Loss: 7.8132e-06 | BC: 7.4268e-06 | PDE: 3.8634e-02 | Val: 1.1114e-06 | Test: 7.0120e-04 | LR=7.3e-04
Epoch  37/100 | Steps:  37000 | α=1e-05 | Loss: 1.3264e-05 | BC: 1.2693e-05 | PDE: 5.7116e-02 | Val: 3.4969e-07 | Test: 6.9730e-04 | LR=7.2e-04
Epoch  38/100 | Steps:  38000 | α=1e-05 | Loss: 2.5280e-06 | BC: 2.2875e-06 | PDE: 2.4053e-02 | Val: 8.2781e-06 | Test: 6.8169e-04 | LR=7.0e-04
Epoch  39/100 | Steps:  39000 | α=1e-05 | Loss: 6.6484e-06 | BC: 6.2971e-06 | PDE: 3.5134e-02 | Val: 2.1516e-07 | Test: 7.0815e-04 | LR=6.9e-04
Epoch  40/100 | Steps:  40000 | α=1e-05 | Loss: 6.0447e-06 | BC: 5.7026e-06 | PDE: 3.4213e-02 | Val: 1.3205e-06 | Test: 7.1667e-04 | LR=6.7e-04
Epoch  41/100 | Steps:  41000 | α=1e-05 | Loss: 6.2443e-06 | BC: 5.9441e-06 | PDE: 3.0022e-02 | Val: 5.4864e-07 | Test: 7.0598e-04 | LR=6.6e-04
Epoch  42/100 | Steps:  42000 | α=1e-05 | Loss: 6.0949e-06 | BC: 5.7836e-06 | PDE: 3.1131e-02 | Val: 4.5531e-05 | Test: 7.4091e-04 | LR=6.4e-04
Epoch  43/100 | Steps:  43000 | α=1e-05 | Loss: 4.4821e-06 | BC: 4.2018e-06 | PDE: 2.8029e-02 | Val: 5.4944e-06 | Test: 7.5788e-04 | LR=6.3e-04
Epoch  44/100 | Steps:  44000 | α=1e-05 | Loss: 7.7739e-06 | BC: 7.4079e-06 | PDE: 3.6607e-02 | Val: 1.4440e-06 | Test: 7.0332e-04 | LR=6.1e-04
Epoch  45/100 | Steps:  45000 | α=1e-05 | Loss: 2.4763e-06 | BC: 2.2613e-06 | PDE: 2.1504e-02 | Val: 1.2381e-05 | Test: 7.0926e-04 | LR=6.0e-04
Epoch  46/100 | Steps:  46000 | α=1e-05 | Loss: 5.3539e-06 | BC: 5.0613e-06 | PDE: 2.9260e-02 | Val: 1.8693e-07 | Test: 7.0813e-04 | LR=5.8e-04
Epoch  47/100 | Steps:  47000 | α=1e-05 | Loss: 3.7552e-06 | BC: 3.5008e-06 | PDE: 2.5432e-02 | Val: 1.8719e-07 | Test: 7.1012e-04 | LR=5.7e-04
Epoch  48/100 | Steps:  48000 | α=1e-05 | Loss: 4.7039e-06 | BC: 4.4435e-06 | PDE: 2.6045e-02 | Val: 4.4799e-06 | Test: 6.9746e-04 | LR=5.5e-04
Epoch  49/100 | Steps:  49000 | α=1e-05 | Loss: 3.5091e-06 | BC: 3.2734e-06 | PDE: 2.3574e-02 | Val: 1.7829e-06 | Test: 7.2697e-04 | LR=5.4e-04
Epoch  50/100 | Steps:  50000 | α=1e-05 | Loss: 3.8485e-06 | BC: 3.6084e-06 | PDE: 2.4010e-02 | Val: 9.0482e-07 | Test: 6.9079e-04 | LR=5.2e-04
Epoch  51/100 | Steps:  51000 | α=1e-05 | Loss: 3.7637e-06 | BC: 3.5400e-06 | PDE: 2.2372e-02 | Val: 1.9266e-07 | Test: 6.9993e-04 | LR=5.1e-04
Epoch  52/100 | Steps:  52000 | α=1e-05 | Loss: 2.5831e-06 | BC: 2.3863e-06 | PDE: 1.9678e-02 | Val: 1.4401e-05 | Test: 7.2629e-04 | LR=4.9e-04
Epoch  53/100 | Steps:  53000 | α=1e-05 | Loss: 3.1389e-06 | BC: 2.9132e-06 | PDE: 2.2571e-02 | Val: 2.1096e-07 | Test: 7.0709e-04 | LR=4.7e-04
Epoch  54/100 | Steps:  54000 | α=1e-05 | Loss: 2.7837e-06 | BC: 2.5805e-06 | PDE: 2.0325e-02 | Val: 3.1818e-07 | Test: 7.0971e-04 | LR=4.6e-04
Epoch  55/100 | Steps:  55000 | α=1e-05 | Loss: 2.4821e-06 | BC: 2.2931e-06 | PDE: 1.8904e-02 | Val: 1.2412e-06 | Test: 7.0430e-04 | LR=4.4e-04
Epoch  56/100 | Steps:  56000 | α=1e-05 | Loss: 2.6487e-06 | BC: 2.4608e-06 | PDE: 1.8792e-02 | Val: 8.9472e-07 | Test: 7.0255e-04 | LR=4.3e-04
Epoch  57/100 | Steps:  57000 | α=1e-05 | Loss: 2.1956e-06 | BC: 2.0248e-06 | PDE: 1.7089e-02 | Val: 7.8900e-07 | Test: 7.1450e-04 | LR=4.1e-04
Epoch  58/100 | Steps:  58000 | α=1e-05 | Loss: 2.6727e-06 | BC: 2.4905e-06 | PDE: 1.8223e-02 | Val: 3.3620e-07 | Test: 7.0944e-04 | LR=4.0e-04
Epoch  59/100 | Steps:  59000 | α=1e-05 | Loss: 1.6795e-06 | BC: 1.5304e-06 | PDE: 1.4913e-02 | Val: 6.8064e-07 | Test: 7.0515e-04 | LR=3.8e-04
Epoch  60/100 | Steps:  60000 | α=1e-05 | Loss: 1.7889e-06 | BC: 1.6364e-06 | PDE: 1.5244e-02 | Val: 9.4252e-07 | Test: 7.1958e-04 | LR=3.7e-04
Epoch  61/100 | Steps:  61000 | α=1e-05 | Loss: 1.8414e-06 | BC: 1.6830e-06 | PDE: 1.5841e-02 | Val: 3.7672e-07 | Test: 7.1370e-04 | LR=3.5e-04
Epoch  62/100 | Steps:  62000 | α=1e-05 | Loss: 1.6881e-06 | BC: 1.5473e-06 | PDE: 1.4081e-02 | Val: 8.3352e-07 | Test: 6.9981e-04 | LR=3.4e-04
Epoch  63/100 | Steps:  63000 | α=1e-05 | Loss: 1.3717e-06 | BC: 1.2361e-06 | PDE: 1.3567e-02 | Val: 2.8663e-07 | Test: 7.0951e-04 | LR=3.2e-04
Epoch  64/100 | Steps:  64000 | α=1e-05 | Loss: 1.3000e-06 | BC: 1.1708e-06 | PDE: 1.2919e-02 | Val: 2.4386e-07 | Test: 7.1014e-04 | LR=3.1e-04
Epoch  65/100 | Steps:  65000 | α=1e-05 | Loss: 1.0469e-06 | BC: 9.2421e-07 | PDE: 1.2272e-02 | Val: 2.5104e-06 | Test: 7.1863e-04 | LR=2.9e-04
Epoch  66/100 | Steps:  66000 | α=1e-05 | Loss: 1.0997e-06 | BC: 9.7475e-07 | PDE: 1.2495e-02 | Val: 2.8860e-07 | Test: 7.1016e-04 | LR=2.8e-04
Epoch  67/100 | Steps:  67000 | α=1e-05 | Loss: 1.1871e-06 | BC: 1.0645e-06 | PDE: 1.2266e-02 | Val: 4.1957e-07 | Test: 7.1351e-04 | LR=2.7e-04
Epoch  68/100 | Steps:  68000 | α=1e-05 | Loss: 8.6834e-07 | BC: 7.6023e-07 | PDE: 1.0810e-02 | Val: 8.3536e-07 | Test: 7.1131e-04 | LR=2.5e-04
Epoch  69/100 | Steps:  69000 | α=1e-05 | Loss: 8.2142e-07 | BC: 7.1630e-07 | PDE: 1.0512e-02 | Val: 3.7899e-07 | Test: 7.1082e-04 | LR=2.4e-04
Epoch  70/100 | Steps:  70000 | α=1e-05 | Loss: 8.7556e-07 | BC: 7.7222e-07 | PDE: 1.0334e-02 | Val: 2.3686e-07 | Test: 7.1500e-04 | LR=2.3e-04
Epoch  71/100 | Steps:  71000 | α=1e-05 | Loss: 6.4976e-07 | BC: 5.4763e-07 | PDE: 1.0214e-02 | Val: 3.3057e-07 | Test: 7.1125e-04 | LR=2.1e-04
Epoch  72/100 | Steps:  72000 | α=1e-05 | Loss: 6.3445e-07 | BC: 5.3959e-07 | PDE: 9.4860e-03 | Val: 5.8194e-07 | Test: 7.0289e-04 | LR=2.0e-04
Epoch  73/100 | Steps:  73000 | α=1e-05 | Loss: 6.0525e-07 | BC: 5.1043e-07 | PDE: 9.4815e-03 | Val: 2.6045e-07 | Test: 7.0780e-04 | LR=1.9e-04
Epoch  74/100 | Steps:  74000 | α=1e-05 | Loss: 4.9582e-07 | BC: 4.0823e-07 | PDE: 8.7586e-03 | Val: 5.9935e-07 | Test: 7.1883e-04 | LR=1.8e-04
Epoch  75/100 | Steps:  75000 | α=1e-05 | Loss: 4.6393e-07 | BC: 3.7674e-07 | PDE: 8.7192e-03 | Val: 9.3251e-07 | Test: 7.0883e-04 | LR=1.7e-04
Epoch  76/100 | Steps:  76000 | α=1e-05 | Loss: 4.4720e-07 | BC: 3.6372e-07 | PDE: 8.3482e-03 | Val: 1.6540e-07 | Test: 7.0711e-04 | LR=1.5e-04
Epoch  77/100 | Steps:  77000 | α=1e-05 | Loss: 3.9391e-07 | BC: 3.1328e-07 | PDE: 8.0629e-03 | Val: 1.2905e-07 | Test: 7.1300e-04 | LR=1.4e-04 *
Epoch  78/100 | Steps:  78000 | α=1e-05 | Loss: 3.6266e-07 | BC: 2.8166e-07 | PDE: 8.1001e-03 | Val: 6.2133e-07 | Test: 7.1414e-04 | LR=1.3e-04
Epoch  79/100 | Steps:  79000 | α=1e-05 | Loss: 2.8214e-07 | BC: 2.0724e-07 | PDE: 7.4903e-03 | Val: 1.5143e-07 | Test: 7.1383e-04 | LR=1.2e-04
Epoch  80/100 | Steps:  80000 | α=1e-05 | Loss: 3.0663e-07 | BC: 2.3214e-07 | PDE: 7.4488e-03 | Val: 2.3367e-06 | Test: 7.0476e-04 | LR=1.1e-04
Epoch  81/100 | Steps:  81000 | α=1e-05 | Loss: 2.4938e-07 | BC: 1.7846e-07 | PDE: 7.0914e-03 | Val: 2.4536e-07 | Test: 7.1340e-04 | LR=1.0e-04
Epoch  82/100 | Steps:  82000 | α=1e-05 | Loss: 2.3439e-07 | BC: 1.6467e-07 | PDE: 6.9722e-03 | Val: 1.2991e-07 | Test: 7.1273e-04 | LR=9.6e-05
Epoch  83/100 | Steps:  83000 | α=1e-05 | Loss: 2.3087e-07 | BC: 1.6086e-07 | PDE: 7.0012e-03 | Val: 1.0693e-07 | Test: 7.1283e-04 | LR=8.7e-05 *
Epoch  84/100 | Steps:  84000 | α=1e-05 | Loss: 2.0535e-07 | BC: 1.3787e-07 | PDE: 6.7482e-03 | Val: 1.4691e-07 | Test: 7.1357e-04 | LR=7.9e-05
Epoch  85/100 | Steps:  85000 | α=1e-05 | Loss: 1.8350e-07 | BC: 1.1753e-07 | PDE: 6.5972e-03 | Val: 1.1613e-07 | Test: 7.1416e-04 | LR=7.1e-05
Epoch  86/100 | Steps:  86000 | α=1e-05 | Loss: 1.7588e-07 | BC: 1.1139e-07 | PDE: 6.4492e-03 | Val: 9.8719e-08 | Test: 7.1416e-04 | LR=6.4e-05 *
Epoch  87/100 | Steps:  87000 | α=1e-05 | Loss: 1.5426e-07 | BC: 9.3030e-08 | PDE: 6.1227e-03 | Val: 1.1140e-07 | Test: 7.1159e-04 | LR=5.7e-05
Epoch  88/100 | Steps:  88000 | α=1e-05 | Loss: 1.4833e-07 | BC: 8.7458e-08 | PDE: 6.0873e-03 | Val: 9.5820e-08 | Test: 7.1183e-04 | LR=5.1e-05 *
Epoch  89/100 | Steps:  89000 | α=1e-05 | Loss: 1.3719e-07 | BC: 7.7336e-08 | PDE: 5.9858e-03 | Val: 8.6832e-08 | Test: 7.1128e-04 | LR=4.5e-05 *
Epoch  90/100 | Steps:  90000 | α=1e-05 | Loss: 1.3061e-07 | BC: 7.2527e-08 | PDE: 5.8083e-03 | Val: 8.5626e-08 | Test: 7.1127e-04 | LR=3.9e-05 *
Epoch  91/100 | Steps:  91000 | α=1e-05 | Loss: 1.2582e-07 | BC: 6.7653e-08 | PDE: 5.8162e-03 | Val: 1.0019e-07 | Test: 7.0968e-04 | LR=3.4e-05
Epoch  92/100 | Steps:  92000 | α=1e-05 | Loss: 1.2179e-07 | BC: 6.4136e-08 | PDE: 5.7652e-03 | Val: 7.5811e-08 | Test: 7.1216e-04 | LR=3.0e-05 *
Epoch  93/100 | Steps:  93000 | α=1e-05 | Loss: 1.1693e-07 | BC: 6.0915e-08 | PDE: 5.6019e-03 | Val: 7.3952e-08 | Test: 7.1392e-04 | LR=2.6e-05 *
Epoch  94/100 | Steps:  94000 | α=1e-05 | Loss: 1.1262e-07 | BC: 5.9120e-08 | PDE: 5.3503e-03 | Val: 9.8474e-08 | Test: 7.1215e-04 | LR=2.2e-05
Epoch  95/100 | Steps:  95000 | α=1e-05 | Loss: 1.0805e-07 | BC: 5.4130e-08 | PDE: 5.3920e-03 | Val: 7.4882e-08 | Test: 7.1318e-04 | LR=1.9e-05
Epoch  96/100 | Steps:  96000 | α=1e-05 | Loss: 1.0512e-07 | BC: 5.1859e-08 | PDE: 5.3257e-03 | Val: 9.3146e-08 | Test: 7.1508e-04 | LR=1.6e-05
Epoch  97/100 | Steps:  97000 | α=1e-05 | Loss: 1.0503e-07 | BC: 5.1388e-08 | PDE: 5.3643e-03 | Val: 7.1852e-08 | Test: 7.1109e-04 | LR=1.4e-05 *
Epoch  98/100 | Steps:  98000 | α=1e-05 | Loss: 1.0247e-07 | BC: 4.9805e-08 | PDE: 5.2666e-03 | Val: 7.0426e-08 | Test: 7.1227e-04 | LR=1.2e-05 *
Epoch  99/100 | Steps:  99000 | α=1e-05 | Loss: 1.0143e-07 | BC: 4.9319e-08 | PDE: 5.2112e-03 | Val: 6.9297e-08 | Test: 7.1210e-04 | LR=1.1e-05 *
Epoch 100/100 | Steps: 100000 | α=1e-05 | Loss: 1.0135e-07 | BC: 4.9280e-08 | PDE: 5.2070e-03 | Val: 6.8944e-08 | Test: 7.1318e-04 | LR=1.0e-05 *

Restored best model from epoch 100 (val_loss: 6.8944e-08, test_loss: 7.1318e-04)
Best checkpoint saved to: outputs/expr_7_2_iter/p2to20_square/fix_alpha_band1_1e-5/checkpoints/best_model.pt
Final checkpoint saved to: outputs/expr_7_2_iter/p2to20_square/fix_alpha_band1_1e-5/checkpoints/final_model.pt
Training completed in 853.58s (100,000 total steps)
  Stage 3 (p=4) PDE diagnostics:
    p-Lap (p=4) raw:        5.2044e+00
    p-Lap (p=4) normalized: 4.4517e-02
    Inf-Lap raw:              1.0868e+00
    Inf-Lap normalized:       3.8110e-01

============================================================
Stage 4/11: Training with p=5
============================================================

Training configuration:
  Boundary points (train): 32,000 -> 80 batches of 400
  Interior points (train): 1,000,000 -> 1000 batches of 1000
  Interior sampling: RE-SAMPLE each epoch
  Boundary points (val): 8,000
  Validation loss: BC only
  Steps per epoch: 1,000
  Total steps: 100,000
  Epochs: 100
  Loss balancing: FixedAlphaSchedule
  LR scheduler: cosine (LR: 1.0e-03 -> 1.0e-05)

Epoch   1/100 | Steps:   1000 | α=1e-05 | Loss: 1.7368e-05 | BC: 1.6030e-05 | PDE: 1.3388e-01 | Val: 1.0307e-06 | Test: 4.2321e-04 | LR=1.0e-03 *
Epoch   2/100 | Steps:   2000 | α=1e-05 | Loss: 1.3632e-05 | BC: 1.3031e-05 | PDE: 6.0050e-02 | Val: 5.2492e-06 | Test: 4.4182e-04 | LR=1.0e-03
Epoch   3/100 | Steps:   3000 | α=1e-05 | Loss: 2.2392e-05 | BC: 2.1402e-05 | PDE: 9.8987e-02 | Val: 1.6922e-06 | Test: 4.0889e-04 | LR=1.0e-03
Epoch   4/100 | Steps:   4000 | α=1e-05 | Loss: 5.1782e-06 | BC: 4.8654e-06 | PDE: 3.1286e-02 | Val: 5.8668e-06 | Test: 4.3150e-04 | LR=1.0e-03
Epoch   5/100 | Steps:   5000 | α=1e-05 | Loss: 1.2488e-05 | BC: 1.1889e-05 | PDE: 5.9937e-02 | Val: 6.6346e-07 | Test: 4.1182e-04 | LR=1.0e-03 *
Epoch   6/100 | Steps:   6000 | α=1e-05 | Loss: 1.3272e-05 | BC: 1.2597e-05 | PDE: 6.7430e-02 | Val: 9.2467e-06 | Test: 4.2994e-04 | LR=9.9e-04
Epoch   7/100 | Steps:   7000 | α=1e-05 | Loss: 1.4088e-05 | BC: 1.3393e-05 | PDE: 6.9434e-02 | Val: 9.9276e-05 | Test: 5.0435e-04 | LR=9.9e-04
Epoch   8/100 | Steps:   8000 | α=1e-05 | Loss: 1.2342e-05 | BC: 1.1726e-05 | PDE: 6.1615e-02 | Val: 1.3613e-06 | Test: 4.2065e-04 | LR=9.9e-04
Epoch   9/100 | Steps:   9000 | α=1e-05 | Loss: 1.1361e-05 | BC: 1.0686e-05 | PDE: 6.7548e-02 | Val: 7.7762e-07 | Test: 4.1255e-04 | LR=9.8e-04
Epoch  10/100 | Steps:  10000 | α=1e-05 | Loss: 1.9111e-05 | BC: 1.8240e-05 | PDE: 8.7176e-02 | Val: 2.3143e-05 | Test: 4.7168e-04 | LR=9.8e-04
Epoch  11/100 | Steps:  11000 | α=1e-05 | Loss: 6.6405e-06 | BC: 6.1429e-06 | PDE: 4.9765e-02 | Val: 7.9982e-06 | Test: 4.1597e-04 | LR=9.8e-04
Epoch  12/100 | Steps:  12000 | α=1e-05 | Loss: 1.2536e-05 | BC: 1.1798e-05 | PDE: 7.3847e-02 | Val: 2.1255e-05 | Test: 4.0468e-04 | LR=9.7e-04
Epoch  13/100 | Steps:  13000 | α=1e-05 | Loss: 1.2458e-05 | BC: 1.1723e-05 | PDE: 7.3520e-02 | Val: 6.6038e-07 | Test: 4.1328e-04 | LR=9.7e-04 *
Epoch  14/100 | Steps:  14000 | α=1e-05 | Loss: 9.0273e-06 | BC: 8.3962e-06 | PDE: 6.3111e-02 | Val: 2.4373e-06 | Test: 4.1858e-04 | LR=9.6e-04
Epoch  15/100 | Steps:  15000 | α=1e-05 | Loss: 2.2480e-05 | BC: 2.1174e-05 | PDE: 1.3060e-01 | Val: 1.5696e-07 | Test: 4.1932e-04 | LR=9.5e-04 *
Epoch  16/100 | Steps:  16000 | α=1e-05 | Loss: 8.9911e-06 | BC: 8.4537e-06 | PDE: 5.3738e-02 | Val: 5.7099e-07 | Test: 4.1534e-04 | LR=9.5e-04
Epoch  17/100 | Steps:  17000 | α=1e-05 | Loss: 9.8595e-06 | BC: 9.2169e-06 | PDE: 6.4263e-02 | Val: 2.8803e-07 | Test: 4.2116e-04 | LR=9.4e-04
Epoch  18/100 | Steps:  18000 | α=1e-05 | Loss: 8.5408e-06 | BC: 8.0060e-06 | PDE: 5.3476e-02 | Val: 9.7788e-06 | Test: 4.2142e-04 | LR=9.3e-04
Epoch  19/100 | Steps:  19000 | α=1e-05 | Loss: 8.9850e-06 | BC: 8.3649e-06 | PDE: 6.2011e-02 | Val: 3.1503e-06 | Test: 4.0510e-04 | LR=9.2e-04
Epoch  20/100 | Steps:  20000 | α=1e-05 | Loss: 2.2990e-05 | BC: 2.1326e-05 | PDE: 1.6644e-01 | Val: 9.0545e-07 | Test: 4.1804e-04 | LR=9.1e-04
Epoch  21/100 | Steps:  21000 | α=1e-05 | Loss: 9.2313e-06 | BC: 8.6762e-06 | PDE: 5.5514e-02 | Val: 2.1654e-07 | Test: 4.1324e-04 | LR=9.1e-04
Epoch  22/100 | Steps:  22000 | α=1e-05 | Loss: 8.1231e-06 | BC: 7.5669e-06 | PDE: 5.5620e-02 | Val: 5.0467e-06 | Test: 4.1720e-04 | LR=9.0e-04
Epoch  23/100 | Steps:  23000 | α=1e-05 | Loss: 8.8257e-06 | BC: 8.2111e-06 | PDE: 6.1456e-02 | Val: 6.0998e-06 | Test: 4.1078e-04 | LR=8.9e-04
Epoch  24/100 | Steps:  24000 | α=1e-05 | Loss: 2.4742e-05 | BC: 2.3261e-05 | PDE: 1.4807e-01 | Val: 1.2615e-07 | Test: 4.1028e-04 | LR=8.8e-04 *
Epoch  25/100 | Steps:  25000 | α=1e-05 | Loss: 2.2627e-06 | BC: 1.9800e-06 | PDE: 2.8270e-02 | Val: 1.2164e-06 | Test: 4.2407e-04 | LR=8.7e-04
Epoch  26/100 | Steps:  26000 | α=1e-05 | Loss: 7.4308e-06 | BC: 6.8771e-06 | PDE: 5.5364e-02 | Val: 7.9025e-06 | Test: 4.2351e-04 | LR=8.6e-04
Epoch  27/100 | Steps:  27000 | α=1e-05 | Loss: 9.6505e-06 | BC: 9.0341e-06 | PDE: 6.1639e-02 | Val: 4.5254e-07 | Test: 4.1057e-04 | LR=8.4e-04
Epoch  28/100 | Steps:  28000 | α=1e-05 | Loss: 7.0514e-06 | BC: 6.5283e-06 | PDE: 5.2311e-02 | Val: 2.6110e-06 | Test: 4.1859e-04 | LR=8.3e-04
Epoch  29/100 | Steps:  29000 | α=1e-05 | Loss: 6.8322e-06 | BC: 6.3364e-06 | PDE: 4.9578e-02 | Val: 4.0431e-06 | Test: 4.2336e-04 | LR=8.2e-04
Epoch  30/100 | Steps:  30000 | α=1e-05 | Loss: 7.2135e-06 | BC: 6.7015e-06 | PDE: 5.1200e-02 | Val: 3.1149e-06 | Test: 3.9680e-04 | LR=8.1e-04
Epoch  31/100 | Steps:  31000 | α=1e-05 | Loss: 8.3493e-06 | BC: 7.7815e-06 | PDE: 5.6779e-02 | Val: 1.8088e-05 | Test: 4.2610e-04 | LR=8.0e-04
Epoch  32/100 | Steps:  32000 | α=1e-05 | Loss: 5.9287e-06 | BC: 5.4761e-06 | PDE: 4.5256e-02 | Val: 2.6084e-06 | Test: 4.1845e-04 | LR=7.8e-04
Epoch  33/100 | Steps:  33000 | α=1e-05 | Loss: 1.1473e-05 | BC: 1.0773e-05 | PDE: 6.9973e-02 | Val: 1.3004e-07 | Test: 4.1250e-04 | LR=7.7e-04
Epoch  34/100 | Steps:  34000 | α=1e-05 | Loss: 3.1262e-06 | BC: 2.8300e-06 | PDE: 2.9630e-02 | Val: 1.4257e-05 | Test: 4.2328e-04 | LR=7.6e-04
Epoch  35/100 | Steps:  35000 | α=1e-05 | Loss: 6.2266e-06 | BC: 5.7242e-06 | PDE: 5.0236e-02 | Val: 3.1530e-07 | Test: 4.1868e-04 | LR=7.4e-04
Epoch  36/100 | Steps:  36000 | α=1e-05 | Loss: 5.9959e-06 | BC: 5.5267e-06 | PDE: 4.6919e-02 | Val: 3.2387e-07 | Test: 4.1688e-04 | LR=7.3e-04
Epoch  37/100 | Steps:  37000 | α=1e-05 | Loss: 5.3067e-06 | BC: 4.8667e-06 | PDE: 4.3997e-02 | Val: 8.6505e-07 | Test: 4.1136e-04 | LR=7.2e-04
Epoch  38/100 | Steps:  38000 | α=1e-05 | Loss: 8.9683e-06 | BC: 8.4067e-06 | PDE: 5.6162e-02 | Val: 2.0999e-06 | Test: 4.0957e-04 | LR=7.0e-04
Epoch  39/100 | Steps:  39000 | α=1e-05 | Loss: 4.3201e-06 | BC: 3.9842e-06 | PDE: 3.3590e-02 | Val: 3.4120e-06 | Test: 4.1387e-04 | LR=6.9e-04
Epoch  40/100 | Steps:  40000 | α=1e-05 | Loss: 5.1576e-06 | BC: 4.7555e-06 | PDE: 4.0214e-02 | Val: 3.0260e-06 | Test: 4.2606e-04 | LR=6.7e-04
Epoch  41/100 | Steps:  41000 | α=1e-05 | Loss: 4.1717e-06 | BC: 3.8349e-06 | PDE: 3.3686e-02 | Val: 2.2673e-06 | Test: 4.0119e-04 | LR=6.6e-04
Epoch  42/100 | Steps:  42000 | α=1e-05 | Loss: 8.3329e-06 | BC: 7.8186e-06 | PDE: 5.1430e-02 | Val: 1.9192e-07 | Test: 4.1653e-04 | LR=6.4e-04
Epoch  43/100 | Steps:  43000 | α=1e-05 | Loss: 3.0968e-06 | BC: 2.8200e-06 | PDE: 2.7680e-02 | Val: 3.3840e-06 | Test: 4.3488e-04 | LR=6.3e-04
Epoch  44/100 | Steps:  44000 | α=1e-05 | Loss: 4.8846e-06 | BC: 4.5272e-06 | PDE: 3.5736e-02 | Val: 3.8604e-06 | Test: 4.0833e-04 | LR=6.1e-04
Epoch  45/100 | Steps:  45000 | α=1e-05 | Loss: 1.1804e-05 | BC: 1.1132e-05 | PDE: 6.7204e-02 | Val: 1.5063e-07 | Test: 4.1061e-04 | LR=6.0e-04
Epoch  46/100 | Steps:  46000 | α=1e-05 | Loss: 9.2720e-07 | BC: 7.6847e-07 | PDE: 1.5873e-02 | Val: 6.4864e-07 | Test: 4.1689e-04 | LR=5.8e-04
Epoch  47/100 | Steps:  47000 | α=1e-05 | Loss: 3.0998e-06 | BC: 2.8342e-06 | PDE: 2.6562e-02 | Val: 4.8659e-06 | Test: 4.1151e-04 | LR=5.7e-04
Epoch  48/100 | Steps:  48000 | α=1e-05 | Loss: 3.6049e-06 | BC: 3.3192e-06 | PDE: 2.8573e-02 | Val: 5.6132e-06 | Test: 3.9336e-04 | LR=5.5e-04
Epoch  49/100 | Steps:  49000 | α=1e-05 | Loss: 2.4705e-06 | BC: 2.2380e-06 | PDE: 2.3253e-02 | Val: 7.4956e-07 | Test: 4.1683e-04 | LR=5.4e-04
Epoch  50/100 | Steps:  50000 | α=1e-05 | Loss: 3.1185e-06 | BC: 2.8480e-06 | PDE: 2.7048e-02 | Val: 8.5948e-06 | Test: 4.2993e-04 | LR=5.2e-04
Epoch  51/100 | Steps:  51000 | α=1e-05 | Loss: 2.6264e-06 | BC: 2.3848e-06 | PDE: 2.4159e-02 | Val: 5.7048e-07 | Test: 4.2112e-04 | LR=5.1e-04
Epoch  52/100 | Steps:  52000 | α=1e-05 | Loss: 6.6263e-06 | BC: 6.2151e-06 | PDE: 4.1123e-02 | Val: 1.0912e-07 | Test: 4.1542e-04 | LR=4.9e-04 *
Epoch  53/100 | Steps:  53000 | α=1e-05 | Loss: 1.1609e-06 | BC: 1.0016e-06 | PDE: 1.5929e-02 | Val: 4.4134e-07 | Test: 4.1588e-04 | LR=4.7e-04
Epoch  54/100 | Steps:  54000 | α=1e-05 | Loss: 1.9710e-06 | BC: 1.7570e-06 | PDE: 2.1400e-02 | Val: 3.0716e-06 | Test: 4.2550e-04 | LR=4.6e-04
Epoch  55/100 | Steps:  55000 | α=1e-05 | Loss: 2.5343e-06 | BC: 2.3115e-06 | PDE: 2.2283e-02 | Val: 1.1215e-07 | Test: 4.1523e-04 | LR=4.4e-04
Epoch  56/100 | Steps:  56000 | α=1e-05 | Loss: 1.9373e-06 | BC: 1.7446e-06 | PDE: 1.9272e-02 | Val: 4.2203e-06 | Test: 4.2178e-04 | LR=4.3e-04
Epoch  57/100 | Steps:  57000 | α=1e-05 | Loss: 1.8869e-06 | BC: 1.7057e-06 | PDE: 1.8123e-02 | Val: 3.3397e-06 | Test: 4.2198e-04 | LR=4.1e-04
Epoch  58/100 | Steps:  58000 | α=1e-05 | Loss: 2.1738e-06 | BC: 1.9657e-06 | PDE: 2.0812e-02 | Val: 3.2899e-07 | Test: 4.1790e-04 | LR=4.0e-04
Epoch  59/100 | Steps:  59000 | α=1e-05 | Loss: 1.3141e-06 | BC: 1.1511e-06 | PDE: 1.6300e-02 | Val: 1.4290e-06 | Test: 4.1594e-04 | LR=3.8e-04
Epoch  60/100 | Steps:  60000 | α=1e-05 | Loss: 1.3028e-06 | BC: 1.1460e-06 | PDE: 1.5683e-02 | Val: 2.0158e-07 | Test: 4.1694e-04 | LR=3.7e-04
Epoch  61/100 | Steps:  61000 | α=1e-05 | Loss: 1.5505e-06 | BC: 1.3841e-06 | PDE: 1.6641e-02 | Val: 3.5412e-07 | Test: 4.1769e-04 | LR=3.5e-04
Epoch  62/100 | Steps:  62000 | α=1e-05 | Loss: 1.2407e-06 | BC: 1.0999e-06 | PDE: 1.4076e-02 | Val: 1.1905e-07 | Test: 4.1656e-04 | LR=3.4e-04
Epoch  63/100 | Steps:  63000 | α=1e-05 | Loss: 1.2874e-06 | BC: 1.1403e-06 | PDE: 1.4713e-02 | Val: 3.9236e-07 | Test: 4.2110e-04 | LR=3.2e-04
Epoch  64/100 | Steps:  64000 | α=1e-05 | Loss: 1.0204e-06 | BC: 8.8223e-07 | PDE: 1.3821e-02 | Val: 1.6549e-07 | Test: 4.1856e-04 | LR=3.1e-04
Epoch  65/100 | Steps:  65000 | α=1e-05 | Loss: 9.4158e-07 | BC: 8.1439e-07 | PDE: 1.2719e-02 | Val: 4.0838e-07 | Test: 4.2019e-04 | LR=2.9e-04
Epoch  66/100 | Steps:  66000 | α=1e-05 | Loss: 1.0764e-06 | BC: 9.4728e-07 | PDE: 1.2910e-02 | Val: 4.5332e-07 | Test: 4.1906e-04 | LR=2.8e-04
Epoch  67/100 | Steps:  67000 | α=1e-05 | Loss: 8.1228e-07 | BC: 6.9369e-07 | PDE: 1.1859e-02 | Val: 1.3957e-07 | Test: 4.1853e-04 | LR=2.7e-04
Epoch  68/100 | Steps:  68000 | α=1e-05 | Loss: 7.0262e-07 | BC: 5.8942e-07 | PDE: 1.1320e-02 | Val: 2.7420e-07 | Test: 4.1744e-04 | LR=2.5e-04
Epoch  69/100 | Steps:  69000 | α=1e-05 | Loss: 6.9562e-07 | BC: 5.9097e-07 | PDE: 1.0465e-02 | Val: 1.3528e-06 | Test: 4.1942e-04 | LR=2.4e-04
Epoch  70/100 | Steps:  70000 | α=1e-05 | Loss: 7.1657e-07 | BC: 6.1101e-07 | PDE: 1.0556e-02 | Val: 2.0541e-07 | Test: 4.1775e-04 | LR=2.3e-04
Epoch  71/100 | Steps:  71000 | α=1e-05 | Loss: 4.9412e-07 | BC: 4.0267e-07 | PDE: 9.1446e-03 | Val: 2.7704e-07 | Test: 4.1817e-04 | LR=2.1e-04
Epoch  72/100 | Steps:  72000 | α=1e-05 | Loss: 5.1467e-07 | BC: 4.2151e-07 | PDE: 9.3162e-03 | Val: 7.9808e-07 | Test: 4.1729e-04 | LR=2.0e-04
Epoch  73/100 | Steps:  73000 | α=1e-05 | Loss: 4.9089e-07 | BC: 4.0191e-07 | PDE: 8.8975e-03 | Val: 1.4684e-07 | Test: 4.1937e-04 | LR=1.9e-04
Epoch  74/100 | Steps:  74000 | α=1e-05 | Loss: 4.3105e-07 | BC: 3.4840e-07 | PDE: 8.2642e-03 | Val: 6.8996e-07 | Test: 4.1787e-04 | LR=1.8e-04
Epoch  75/100 | Steps:  75000 | α=1e-05 | Loss: 3.6319e-07 | BC: 2.8053e-07 | PDE: 8.2664e-03 | Val: 6.3210e-07 | Test: 4.1905e-04 | LR=1.7e-04
Epoch  76/100 | Steps:  76000 | α=1e-05 | Loss: 3.7292e-07 | BC: 2.9596e-07 | PDE: 7.6959e-03 | Val: 1.2977e-07 | Test: 4.1497e-04 | LR=1.5e-04
Epoch  77/100 | Steps:  77000 | α=1e-05 | Loss: 3.1819e-07 | BC: 2.4319e-07 | PDE: 7.5003e-03 | Val: 1.0010e-06 | Test: 4.2204e-04 | LR=1.4e-04
Epoch  78/100 | Steps:  78000 | α=1e-05 | Loss: 2.7060e-07 | BC: 2.0261e-07 | PDE: 6.7997e-03 | Val: 2.7343e-07 | Test: 4.1706e-04 | LR=1.3e-04
Epoch  79/100 | Steps:  79000 | α=1e-05 | Loss: 2.3621e-07 | BC: 1.6900e-07 | PDE: 6.7207e-03 | Val: 2.1915e-07 | Test: 4.1983e-04 | LR=1.2e-04
Epoch  80/100 | Steps:  80000 | α=1e-05 | Loss: 2.5227e-07 | BC: 1.8624e-07 | PDE: 6.6026e-03 | Val: 8.3507e-07 | Test: 4.1570e-04 | LR=1.1e-04
Epoch  81/100 | Steps:  81000 | α=1e-05 | Loss: 1.9024e-07 | BC: 1.2908e-07 | PDE: 6.1160e-03 | Val: 1.2945e-07 | Test: 4.1905e-04 | LR=1.0e-04
Epoch  82/100 | Steps:  82000 | α=1e-05 | Loss: 1.9800e-07 | BC: 1.3656e-07 | PDE: 6.1440e-03 | Val: 1.9155e-07 | Test: 4.1868e-04 | LR=9.6e-05
Epoch  83/100 | Steps:  83000 | α=1e-05 | Loss: 1.8244e-07 | BC: 1.2142e-07 | PDE: 6.1016e-03 | Val: 1.2118e-07 | Test: 4.1712e-04 | LR=8.7e-05
Epoch  84/100 | Steps:  84000 | α=1e-05 | Loss: 1.4669e-07 | BC: 8.9178e-08 | PDE: 5.7514e-03 | Val: 6.6402e-08 | Test: 4.1936e-04 | LR=7.9e-05 *
Epoch  85/100 | Steps:  85000 | α=1e-05 | Loss: 1.3687e-07 | BC: 8.2138e-08 | PDE: 5.4737e-03 | Val: 7.1593e-08 | Test: 4.1957e-04 | LR=7.1e-05
Epoch  86/100 | Steps:  86000 | α=1e-05 | Loss: 1.3857e-07 | BC: 8.5561e-08 | PDE: 5.3009e-03 | Val: 6.7357e-08 | Test: 4.1803e-04 | LR=6.4e-05
Epoch  87/100 | Steps:  87000 | α=1e-05 | Loss: 1.1953e-07 | BC: 6.7373e-08 | PDE: 5.2161e-03 | Val: 6.1371e-08 | Test: 4.1935e-04 | LR=5.7e-05 *
Epoch  88/100 | Steps:  88000 | α=1e-05 | Loss: 1.1649e-07 | BC: 6.6458e-08 | PDE: 5.0035e-03 | Val: 7.6172e-08 | Test: 4.1832e-04 | LR=5.1e-05
Epoch  89/100 | Steps:  89000 | α=1e-05 | Loss: 1.0951e-07 | BC: 6.0380e-08 | PDE: 4.9128e-03 | Val: 1.4266e-07 | Test: 4.1909e-04 | LR=4.5e-05
Epoch  90/100 | Steps:  90000 | α=1e-05 | Loss: 1.0041e-07 | BC: 5.3021e-08 | PDE: 4.7387e-03 | Val: 8.8766e-08 | Test: 4.1978e-04 | LR=3.9e-05
Epoch  91/100 | Steps:  91000 | α=1e-05 | Loss: 9.5513e-08 | BC: 4.9558e-08 | PDE: 4.5955e-03 | Val: 1.0292e-07 | Test: 4.1676e-04 | LR=3.4e-05
Epoch  92/100 | Steps:  92000 | α=1e-05 | Loss: 9.0996e-08 | BC: 4.5632e-08 | PDE: 4.5364e-03 | Val: 6.4155e-08 | Test: 4.1930e-04 | LR=3.0e-05
Epoch  93/100 | Steps:  93000 | α=1e-05 | Loss: 8.9583e-08 | BC: 4.3519e-08 | PDE: 4.6065e-03 | Val: 6.0830e-08 | Test: 4.2004e-04 | LR=2.6e-05 *
Epoch  94/100 | Steps:  94000 | α=1e-05 | Loss: 8.2843e-08 | BC: 4.0251e-08 | PDE: 4.2592e-03 | Val: 6.3751e-08 | Test: 4.1868e-04 | LR=2.2e-05
Epoch  95/100 | Steps:  95000 | α=1e-05 | Loss: 8.1078e-08 | BC: 3.8769e-08 | PDE: 4.2309e-03 | Val: 6.2144e-08 | Test: 4.1864e-04 | LR=1.9e-05
Epoch  96/100 | Steps:  96000 | α=1e-05 | Loss: 7.9383e-08 | BC: 3.7100e-08 | PDE: 4.2283e-03 | Val: 5.8440e-08 | Test: 4.2063e-04 | LR=1.6e-05 *
Epoch  97/100 | Steps:  97000 | α=1e-05 | Loss: 7.8511e-08 | BC: 3.6683e-08 | PDE: 4.1829e-03 | Val: 6.1500e-08 | Test: 4.1945e-04 | LR=1.4e-05
Epoch  98/100 | Steps:  98000 | α=1e-05 | Loss: 7.6602e-08 | BC: 3.5263e-08 | PDE: 4.1339e-03 | Val: 5.4337e-08 | Test: 4.1959e-04 | LR=1.2e-05 *
Epoch  99/100 | Steps:  99000 | α=1e-05 | Loss: 7.5471e-08 | BC: 3.4723e-08 | PDE: 4.0748e-03 | Val: 6.2843e-08 | Test: 4.1868e-04 | LR=1.1e-05
Epoch 100/100 | Steps: 100000 | α=1e-05 | Loss: 7.5096e-08 | BC: 3.4856e-08 | PDE: 4.0240e-03 | Val: 5.3388e-08 | Test: 4.2059e-04 | LR=1.0e-05 *

Restored best model from epoch 100 (val_loss: 5.3388e-08, test_loss: 4.2059e-04)
Best checkpoint saved to: outputs/expr_7_2_iter/p2to20_square/fix_alpha_band1_1e-5/checkpoints/best_model.pt
Final checkpoint saved to: outputs/expr_7_2_iter/p2to20_square/fix_alpha_band1_1e-5/checkpoints/final_model.pt
Training completed in 918.61s (100,000 total steps)
  Stage 4 (p=5) PDE diagnostics:
    p-Lap (p=5) raw:        1.4272e+01
    p-Lap (p=5) normalized: 4.2613e-02
    Inf-Lap raw:              5.9023e-01
    Inf-Lap normalized:       2.5671e-01

============================================================
Stage 5/11: Training with p=6
============================================================

Training configuration:
  Boundary points (train): 32,000 -> 80 batches of 400
  Interior points (train): 1,000,000 -> 1000 batches of 1000
  Interior sampling: RE-SAMPLE each epoch
  Boundary points (val): 8,000
  Validation loss: BC only
  Steps per epoch: 1,000
  Total steps: 100,000
  Epochs: 100
  Loss balancing: FixedAlphaSchedule
  LR scheduler: cosine (LR: 1.0e-03 -> 1.0e-05)

Epoch   1/100 | Steps:   1000 | α=1e-05 | Loss: 1.7057e-05 | BC: 1.5070e-05 | PDE: 1.9878e-01 | Val: 6.7476e-06 | Test: 3.0039e-04 | LR=1.0e-03 *
Epoch   2/100 | Steps:   2000 | α=1e-05 | Loss: 1.0336e-05 | BC: 9.5847e-06 | PDE: 7.5169e-02 | Val: 1.5871e-06 | Test: 2.7564e-04 | LR=1.0e-03 *
Epoch   3/100 | Steps:   3000 | α=1e-05 | Loss: 1.8113e-05 | BC: 1.6666e-05 | PDE: 1.4471e-01 | Val: 1.5496e-07 | Test: 2.7623e-04 | LR=1.0e-03 *
Epoch   4/100 | Steps:   4000 | α=1e-05 | Loss: 6.1592e-06 | BC: 5.7060e-06 | PDE: 4.5318e-02 | Val: 1.4205e-06 | Test: 2.8090e-04 | LR=1.0e-03
Epoch   5/100 | Steps:   5000 | α=1e-05 | Loss: 1.0482e-05 | BC: 9.6316e-06 | PDE: 8.4997e-02 | Val: 7.9141e-07 | Test: 2.7746e-04 | LR=1.0e-03
Epoch   6/100 | Steps:   6000 | α=1e-05 | Loss: 1.3412e-05 | BC: 1.2338e-05 | PDE: 1.0747e-01 | Val: 1.6477e-06 | Test: 2.7471e-04 | LR=9.9e-04
Epoch   7/100 | Steps:   7000 | α=1e-05 | Loss: 1.0941e-05 | BC: 1.0017e-05 | PDE: 9.2352e-02 | Val: 3.3173e-07 | Test: 2.7836e-04 | LR=9.9e-04
Epoch   8/100 | Steps:   8000 | α=1e-05 | Loss: 1.0329e-05 | BC: 9.5043e-06 | PDE: 8.2443e-02 | Val: 1.8664e-07 | Test: 2.7313e-04 | LR=9.9e-04
Epoch   9/100 | Steps:   9000 | α=1e-05 | Loss: 8.6713e-06 | BC: 7.9541e-06 | PDE: 7.1716e-02 | Val: 1.0294e-06 | Test: 2.6944e-04 | LR=9.8e-04
Epoch  10/100 | Steps:  10000 | α=1e-05 | Loss: 1.7304e-05 | BC: 1.6066e-05 | PDE: 1.2381e-01 | Val: 1.0825e-07 | Test: 2.7328e-04 | LR=9.8e-04 *
Epoch  11/100 | Steps:  11000 | α=1e-05 | Loss: 9.3128e-06 | BC: 8.4221e-06 | PDE: 8.9071e-02 | Val: 2.5627e-06 | Test: 2.7397e-04 | LR=9.8e-04
Epoch  12/100 | Steps:  12000 | α=1e-05 | Loss: 8.5488e-06 | BC: 7.8309e-06 | PDE: 7.1785e-02 | Val: 1.5195e-05 | Test: 2.8986e-04 | LR=9.7e-04
Epoch  13/100 | Steps:  13000 | α=1e-05 | Loss: 1.0316e-05 | BC: 9.4782e-06 | PDE: 8.3750e-02 | Val: 6.2517e-06 | Test: 2.7513e-04 | LR=9.7e-04
Epoch  14/100 | Steps:  14000 | α=1e-05 | Loss: 1.0138e-05 | BC: 9.2471e-06 | PDE: 8.9062e-02 | Val: 7.5250e-06 | Test: 2.8607e-04 | LR=9.6e-04
Epoch  15/100 | Steps:  15000 | α=1e-05 | Loss: 8.4532e-06 | BC: 7.6507e-06 | PDE: 8.0246e-02 | Val: 1.7435e-07 | Test: 2.6972e-04 | LR=9.5e-04
Epoch  16/100 | Steps:  16000 | α=1e-05 | Loss: 8.2716e-06 | BC: 7.4619e-06 | PDE: 8.0970e-02 | Val: 1.5913e-05 | Test: 2.9016e-04 | LR=9.5e-04
Epoch  17/100 | Steps:  17000 | α=1e-05 | Loss: 1.7976e-05 | BC: 1.6544e-05 | PDE: 1.4314e-01 | Val: 1.3363e-07 | Test: 2.7219e-04 | LR=9.4e-04
Epoch  18/100 | Steps:  18000 | α=1e-05 | Loss: 6.3317e-06 | BC: 5.7268e-06 | PDE: 6.0486e-02 | Val: 2.6739e-06 | Test: 2.6265e-04 | LR=9.3e-04
Epoch  19/100 | Steps:  19000 | α=1e-05 | Loss: 8.5995e-06 | BC: 7.7460e-06 | PDE: 8.5349e-02 | Val: 4.6367e-07 | Test: 2.7391e-04 | LR=9.2e-04
Epoch  20/100 | Steps:  20000 | α=1e-05 | Loss: 9.0452e-06 | BC: 8.2456e-06 | PDE: 7.9958e-02 | Val: 3.1451e-07 | Test: 2.7426e-04 | LR=9.1e-04
Epoch  21/100 | Steps:  21000 | α=1e-05 | Loss: 7.0612e-06 | BC: 6.4002e-06 | PDE: 6.6106e-02 | Val: 2.5675e-06 | Test: 2.7362e-04 | LR=9.1e-04
Epoch  22/100 | Steps:  22000 | α=1e-05 | Loss: 1.1743e-05 | BC: 1.0822e-05 | PDE: 9.2094e-02 | Val: 1.0387e-07 | Test: 2.7244e-04 | LR=9.0e-04 *
Epoch  23/100 | Steps:  23000 | α=1e-05 | Loss: 6.0864e-06 | BC: 5.4805e-06 | PDE: 6.0591e-02 | Val: 1.6112e-07 | Test: 2.7332e-04 | LR=8.9e-04
Epoch  24/100 | Steps:  24000 | α=1e-05 | Loss: 1.0013e-05 | BC: 9.2296e-06 | PDE: 7.8361e-02 | Val: 1.4193e-07 | Test: 2.7284e-04 | LR=8.8e-04
Epoch  25/100 | Steps:  25000 | α=1e-05 | Loss: 4.4899e-06 | BC: 4.0407e-06 | PDE: 4.4917e-02 | Val: 4.3627e-06 | Test: 2.7260e-04 | LR=8.7e-04
Epoch  26/100 | Steps:  26000 | α=1e-05 | Loss: 1.2182e-05 | BC: 1.1119e-05 | PDE: 1.0633e-01 | Val: 5.4877e-06 | Test: 2.6607e-04 | LR=8.6e-04
Epoch  27/100 | Steps:  27000 | α=1e-05 | Loss: 3.0506e-06 | BC: 2.6477e-06 | PDE: 4.0299e-02 | Val: 9.1872e-06 | Test: 2.6561e-04 | LR=8.4e-04
Epoch  28/100 | Steps:  28000 | α=1e-05 | Loss: 1.0723e-05 | BC: 9.8856e-06 | PDE: 8.3773e-02 | Val: 3.7569e-05 | Test: 2.8768e-04 | LR=8.3e-04
Epoch  29/100 | Steps:  29000 | α=1e-05 | Loss: 3.8052e-06 | BC: 3.3182e-06 | PDE: 4.8702e-02 | Val: 8.1888e-07 | Test: 2.7462e-04 | LR=8.2e-04
Epoch  30/100 | Steps:  30000 | α=1e-05 | Loss: 6.5290e-06 | BC: 5.9032e-06 | PDE: 6.2583e-02 | Val: 1.2077e-06 | Test: 2.7646e-04 | LR=8.1e-04
Epoch  31/100 | Steps:  31000 | α=1e-05 | Loss: 6.9538e-06 | BC: 6.3162e-06 | PDE: 6.3755e-02 | Val: 1.2031e-05 | Test: 2.7798e-04 | LR=8.0e-04
Epoch  32/100 | Steps:  32000 | α=1e-05 | Loss: 6.3185e-06 | BC: 5.7105e-06 | PDE: 6.0801e-02 | Val: 3.1840e-07 | Test: 2.7260e-04 | LR=7.8e-04
Epoch  33/100 | Steps:  33000 | α=1e-05 | Loss: 6.0964e-06 | BC: 5.5839e-06 | PDE: 5.1246e-02 | Val: 9.4978e-08 | Test: 2.7333e-04 | LR=7.7e-04 *
Epoch  34/100 | Steps:  34000 | α=1e-05 | Loss: 4.9983e-06 | BC: 4.5275e-06 | PDE: 4.7079e-02 | Val: 5.5838e-06 | Test: 2.6972e-04 | LR=7.6e-04
Epoch  35/100 | Steps:  35000 | α=1e-05 | Loss: 5.8090e-06 | BC: 5.1806e-06 | PDE: 6.2843e-02 | Val: 2.5705e-07 | Test: 2.7511e-04 | LR=7.4e-04
Epoch  36/100 | Steps:  36000 | α=1e-05 | Loss: 4.8272e-06 | BC: 4.3256e-06 | PDE: 5.0159e-02 | Val: 8.9727e-07 | Test: 2.7328e-04 | LR=7.3e-04
Epoch  37/100 | Steps:  37000 | α=1e-05 | Loss: 5.1005e-06 | BC: 4.5699e-06 | PDE: 5.3058e-02 | Val: 1.1279e-06 | Test: 2.6800e-04 | LR=7.2e-04
Epoch  38/100 | Steps:  38000 | α=1e-05 | Loss: 4.3200e-06 | BC: 3.9013e-06 | PDE: 4.1868e-02 | Val: 1.9820e-06 | Test: 2.6981e-04 | LR=7.0e-04
Epoch  39/100 | Steps:  39000 | α=1e-05 | Loss: 4.9691e-06 | BC: 4.5022e-06 | PDE: 4.6696e-02 | Val: 2.7964e-07 | Test: 2.7651e-04 | LR=6.9e-04
Epoch  40/100 | Steps:  40000 | α=1e-05 | Loss: 3.8425e-06 | BC: 3.4221e-06 | PDE: 4.2038e-02 | Val: 2.5267e-07 | Test: 2.7842e-04 | LR=6.7e-04
Epoch  41/100 | Steps:  41000 | α=1e-05 | Loss: 8.2354e-06 | BC: 7.6085e-06 | PDE: 6.2693e-02 | Val: 5.6154e-07 | Test: 2.7664e-04 | LR=6.6e-04
Epoch  42/100 | Steps:  42000 | α=1e-05 | Loss: 1.0059e-06 | BC: 8.2825e-07 | PDE: 1.7767e-02 | Val: 1.6294e-05 | Test: 2.8353e-04 | LR=6.4e-04
Epoch  43/100 | Steps:  43000 | α=1e-05 | Loss: 3.8773e-06 | BC: 3.4625e-06 | PDE: 4.1478e-02 | Val: 2.3300e-06 | Test: 2.8926e-04 | LR=6.3e-04
Epoch  44/100 | Steps:  44000 | α=1e-05 | Loss: 3.3613e-06 | BC: 3.0270e-06 | PDE: 3.3434e-02 | Val: 2.7782e-07 | Test: 2.7032e-04 | LR=6.1e-04
Epoch  45/100 | Steps:  45000 | α=1e-05 | Loss: 3.5802e-06 | BC: 3.2022e-06 | PDE: 3.7807e-02 | Val: 9.7038e-08 | Test: 2.7085e-04 | LR=6.0e-04
Epoch  46/100 | Steps:  46000 | α=1e-05 | Loss: 3.0694e-06 | BC: 2.7384e-06 | PDE: 3.3106e-02 | Val: 3.6418e-07 | Test: 2.7413e-04 | LR=5.8e-04
Epoch  47/100 | Steps:  47000 | α=1e-05 | Loss: 3.0464e-06 | BC: 2.7020e-06 | PDE: 3.4439e-02 | Val: 5.2733e-07 | Test: 2.7403e-04 | LR=5.7e-04
Epoch  48/100 | Steps:  48000 | α=1e-05 | Loss: 3.1472e-06 | BC: 2.8230e-06 | PDE: 3.2413e-02 | Val: 8.5321e-06 | Test: 2.5704e-04 | LR=5.5e-04
Epoch  49/100 | Steps:  49000 | α=1e-05 | Loss: 3.3748e-06 | BC: 3.0476e-06 | PDE: 3.2723e-02 | Val: 1.0833e-06 | Test: 2.6622e-04 | LR=5.4e-04
Epoch  50/100 | Steps:  50000 | α=1e-05 | Loss: 2.5175e-06 | BC: 2.2451e-06 | PDE: 2.7232e-02 | Val: 6.6605e-07 | Test: 2.7606e-04 | LR=5.2e-04
Epoch  51/100 | Steps:  51000 | α=1e-05 | Loss: 1.8999e-06 | BC: 1.6739e-06 | PDE: 2.2597e-02 | Val: 2.2470e-06 | Test: 2.7398e-04 | LR=5.1e-04
Epoch  52/100 | Steps:  52000 | α=1e-05 | Loss: 2.1855e-06 | BC: 1.9166e-06 | PDE: 2.6894e-02 | Val: 4.6475e-06 | Test: 2.7852e-04 | LR=4.9e-04
Epoch  53/100 | Steps:  53000 | α=1e-05 | Loss: 2.3366e-06 | BC: 2.0499e-06 | PDE: 2.8673e-02 | Val: 2.8484e-07 | Test: 2.7525e-04 | LR=4.7e-04
Epoch  54/100 | Steps:  54000 | α=1e-05 | Loss: 1.9773e-06 | BC: 1.7477e-06 | PDE: 2.2960e-02 | Val: 4.0181e-06 | Test: 2.7059e-04 | LR=4.6e-04
Epoch  55/100 | Steps:  55000 | α=1e-05 | Loss: 2.0207e-06 | BC: 1.7912e-06 | PDE: 2.2951e-02 | Val: 2.2770e-07 | Test: 2.7241e-04 | LR=4.4e-04
Epoch  56/100 | Steps:  56000 | α=1e-05 | Loss: 1.8454e-06 | BC: 1.6321e-06 | PDE: 2.1326e-02 | Val: 2.0590e-07 | Test: 2.7601e-04 | LR=4.3e-04
Epoch  57/100 | Steps:  57000 | α=1e-05 | Loss: 1.6308e-06 | BC: 1.4405e-06 | PDE: 1.9032e-02 | Val: 1.2048e-06 | Test: 2.8087e-04 | LR=4.1e-04
Epoch  58/100 | Steps:  58000 | α=1e-05 | Loss: 1.7607e-06 | BC: 1.5556e-06 | PDE: 2.0508e-02 | Val: 4.5463e-07 | Test: 2.7755e-04 | LR=4.0e-04
Epoch  59/100 | Steps:  59000 | α=1e-05 | Loss: 1.3385e-06 | BC: 1.1538e-06 | PDE: 1.8470e-02 | Val: 7.0453e-07 | Test: 2.7503e-04 | LR=3.8e-04
Epoch  60/100 | Steps:  60000 | α=1e-05 | Loss: 1.1318e-06 | BC: 9.6950e-07 | PDE: 1.6233e-02 | Val: 3.4705e-07 | Test: 2.7332e-04 | LR=3.7e-04
Epoch  61/100 | Steps:  61000 | α=1e-05 | Loss: 1.3728e-06 | BC: 1.1986e-06 | PDE: 1.7417e-02 | Val: 1.0264e-07 | Test: 2.7469e-04 | LR=3.5e-04
Epoch  62/100 | Steps:  62000 | α=1e-05 | Loss: 9.4539e-07 | BC: 8.0882e-07 | PDE: 1.3657e-02 | Val: 9.3227e-07 | Test: 2.7428e-04 | LR=3.4e-04
Epoch  63/100 | Steps:  63000 | α=1e-05 | Loss: 1.1141e-06 | BC: 9.6292e-07 | PDE: 1.5119e-02 | Val: 1.0773e-07 | Test: 2.7534e-04 | LR=3.2e-04
Epoch  64/100 | Steps:  64000 | α=1e-05 | Loss: 1.0280e-06 | BC: 8.8406e-07 | PDE: 1.4390e-02 | Val: 6.5638e-07 | Test: 2.8045e-04 | LR=3.1e-04
Epoch  65/100 | Steps:  65000 | α=1e-05 | Loss: 6.7504e-07 | BC: 5.5769e-07 | PDE: 1.1735e-02 | Val: 2.5900e-06 | Test: 2.7611e-04 | LR=2.9e-04
Epoch  66/100 | Steps:  66000 | α=1e-05 | Loss: 8.1117e-07 | BC: 6.7975e-07 | PDE: 1.3141e-02 | Val: 5.6165e-07 | Test: 2.7532e-04 | LR=2.8e-04
Epoch  67/100 | Steps:  67000 | α=1e-05 | Loss: 8.0314e-07 | BC: 6.7879e-07 | PDE: 1.2435e-02 | Val: 1.5506e-07 | Test: 2.7387e-04 | LR=2.7e-04
Epoch  68/100 | Steps:  68000 | α=1e-05 | Loss: 6.0179e-07 | BC: 4.9260e-07 | PDE: 1.0918e-02 | Val: 7.5721e-07 | Test: 2.7278e-04 | LR=2.5e-04
Epoch  69/100 | Steps:  69000 | α=1e-05 | Loss: 6.5673e-07 | BC: 5.4881e-07 | PDE: 1.0792e-02 | Val: 3.7860e-07 | Test: 2.7604e-04 | LR=2.4e-04
Epoch  70/100 | Steps:  70000 | α=1e-05 | Loss: 5.1552e-07 | BC: 4.1750e-07 | PDE: 9.8025e-03 | Val: 6.0392e-07 | Test: 2.8380e-04 | LR=2.3e-04
Epoch  71/100 | Steps:  71000 | α=1e-05 | Loss: 5.9208e-07 | BC: 4.9111e-07 | PDE: 1.0096e-02 | Val: 7.6052e-08 | Test: 2.7539e-04 | LR=2.1e-04 *
Epoch  72/100 | Steps:  72000 | α=1e-05 | Loss: 4.2048e-07 | BC: 3.3277e-07 | PDE: 8.7711e-03 | Val: 3.3253e-07 | Test: 2.7575e-04 | LR=2.0e-04
Epoch  73/100 | Steps:  73000 | α=1e-05 | Loss: 3.7930e-07 | BC: 2.9793e-07 | PDE: 8.1363e-03 | Val: 1.2703e-07 | Test: 2.7859e-04 | LR=1.9e-04
Epoch  74/100 | Steps:  74000 | α=1e-05 | Loss: 3.5554e-07 | BC: 2.7624e-07 | PDE: 7.9295e-03 | Val: 3.1500e-07 | Test: 2.7746e-04 | LR=1.8e-04
Epoch  75/100 | Steps:  75000 | α=1e-05 | Loss: 3.4085e-07 | BC: 2.5922e-07 | PDE: 8.1633e-03 | Val: 7.7380e-07 | Test: 2.7466e-04 | LR=1.7e-04
Epoch  76/100 | Steps:  76000 | α=1e-05 | Loss: 2.9276e-07 | BC: 2.1861e-07 | PDE: 7.4141e-03 | Val: 2.4521e-07 | Test: 2.7403e-04 | LR=1.5e-04
Epoch  77/100 | Steps:  77000 | α=1e-05 | Loss: 2.7900e-07 | BC: 2.0725e-07 | PDE: 7.1743e-03 | Val: 1.0665e-07 | Test: 2.7466e-04 | LR=1.4e-04
Epoch  78/100 | Steps:  78000 | α=1e-05 | Loss: 2.4249e-07 | BC: 1.7307e-07 | PDE: 6.9424e-03 | Val: 1.7597e-07 | Test: 2.7806e-04 | LR=1.3e-04
Epoch  79/100 | Steps:  79000 | α=1e-05 | Loss: 2.2278e-07 | BC: 1.5585e-07 | PDE: 6.6933e-03 | Val: 2.8161e-07 | Test: 2.7653e-04 | LR=1.2e-04
Epoch  80/100 | Steps:  80000 | α=1e-05 | Loss: 2.2648e-07 | BC: 1.6339e-07 | PDE: 6.3091e-03 | Val: 8.9265e-08 | Test: 2.7556e-04 | LR=1.1e-04
Epoch  81/100 | Steps:  81000 | α=1e-05 | Loss: 1.5336e-07 | BC: 9.4755e-08 | PDE: 5.8609e-03 | Val: 6.6369e-08 | Test: 2.7667e-04 | LR=1.0e-04 *
Epoch  82/100 | Steps:  82000 | α=1e-05 | Loss: 1.6195e-07 | BC: 1.0464e-07 | PDE: 5.7311e-03 | Val: 1.3805e-07 | Test: 2.7717e-04 | LR=9.6e-05
Epoch  83/100 | Steps:  83000 | α=1e-05 | Loss: 1.6142e-07 | BC: 1.0501e-07 | PDE: 5.6411e-03 | Val: 1.1109e-07 | Test: 2.7721e-04 | LR=8.7e-05
Epoch  84/100 | Steps:  84000 | α=1e-05 | Loss: 1.3071e-07 | BC: 7.8528e-08 | PDE: 5.2177e-03 | Val: 5.5995e-08 | Test: 2.7644e-04 | LR=7.9e-05 *
Epoch  85/100 | Steps:  85000 | α=1e-05 | Loss: 1.2397e-07 | BC: 7.1458e-08 | PDE: 5.2509e-03 | Val: 8.9860e-08 | Test: 2.7823e-04 | LR=7.1e-05
Epoch  86/100 | Steps:  86000 | α=1e-05 | Loss: 1.1633e-07 | BC: 6.7058e-08 | PDE: 4.9273e-03 | Val: 8.1864e-08 | Test: 2.7700e-04 | LR=6.4e-05
Epoch  87/100 | Steps:  87000 | α=1e-05 | Loss: 1.0832e-07 | BC: 6.0596e-08 | PDE: 4.7726e-03 | Val: 6.1987e-08 | Test: 2.7785e-04 | LR=5.7e-05
Epoch  88/100 | Steps:  88000 | α=1e-05 | Loss: 1.0105e-07 | BC: 5.4414e-08 | PDE: 4.6640e-03 | Val: 1.0955e-07 | Test: 2.7746e-04 | LR=5.1e-05
Epoch  89/100 | Steps:  89000 | α=1e-05 | Loss: 9.2979e-08 | BC: 4.7245e-08 | PDE: 4.5734e-03 | Val: 8.1350e-08 | Test: 2.7730e-04 | LR=4.5e-05
Epoch  90/100 | Steps:  90000 | α=1e-05 | Loss: 9.0123e-08 | BC: 4.5351e-08 | PDE: 4.4772e-03 | Val: 6.7094e-08 | Test: 2.7880e-04 | LR=3.9e-05
Epoch  91/100 | Steps:  91000 | α=1e-05 | Loss: 8.0809e-08 | BC: 3.9532e-08 | PDE: 4.1277e-03 | Val: 6.3380e-08 | Test: 2.7622e-04 | LR=3.4e-05
Epoch  92/100 | Steps:  92000 | α=1e-05 | Loss: 7.8824e-08 | BC: 3.7528e-08 | PDE: 4.1296e-03 | Val: 5.1434e-08 | Test: 2.7781e-04 | LR=3.0e-05 *
Epoch  93/100 | Steps:  93000 | α=1e-05 | Loss: 7.6361e-08 | BC: 3.5603e-08 | PDE: 4.0758e-03 | Val: 4.9545e-08 | Test: 2.7745e-04 | LR=2.6e-05 *
Epoch  94/100 | Steps:  94000 | α=1e-05 | Loss: 7.0938e-08 | BC: 3.1559e-08 | PDE: 3.9379e-03 | Val: 4.9651e-08 | Test: 2.7805e-04 | LR=2.2e-05
Epoch  95/100 | Steps:  95000 | α=1e-05 | Loss: 7.0175e-08 | BC: 3.1760e-08 | PDE: 3.8415e-03 | Val: 5.8504e-08 | Test: 2.7750e-04 | LR=1.9e-05
Epoch  96/100 | Steps:  96000 | α=1e-05 | Loss: 6.8615e-08 | BC: 3.0088e-08 | PDE: 3.8526e-03 | Val: 5.1027e-08 | Test: 2.7849e-04 | LR=1.6e-05
Epoch  97/100 | Steps:  97000 | α=1e-05 | Loss: 6.6875e-08 | BC: 2.9585e-08 | PDE: 3.7290e-03 | Val: 5.0449e-08 | Test: 2.7751e-04 | LR=1.4e-05
Epoch  98/100 | Steps:  98000 | α=1e-05 | Loss: 6.6426e-08 | BC: 2.8648e-08 | PDE: 3.7779e-03 | Val: 4.5362e-08 | Test: 2.7703e-04 | LR=1.2e-05 *
Epoch  99/100 | Steps:  99000 | α=1e-05 | Loss: 6.4091e-08 | BC: 2.8099e-08 | PDE: 3.5992e-03 | Val: 4.8387e-08 | Test: 2.7773e-04 | LR=1.1e-05
Epoch 100/100 | Steps: 100000 | α=1e-05 | Loss: 6.4232e-08 | BC: 2.8008e-08 | PDE: 3.6224e-03 | Val: 4.6345e-08 | Test: 2.7758e-04 | LR=1.0e-05

Restored best model from epoch 98 (val_loss: 4.5362e-08, test_loss: 2.7703e-04)
Best checkpoint saved to: outputs/expr_7_2_iter/p2to20_square/fix_alpha_band1_1e-5/checkpoints/best_model.pt
Final checkpoint saved to: outputs/expr_7_2_iter/p2to20_square/fix_alpha_band1_1e-5/checkpoints/final_model.pt
Training completed in 850.37s (100,000 total steps)
  Stage 5 (p=6) PDE diagnostics:
    p-Lap (p=6) raw:        3.0314e+01
    p-Lap (p=6) normalized: 3.4370e-02
    Inf-Lap raw:              3.8959e-01
    Inf-Lap normalized:       1.9096e-01

============================================================
Stage 6/11: Training with p=7
============================================================

Training configuration:
  Boundary points (train): 32,000 -> 80 batches of 400
  Interior points (train): 1,000,000 -> 1000 batches of 1000
  Interior sampling: RE-SAMPLE each epoch
  Boundary points (val): 8,000
  Validation loss: BC only
  Steps per epoch: 1,000
  Total steps: 100,000
  Epochs: 100
  Loss balancing: FixedAlphaSchedule
  LR scheduler: cosine (LR: 1.0e-03 -> 1.0e-05)

Epoch   1/100 | Steps:   1000 | α=1e-05 | Loss: 1.3790e-05 | BC: 1.1477e-05 | PDE: 2.3123e-01 | Val: 1.7094e-06 | Test: 1.9885e-04 | LR=1.0e-03 *
Epoch   2/100 | Steps:   2000 | α=1e-05 | Loss: 1.0138e-05 | BC: 9.1038e-06 | PDE: 1.0342e-01 | Val: 1.8747e-07 | Test: 1.9888e-04 | LR=1.0e-03 *
Epoch   3/100 | Steps:   3000 | α=1e-05 | Loss: 8.4215e-06 | BC: 7.5295e-06 | PDE: 8.9207e-02 | Val: 9.1197e-07 | Test: 1.9147e-04 | LR=1.0e-03
Epoch   4/100 | Steps:   4000 | α=1e-05 | Loss: 1.7606e-05 | BC: 1.6308e-05 | PDE: 1.2979e-01 | Val: 1.3208e-06 | Test: 2.0287e-04 | LR=1.0e-03
Epoch   5/100 | Steps:   5000 | α=1e-05 | Loss: 8.1385e-06 | BC: 7.3743e-06 | PDE: 7.6415e-02 | Val: 1.8268e-07 | Test: 1.9734e-04 | LR=1.0e-03 *
Epoch   6/100 | Steps:   6000 | α=1e-05 | Loss: 1.0066e-05 | BC: 8.9807e-06 | PDE: 1.0852e-01 | Val: 1.6177e-06 | Test: 1.9642e-04 | LR=9.9e-04
Epoch   7/100 | Steps:   7000 | α=1e-05 | Loss: 1.2341e-05 | BC: 1.1202e-05 | PDE: 1.1397e-01 | Val: 9.0630e-08 | Test: 1.9498e-04 | LR=9.9e-04 *
Epoch   8/100 | Steps:   8000 | α=1e-05 | Loss: 8.5111e-06 | BC: 7.5700e-06 | PDE: 9.4109e-02 | Val: 8.8014e-08 | Test: 1.9609e-04 | LR=9.9e-04 *
Epoch   9/100 | Steps:   9000 | α=1e-05 | Loss: 7.8600e-06 | BC: 6.8368e-06 | PDE: 1.0233e-01 | Val: 4.6213e-06 | Test: 1.9266e-04 | LR=9.8e-04
Epoch  10/100 | Steps:  10000 | α=1e-05 | Loss: 1.2326e-05 | BC: 1.1132e-05 | PDE: 1.1935e-01 | Val: 1.2284e-07 | Test: 1.9386e-04 | LR=9.8e-04
Epoch  11/100 | Steps:  11000 | α=1e-05 | Loss: 7.5088e-06 | BC: 6.5985e-06 | PDE: 9.1032e-02 | Val: 6.5118e-07 | Test: 1.9402e-04 | LR=9.8e-04
Epoch  12/100 | Steps:  12000 | α=1e-05 | Loss: 8.1310e-06 | BC: 7.2605e-06 | PDE: 8.7050e-02 | Val: 8.7036e-07 | Test: 1.9338e-04 | LR=9.7e-04
Epoch  13/100 | Steps:  13000 | α=1e-05 | Loss: 2.1380e-05 | BC: 1.9152e-05 | PDE: 2.2285e-01 | Val: 8.5518e-08 | Test: 1.9391e-04 | LR=9.7e-04 *
Epoch  14/100 | Steps:  14000 | α=1e-05 | Loss: 4.0947e-06 | BC: 3.5591e-06 | PDE: 5.3554e-02 | Val: 9.9307e-06 | Test: 1.9684e-04 | LR=9.6e-04
Epoch  15/100 | Steps:  15000 | α=1e-05 | Loss: 7.7920e-06 | BC: 6.8647e-06 | PDE: 9.2731e-02 | Val: 4.6077e-07 | Test: 1.9589e-04 | LR=9.5e-04
Epoch  16/100 | Steps:  16000 | α=1e-05 | Loss: 7.3974e-06 | BC: 6.5297e-06 | PDE: 8.6764e-02 | Val: 3.1915e-05 | Test: 2.3825e-04 | LR=9.5e-04
Epoch  17/100 | Steps:  17000 | α=1e-05 | Loss: 3.0977e-05 | BC: 2.8028e-05 | PDE: 2.9494e-01 | Val: 9.6266e-08 | Test: 1.9476e-04 | LR=9.4e-04
Epoch  18/100 | Steps:  18000 | α=1e-05 | Loss: 1.9234e-06 | BC: 1.6673e-06 | PDE: 2.5612e-02 | Val: 1.1648e-05 | Test: 1.9335e-04 | LR=9.3e-04
Epoch  19/100 | Steps:  19000 | α=1e-05 | Loss: 6.8411e-06 | BC: 6.0286e-06 | PDE: 8.1251e-02 | Val: 1.4747e-05 | Test: 2.1572e-04 | LR=9.2e-04
Epoch  20/100 | Steps:  20000 | α=1e-05 | Loss: 1.0530e-05 | BC: 9.4340e-06 | PDE: 1.0958e-01 | Val: 2.0459e-05 | Test: 2.0449e-04 | LR=9.1e-04
Epoch  21/100 | Steps:  21000 | α=1e-05 | Loss: 4.7496e-06 | BC: 4.0980e-06 | PDE: 6.5157e-02 | Val: 5.6746e-06 | Test: 1.9334e-04 | LR=9.1e-04
Epoch  22/100 | Steps:  22000 | α=1e-05 | Loss: 7.7384e-06 | BC: 6.8970e-06 | PDE: 8.4140e-02 | Val: 1.1596e-06 | Test: 1.9764e-04 | LR=9.0e-04
Epoch  23/100 | Steps:  23000 | α=1e-05 | Loss: 3.3396e-05 | BC: 3.0509e-05 | PDE: 2.8871e-01 | Val: 7.3773e-08 | Test: 1.9434e-04 | LR=8.9e-04 *
Epoch  24/100 | Steps:  24000 | α=1e-05 | Loss: 2.0878e-07 | BC: 8.1219e-08 | PDE: 1.2756e-02 | Val: 2.4385e-07 | Test: 1.9325e-04 | LR=8.8e-04
Epoch  25/100 | Steps:  25000 | α=1e-05 | Loss: 5.5257e-06 | BC: 4.8597e-06 | PDE: 6.6603e-02 | Val: 6.6001e-07 | Test: 1.9435e-04 | LR=8.7e-04
Epoch  26/100 | Steps:  26000 | α=1e-05 | Loss: 6.4182e-06 | BC: 5.5726e-06 | PDE: 8.4562e-02 | Val: 1.1353e-05 | Test: 2.0555e-04 | LR=8.6e-04
Epoch  27/100 | Steps:  27000 | α=1e-05 | Loss: 5.3787e-06 | BC: 4.6627e-06 | PDE: 7.1596e-02 | Val: 6.1675e-07 | Test: 1.9258e-04 | LR=8.4e-04
Epoch  28/100 | Steps:  28000 | α=1e-05 | Loss: 3.0092e-05 | BC: 2.7337e-05 | PDE: 2.7552e-01 | Val: 9.6262e-08 | Test: 1.9527e-04 | LR=8.3e-04
Epoch  29/100 | Steps:  29000 | α=1e-05 | Loss: 8.8011e-07 | BC: 6.8357e-07 | PDE: 1.9654e-02 | Val: 2.8555e-05 | Test: 2.3951e-04 | LR=8.2e-04
Epoch  30/100 | Steps:  30000 | α=1e-05 | Loss: 4.7690e-06 | BC: 4.0649e-06 | PDE: 7.0408e-02 | Val: 7.7262e-06 | Test: 1.9093e-04 | LR=8.1e-04
Epoch  31/100 | Steps:  31000 | α=1e-05 | Loss: 5.9228e-06 | BC: 5.1581e-06 | PDE: 7.6473e-02 | Val: 2.0960e-07 | Test: 1.9444e-04 | LR=8.0e-04
Epoch  32/100 | Steps:  32000 | α=1e-05 | Loss: 5.5415e-06 | BC: 4.8708e-06 | PDE: 6.7071e-02 | Val: 1.0400e-05 | Test: 2.1026e-04 | LR=7.8e-04
Epoch  33/100 | Steps:  33000 | α=1e-05 | Loss: 7.3558e-06 | BC: 6.5026e-06 | PDE: 8.5317e-02 | Val: 9.2156e-08 | Test: 1.9612e-04 | LR=7.7e-04
Epoch  34/100 | Steps:  34000 | α=1e-05 | Loss: 3.6936e-06 | BC: 3.2194e-06 | PDE: 4.7420e-02 | Val: 5.7438e-07 | Test: 1.9661e-04 | LR=7.6e-04
Epoch  35/100 | Steps:  35000 | α=1e-05 | Loss: 4.6606e-06 | BC: 4.0951e-06 | PDE: 5.6555e-02 | Val: 4.0686e-06 | Test: 2.0363e-04 | LR=7.4e-04
Epoch  36/100 | Steps:  36000 | α=1e-05 | Loss: 5.3404e-06 | BC: 4.6243e-06 | PDE: 7.1611e-02 | Val: 8.2529e-07 | Test: 1.9722e-04 | LR=7.3e-04
Epoch  37/100 | Steps:  37000 | α=1e-05 | Loss: 4.5413e-06 | BC: 3.9546e-06 | PDE: 5.8673e-02 | Val: 5.4141e-06 | Test: 1.8126e-04 | LR=7.2e-04
Epoch  38/100 | Steps:  38000 | α=1e-05 | Loss: 3.8329e-06 | BC: 3.3294e-06 | PDE: 5.0350e-02 | Val: 3.1421e-06 | Test: 1.9161e-04 | LR=7.0e-04
Epoch  39/100 | Steps:  39000 | α=1e-05 | Loss: 4.3252e-06 | BC: 3.7709e-06 | PDE: 5.5430e-02 | Val: 1.3980e-05 | Test: 1.9891e-04 | LR=6.9e-04
Epoch  40/100 | Steps:  40000 | α=1e-05 | Loss: 4.8624e-06 | BC: 4.2838e-06 | PDE: 5.7855e-02 | Val: 1.3205e-07 | Test: 1.9451e-04 | LR=6.7e-04
Epoch  41/100 | Steps:  41000 | α=1e-05 | Loss: 3.6195e-06 | BC: 3.1528e-06 | PDE: 4.6662e-02 | Val: 1.6439e-07 | Test: 1.9516e-04 | LR=6.6e-04
Epoch  42/100 | Steps:  42000 | α=1e-05 | Loss: 4.3459e-06 | BC: 3.8168e-06 | PDE: 5.2908e-02 | Val: 8.7716e-05 | Test: 2.6874e-04 | LR=6.4e-04
Epoch  43/100 | Steps:  43000 | α=1e-05 | Loss: 2.9123e-06 | BC: 2.5189e-06 | PDE: 3.9348e-02 | Val: 1.6078e-06 | Test: 2.0534e-04 | LR=6.3e-04
Epoch  44/100 | Steps:  44000 | α=1e-05 | Loss: 3.4377e-06 | BC: 2.9891e-06 | PDE: 4.4861e-02 | Val: 1.0031e-06 | Test: 1.8876e-04 | LR=6.1e-04
Epoch  45/100 | Steps:  45000 | α=1e-05 | Loss: 2.6956e-06 | BC: 2.3145e-06 | PDE: 3.8107e-02 | Val: 1.6520e-06 | Test: 1.9390e-04 | LR=6.0e-04
Epoch  46/100 | Steps:  46000 | α=1e-05 | Loss: 2.9883e-06 | BC: 2.5598e-06 | PDE: 4.2847e-02 | Val: 1.5299e-07 | Test: 1.9462e-04 | LR=5.8e-04
Epoch  47/100 | Steps:  47000 | α=1e-05 | Loss: 2.8214e-06 | BC: 2.4365e-06 | PDE: 3.8483e-02 | Val: 7.4250e-06 | Test: 2.0425e-04 | LR=5.7e-04
Epoch  48/100 | Steps:  48000 | α=1e-05 | Loss: 2.5985e-06 | BC: 2.2326e-06 | PDE: 3.6594e-02 | Val: 5.6784e-06 | Test: 1.9499e-04 | LR=5.5e-04
Epoch  49/100 | Steps:  49000 | α=1e-05 | Loss: 3.0051e-06 | BC: 2.6379e-06 | PDE: 3.6721e-02 | Val: 8.0725e-08 | Test: 1.9369e-04 | LR=5.4e-04
Epoch  50/100 | Steps:  50000 | α=1e-05 | Loss: 2.0944e-06 | BC: 1.7944e-06 | PDE: 2.9997e-02 | Val: 5.1731e-06 | Test: 1.9846e-04 | LR=5.2e-04
Epoch  51/100 | Steps:  51000 | α=1e-05 | Loss: 2.4895e-06 | BC: 2.1569e-06 | PDE: 3.3258e-02 | Val: 1.6401e-07 | Test: 1.9453e-04 | LR=5.1e-04
Epoch  52/100 | Steps:  52000 | α=1e-05 | Loss: 2.2308e-06 | BC: 1.9187e-06 | PDE: 3.1203e-02 | Val: 7.2791e-07 | Test: 1.9225e-04 | LR=4.9e-04
Epoch  53/100 | Steps:  53000 | α=1e-05 | Loss: 1.7561e-06 | BC: 1.4874e-06 | PDE: 2.6870e-02 | Val: 6.3649e-07 | Test: 1.9686e-04 | LR=4.7e-04
Epoch  54/100 | Steps:  54000 | α=1e-05 | Loss: 3.1252e-06 | BC: 2.7665e-06 | PDE: 3.5873e-02 | Val: 1.3997e-07 | Test: 1.9715e-04 | LR=4.6e-04
Epoch  55/100 | Steps:  55000 | α=1e-05 | Loss: 8.9151e-07 | BC: 7.2099e-07 | PDE: 1.7052e-02 | Val: 1.8914e-07 | Test: 1.9353e-04 | LR=4.4e-04
Epoch  56/100 | Steps:  56000 | α=1e-05 | Loss: 1.6122e-06 | BC: 1.3623e-06 | PDE: 2.4993e-02 | Val: 3.2965e-07 | Test: 1.9459e-04 | LR=4.3e-04
Epoch  57/100 | Steps:  57000 | α=1e-05 | Loss: 1.4657e-06 | BC: 1.2519e-06 | PDE: 2.1383e-02 | Val: 3.6809e-06 | Test: 2.0449e-04 | LR=4.1e-04
Epoch  58/100 | Steps:  58000 | α=1e-05 | Loss: 1.6113e-06 | BC: 1.3791e-06 | PDE: 2.3219e-02 | Val: 1.1278e-07 | Test: 1.9605e-04 | LR=4.0e-04
Epoch  59/100 | Steps:  59000 | α=1e-05 | Loss: 1.0594e-06 | BC: 8.7509e-07 | PDE: 1.8435e-02 | Val: 1.3143e-06 | Test: 1.9575e-04 | LR=3.8e-04
Epoch  60/100 | Steps:  60000 | α=1e-05 | Loss: 1.6148e-06 | BC: 1.3803e-06 | PDE: 2.3452e-02 | Val: 7.2156e-07 | Test: 1.9602e-04 | LR=3.7e-04
Epoch  61/100 | Steps:  61000 | α=1e-05 | Loss: 8.1659e-07 | BC: 6.6372e-07 | PDE: 1.5288e-02 | Val: 2.9439e-07 | Test: 1.9779e-04 | LR=3.5e-04
Epoch  62/100 | Steps:  62000 | α=1e-05 | Loss: 1.4464e-06 | BC: 1.2392e-06 | PDE: 2.0715e-02 | Val: 7.3151e-07 | Test: 1.9629e-04 | LR=3.4e-04
Epoch  63/100 | Steps:  63000 | α=1e-05 | Loss: 6.4159e-07 | BC: 5.1448e-07 | PDE: 1.2711e-02 | Val: 1.4017e-07 | Test: 1.9595e-04 | LR=3.2e-04
Epoch  64/100 | Steps:  64000 | α=1e-05 | Loss: 8.6793e-07 | BC: 7.1140e-07 | PDE: 1.5653e-02 | Val: 4.7369e-07 | Test: 1.9800e-04 | LR=3.1e-04
Epoch  65/100 | Steps:  65000 | α=1e-05 | Loss: 8.0619e-07 | BC: 6.5909e-07 | PDE: 1.4710e-02 | Val: 1.8092e-06 | Test: 1.9724e-04 | LR=2.9e-04
Epoch  66/100 | Steps:  66000 | α=1e-05 | Loss: 8.9987e-07 | BC: 7.5356e-07 | PDE: 1.4631e-02 | Val: 2.5461e-07 | Test: 1.9789e-04 | LR=2.8e-04
Epoch  67/100 | Steps:  67000 | α=1e-05 | Loss: 5.5998e-07 | BC: 4.4103e-07 | PDE: 1.1895e-02 | Val: 3.9356e-07 | Test: 1.9881e-04 | LR=2.7e-04
Epoch  68/100 | Steps:  68000 | α=1e-05 | Loss: 5.6089e-07 | BC: 4.4620e-07 | PDE: 1.1468e-02 | Val: 2.9559e-07 | Test: 1.9550e-04 | LR=2.5e-04
Epoch  69/100 | Steps:  69000 | α=1e-05 | Loss: 5.6955e-07 | BC: 4.5360e-07 | PDE: 1.1595e-02 | Val: 1.8279e-06 | Test: 1.9747e-04 | LR=2.4e-04
Epoch  70/100 | Steps:  70000 | α=1e-05 | Loss: 5.4921e-07 | BC: 4.3906e-07 | PDE: 1.1015e-02 | Val: 2.1091e-07 | Test: 1.9788e-04 | LR=2.3e-04
Epoch  71/100 | Steps:  71000 | α=1e-05 | Loss: 4.8257e-07 | BC: 3.8018e-07 | PDE: 1.0239e-02 | Val: 3.1409e-07 | Test: 1.9677e-04 | LR=2.1e-04
Epoch  72/100 | Steps:  72000 | α=1e-05 | Loss: 4.2541e-07 | BC: 3.2943e-07 | PDE: 9.5984e-03 | Val: 1.8023e-07 | Test: 1.9621e-04 | LR=2.0e-04
Epoch  73/100 | Steps:  73000 | α=1e-05 | Loss: 3.7358e-07 | BC: 2.8561e-07 | PDE: 8.7962e-03 | Val: 1.7692e-07 | Test: 1.9939e-04 | LR=1.9e-04
Epoch  74/100 | Steps:  74000 | α=1e-05 | Loss: 3.3527e-07 | BC: 2.4923e-07 | PDE: 8.6036e-03 | Val: 7.2133e-08 | Test: 1.9666e-04 | LR=1.8e-04 *
Epoch  75/100 | Steps:  75000 | α=1e-05 | Loss: 3.1205e-07 | BC: 2.2960e-07 | PDE: 8.2453e-03 | Val: 1.1401e-06 | Test: 1.9925e-04 | LR=1.7e-04
Epoch  76/100 | Steps:  76000 | α=1e-05 | Loss: 3.0603e-07 | BC: 2.2644e-07 | PDE: 7.9599e-03 | Val: 5.9058e-08 | Test: 1.9612e-04 | LR=1.5e-04 *
Epoch  77/100 | Steps:  77000 | α=1e-05 | Loss: 2.3161e-07 | BC: 1.6193e-07 | PDE: 6.9686e-03 | Val: 2.4626e-07 | Test: 1.9634e-04 | LR=1.4e-04
Epoch  78/100 | Steps:  78000 | α=1e-05 | Loss: 2.2312e-07 | BC: 1.5282e-07 | PDE: 7.0296e-03 | Val: 1.0836e-07 | Test: 1.9701e-04 | LR=1.3e-04
Epoch  79/100 | Steps:  79000 | α=1e-05 | Loss: 2.0934e-07 | BC: 1.4387e-07 | PDE: 6.5469e-03 | Val: 1.4146e-07 | Test: 1.9782e-04 | LR=1.2e-04
Epoch  80/100 | Steps:  80000 | α=1e-05 | Loss: 2.1552e-07 | BC: 1.5077e-07 | PDE: 6.4749e-03 | Val: 1.0808e-07 | Test: 1.9709e-04 | LR=1.1e-04
Epoch  81/100 | Steps:  81000 | α=1e-05 | Loss: 1.3643e-07 | BC: 8.0740e-08 | PDE: 5.5691e-03 | Val: 1.2551e-07 | Test: 1.9775e-04 | LR=1.0e-04
Epoch  82/100 | Steps:  82000 | α=1e-05 | Loss: 1.6304e-07 | BC: 1.0471e-07 | PDE: 5.8326e-03 | Val: 1.0439e-07 | Test: 1.9758e-04 | LR=9.6e-05
Epoch  83/100 | Steps:  83000 | α=1e-05 | Loss: 1.4958e-07 | BC: 9.4226e-08 | PDE: 5.5355e-03 | Val: 6.2788e-08 | Test: 1.9711e-04 | LR=8.7e-05
Epoch  84/100 | Steps:  84000 | α=1e-05 | Loss: 1.2306e-07 | BC: 7.1548e-08 | PDE: 5.1514e-03 | Val: 7.6628e-08 | Test: 1.9775e-04 | LR=7.9e-05
Epoch  85/100 | Steps:  85000 | α=1e-05 | Loss: 1.1370e-07 | BC: 6.3226e-08 | PDE: 5.0473e-03 | Val: 7.7671e-08 | Test: 1.9884e-04 | LR=7.1e-05
Epoch  86/100 | Steps:  86000 | α=1e-05 | Loss: 1.0694e-07 | BC: 5.9638e-08 | PDE: 4.7302e-03 | Val: 5.6331e-08 | Test: 1.9816e-04 | LR=6.4e-05 *
Epoch  87/100 | Steps:  87000 | α=1e-05 | Loss: 9.7564e-08 | BC: 5.1783e-08 | PDE: 4.5781e-03 | Val: 5.0386e-08 | Test: 1.9781e-04 | LR=5.7e-05 *
Epoch  88/100 | Steps:  88000 | α=1e-05 | Loss: 9.2627e-08 | BC: 4.8718e-08 | PDE: 4.3909e-03 | Val: 5.1950e-08 | Test: 1.9768e-04 | LR=5.1e-05
Epoch  89/100 | Steps:  89000 | α=1e-05 | Loss: 8.5616e-08 | BC: 4.3626e-08 | PDE: 4.1990e-03 | Val: 5.3681e-08 | Test: 1.9764e-04 | LR=4.5e-05
Epoch  90/100 | Steps:  90000 | α=1e-05 | Loss: 7.8765e-08 | BC: 3.8083e-08 | PDE: 4.0681e-03 | Val: 4.8966e-08 | Test: 1.9793e-04 | LR=3.9e-05 *
Epoch  91/100 | Steps:  91000 | α=1e-05 | Loss: 7.6232e-08 | BC: 3.6662e-08 | PDE: 3.9569e-03 | Val: 4.6583e-08 | Test: 1.9797e-04 | LR=3.4e-05 *
Epoch  92/100 | Steps:  92000 | α=1e-05 | Loss: 7.3277e-08 | BC: 3.4723e-08 | PDE: 3.8554e-03 | Val: 5.6910e-08 | Test: 1.9803e-04 | LR=3.0e-05
Epoch  93/100 | Steps:  93000 | α=1e-05 | Loss: 6.9208e-08 | BC: 3.1575e-08 | PDE: 3.7633e-03 | Val: 6.4608e-08 | Test: 1.9762e-04 | LR=2.6e-05
Epoch  94/100 | Steps:  94000 | α=1e-05 | Loss: 6.6360e-08 | BC: 2.9912e-08 | PDE: 3.6448e-03 | Val: 4.9295e-08 | Test: 1.9849e-04 | LR=2.2e-05
Epoch  95/100 | Steps:  95000 | α=1e-05 | Loss: 6.3005e-08 | BC: 2.8246e-08 | PDE: 3.4759e-03 | Val: 5.8568e-08 | Test: 1.9830e-04 | LR=1.9e-05
Epoch  96/100 | Steps:  96000 | α=1e-05 | Loss: 6.2099e-08 | BC: 2.7159e-08 | PDE: 3.4940e-03 | Val: 5.2978e-08 | Test: 1.9842e-04 | LR=1.6e-05
Epoch  97/100 | Steps:  97000 | α=1e-05 | Loss: 6.1250e-08 | BC: 2.7109e-08 | PDE: 3.4141e-03 | Val: 6.7401e-08 | Test: 1.9764e-04 | LR=1.4e-05
Epoch  98/100 | Steps:  98000 | α=1e-05 | Loss: 6.0642e-08 | BC: 2.6586e-08 | PDE: 3.4056e-03 | Val: 4.8465e-08 | Test: 1.9868e-04 | LR=1.2e-05
Epoch  99/100 | Steps:  99000 | α=1e-05 | Loss: 5.8648e-08 | BC: 2.5854e-08 | PDE: 3.2794e-03 | Val: 4.8535e-08 | Test: 1.9842e-04 | LR=1.1e-05
Epoch 100/100 | Steps: 100000 | α=1e-05 | Loss: 5.7761e-08 | BC: 2.5161e-08 | PDE: 3.2600e-03 | Val: 4.6125e-08 | Test: 1.9867e-04 | LR=1.0e-05 *

Restored best model from epoch 100 (val_loss: 4.6125e-08, test_loss: 1.9867e-04)
Best checkpoint saved to: outputs/expr_7_2_iter/p2to20_square/fix_alpha_band1_1e-5/checkpoints/best_model.pt
Final checkpoint saved to: outputs/expr_7_2_iter/p2to20_square/fix_alpha_band1_1e-5/checkpoints/final_model.pt
Training completed in 908.18s (100,000 total steps)
  Stage 6 (p=7) PDE diagnostics:
    p-Lap (p=7) raw:        5.9098e+01
    p-Lap (p=7) normalized: 2.9325e-02
    Inf-Lap raw:              2.8544e-01
    Inf-Lap normalized:       1.5568e-01

============================================================
Stage 7/11: Training with p=8
============================================================

Training configuration:
  Boundary points (train): 32,000 -> 80 batches of 400
  Interior points (train): 1,000,000 -> 1000 batches of 1000
  Interior sampling: RE-SAMPLE each epoch
  Boundary points (val): 8,000
  Validation loss: BC only
  Steps per epoch: 1,000
  Total steps: 100,000
  Epochs: 100
  Loss balancing: FixedAlphaSchedule
  LR scheduler: cosine (LR: 1.0e-03 -> 1.0e-05)

Epoch   1/100 | Steps:   1000 | α=1e-05 | Loss: 1.3672e-05 | BC: 1.0883e-05 | PDE: 2.7886e-01 | Val: 2.1307e-07 | Test: 1.4811e-04 | LR=1.0e-03 *
Epoch   2/100 | Steps:   2000 | α=1e-05 | Loss: 8.1538e-06 | BC: 7.1167e-06 | PDE: 1.0371e-01 | Val: 9.4242e-06 | Test: 1.5995e-04 | LR=1.0e-03
Epoch   3/100 | Steps:   3000 | α=1e-05 | Loss: 1.9758e-05 | BC: 1.7343e-05 | PDE: 2.4143e-01 | Val: 8.1188e-08 | Test: 1.4638e-04 | LR=1.0e-03 *
Epoch   4/100 | Steps:   4000 | α=1e-05 | Loss: 1.8005e-06 | BC: 1.5021e-06 | PDE: 2.9847e-02 | Val: 1.7216e-06 | Test: 1.5572e-04 | LR=1.0e-03
Epoch   5/100 | Steps:   5000 | α=1e-05 | Loss: 8.8361e-06 | BC: 7.5660e-06 | PDE: 1.2701e-01 | Val: 4.3936e-06 | Test: 1.6114e-04 | LR=1.0e-03
Epoch   6/100 | Steps:   6000 | α=1e-05 | Loss: 1.8878e-05 | BC: 1.6565e-05 | PDE: 2.3134e-01 | Val: 9.4347e-08 | Test: 1.4643e-04 | LR=9.9e-04
Epoch   7/100 | Steps:   7000 | α=1e-05 | Loss: 2.5144e-06 | BC: 2.0554e-06 | PDE: 4.5903e-02 | Val: 3.7713e-06 | Test: 1.5057e-04 | LR=9.9e-04
Epoch   8/100 | Steps:   8000 | α=1e-05 | Loss: 7.6088e-06 | BC: 6.5458e-06 | PDE: 1.0630e-01 | Val: 2.2460e-07 | Test: 1.4710e-04 | LR=9.9e-04
Epoch   9/100 | Steps:   9000 | α=1e-05 | Loss: 3.4083e-05 | BC: 3.0758e-05 | PDE: 3.3248e-01 | Val: 9.1568e-08 | Test: 1.4475e-04 | LR=9.8e-04
Epoch  10/100 | Steps:  10000 | α=1e-05 | Loss: 1.4700e-06 | BC: 1.1884e-06 | PDE: 2.8157e-02 | Val: 7.9284e-06 | Test: 1.4950e-04 | LR=9.8e-04
Epoch  11/100 | Steps:  11000 | α=1e-05 | Loss: 8.6837e-06 | BC: 7.2500e-06 | PDE: 1.4338e-01 | Val: 3.8539e-07 | Test: 1.4428e-04 | LR=9.8e-04
Epoch  12/100 | Steps:  12000 | α=1e-05 | Loss: 8.0366e-06 | BC: 6.8877e-06 | PDE: 1.1489e-01 | Val: 1.4665e-07 | Test: 1.4793e-04 | LR=9.7e-04
Epoch  13/100 | Steps:  13000 | α=1e-05 | Loss: 2.1112e-05 | BC: 1.9269e-05 | PDE: 1.8434e-01 | Val: 6.4110e-04 | Test: 8.9809e-04 | LR=9.7e-04
Epoch  14/100 | Steps:  14000 | α=1e-05 | Loss: 6.5044e-06 | BC: 4.9818e-06 | PDE: 1.5226e-01 | Val: 4.2278e-07 | Test: 1.4762e-04 | LR=9.6e-04
Epoch  15/100 | Steps:  15000 | α=1e-05 | Loss: 5.4068e-06 | BC: 4.5088e-06 | PDE: 8.9801e-02 | Val: 5.3704e-07 | Test: 1.4981e-04 | LR=9.5e-04
Epoch  16/100 | Steps:  16000 | α=1e-05 | Loss: 7.9368e-06 | BC: 6.7496e-06 | PDE: 1.1872e-01 | Val: 1.9331e-06 | Test: 1.5248e-04 | LR=9.5e-04
Epoch  17/100 | Steps:  17000 | α=1e-05 | Loss: 3.0431e-05 | BC: 2.7134e-05 | PDE: 3.2971e-01 | Val: 1.3425e-07 | Test: 1.4793e-04 | LR=9.4e-04
Epoch  18/100 | Steps:  18000 | α=1e-05 | Loss: 2.5399e-06 | BC: 2.1634e-06 | PDE: 3.7652e-02 | Val: 2.8613e-06 | Test: 1.5498e-04 | LR=9.3e-04
Epoch  19/100 | Steps:  19000 | α=1e-05 | Loss: 7.0762e-06 | BC: 5.9554e-06 | PDE: 1.1208e-01 | Val: 8.1588e-07 | Test: 1.5016e-04 | LR=9.2e-04
Epoch  20/100 | Steps:  20000 | α=1e-05 | Loss: 7.0454e-06 | BC: 5.9977e-06 | PDE: 1.0476e-01 | Val: 1.2563e-06 | Test: 1.4774e-04 | LR=9.1e-04
Epoch  21/100 | Steps:  21000 | α=1e-05 | Loss: 3.0252e-05 | BC: 2.7348e-05 | PDE: 2.9043e-01 | Val: 1.3048e-06 | Test: 1.4167e-04 | LR=9.1e-04
Epoch  22/100 | Steps:  22000 | α=1e-05 | Loss: 2.0119e-07 | BC: 6.8884e-08 | PDE: 1.3230e-02 | Val: 7.4317e-08 | Test: 1.4601e-04 | LR=9.0e-04 *
Epoch  23/100 | Steps:  23000 | α=1e-05 | Loss: 3.9551e-06 | BC: 3.2643e-06 | PDE: 6.9076e-02 | Val: 2.7277e-07 | Test: 1.4687e-04 | LR=8.9e-04
Epoch  24/100 | Steps:  24000 | α=1e-05 | Loss: 5.5742e-06 | BC: 4.7504e-06 | PDE: 8.2376e-02 | Val: 1.9132e-07 | Test: 1.4701e-04 | LR=8.8e-04
Epoch  25/100 | Steps:  25000 | α=1e-05 | Loss: 6.7173e-06 | BC: 5.7565e-06 | PDE: 9.6083e-02 | Val: 2.1434e-07 | Test: 1.4684e-04 | LR=8.7e-04
Epoch  26/100 | Steps:  26000 | α=1e-05 | Loss: 5.9887e-06 | BC: 4.9921e-06 | PDE: 9.9664e-02 | Val: 1.5770e-06 | Test: 1.4522e-04 | LR=8.6e-04
Epoch  27/100 | Steps:  27000 | α=1e-05 | Loss: 1.6336e-05 | BC: 1.4724e-05 | PDE: 1.6128e-01 | Val: 9.6749e-08 | Test: 1.4565e-04 | LR=8.4e-04
Epoch  28/100 | Steps:  28000 | α=1e-05 | Loss: 2.6689e-06 | BC: 2.1710e-06 | PDE: 4.9780e-02 | Val: 8.7975e-06 | Test: 1.5906e-04 | LR=8.3e-04
Epoch  29/100 | Steps:  29000 | α=1e-05 | Loss: 5.9901e-06 | BC: 5.0384e-06 | PDE: 9.5167e-02 | Val: 3.6297e-07 | Test: 1.4821e-04 | LR=8.2e-04
Epoch  30/100 | Steps:  30000 | α=1e-05 | Loss: 5.0634e-06 | BC: 4.2244e-06 | PDE: 8.3910e-02 | Val: 1.9008e-06 | Test: 1.5611e-04 | LR=8.1e-04
Epoch  31/100 | Steps:  31000 | α=1e-05 | Loss: 6.2755e-06 | BC: 5.3675e-06 | PDE: 9.0792e-02 | Val: 8.4319e-06 | Test: 1.5761e-04 | LR=8.0e-04
Epoch  32/100 | Steps:  32000 | α=1e-05 | Loss: 1.3671e-05 | BC: 1.2142e-05 | PDE: 1.5294e-01 | Val: 7.7743e-08 | Test: 1.4648e-04 | LR=7.8e-04
Epoch  33/100 | Steps:  33000 | α=1e-05 | Loss: 1.9534e-06 | BC: 1.6242e-06 | PDE: 3.2926e-02 | Val: 9.1634e-07 | Test: 1.4437e-04 | LR=7.7e-04
Epoch  34/100 | Steps:  34000 | α=1e-05 | Loss: 4.2268e-06 | BC: 3.5230e-06 | PDE: 7.0387e-02 | Val: 2.6206e-06 | Test: 1.4756e-04 | LR=7.6e-04
Epoch  35/100 | Steps:  35000 | α=1e-05 | Loss: 4.3725e-06 | BC: 3.6945e-06 | PDE: 6.7794e-02 | Val: 1.2105e-06 | Test: 1.4975e-04 | LR=7.4e-04
Epoch  36/100 | Steps:  36000 | α=1e-05 | Loss: 4.8562e-06 | BC: 4.1155e-06 | PDE: 7.4066e-02 | Val: 6.7369e-07 | Test: 1.4741e-04 | LR=7.3e-04
Epoch  37/100 | Steps:  37000 | α=1e-05 | Loss: 1.9810e-05 | BC: 1.8223e-05 | PDE: 1.5873e-01 | Val: 8.6526e-08 | Test: 1.4659e-04 | LR=7.2e-04
Epoch  38/100 | Steps:  38000 | α=1e-05 | Loss: 1.1184e-06 | BC: 8.9436e-07 | PDE: 2.2403e-02 | Val: 4.6462e-06 | Test: 1.4930e-04 | LR=7.0e-04
Epoch  39/100 | Steps:  39000 | α=1e-05 | Loss: 3.3441e-06 | BC: 2.8074e-06 | PDE: 5.3664e-02 | Val: 1.1540e-06 | Test: 1.4921e-04 | LR=6.9e-04
Epoch  40/100 | Steps:  40000 | α=1e-05 | Loss: 3.6597e-06 | BC: 3.0878e-06 | PDE: 5.7190e-02 | Val: 3.1940e-07 | Test: 1.4970e-04 | LR=6.7e-04
Epoch  41/100 | Steps:  41000 | α=1e-05 | Loss: 3.7733e-06 | BC: 3.1642e-06 | PDE: 6.0906e-02 | Val: 2.3795e-06 | Test: 1.5101e-04 | LR=6.6e-04
Epoch  42/100 | Steps:  42000 | α=1e-05 | Loss: 1.5070e-05 | BC: 1.3457e-05 | PDE: 1.6128e-01 | Val: 7.9254e-08 | Test: 1.4696e-04 | LR=6.4e-04
Epoch  43/100 | Steps:  43000 | α=1e-05 | Loss: 2.9648e-07 | BC: 1.8850e-07 | PDE: 1.0798e-02 | Val: 1.7174e-07 | Test: 1.4686e-04 | LR=6.3e-04
Epoch  44/100 | Steps:  44000 | α=1e-05 | Loss: 3.1698e-06 | BC: 2.6863e-06 | PDE: 4.8347e-02 | Val: 9.6739e-07 | Test: 1.4252e-04 | LR=6.1e-04
Epoch  45/100 | Steps:  45000 | α=1e-05 | Loss: 2.3914e-06 | BC: 1.9332e-06 | PDE: 4.5828e-02 | Val: 3.0563e-07 | Test: 1.4810e-04 | LR=6.0e-04
Epoch  46/100 | Steps:  46000 | α=1e-05 | Loss: 2.9673e-06 | BC: 2.4327e-06 | PDE: 5.3456e-02 | Val: 1.6740e-06 | Test: 1.5523e-04 | LR=5.8e-04
Epoch  47/100 | Steps:  47000 | α=1e-05 | Loss: 2.6698e-06 | BC: 2.2112e-06 | PDE: 4.5856e-02 | Val: 3.2242e-07 | Test: 1.4663e-04 | LR=5.7e-04
Epoch  48/100 | Steps:  48000 | α=1e-05 | Loss: 2.7652e-06 | BC: 2.3052e-06 | PDE: 4.6005e-02 | Val: 1.9619e-07 | Test: 1.4563e-04 | LR=5.5e-04
Epoch  49/100 | Steps:  49000 | α=1e-05 | Loss: 2.3969e-06 | BC: 2.0009e-06 | PDE: 3.9599e-02 | Val: 2.1700e-06 | Test: 1.4379e-04 | LR=5.4e-04
Epoch  50/100 | Steps:  50000 | α=1e-05 | Loss: 2.1582e-06 | BC: 1.7937e-06 | PDE: 3.6455e-02 | Val: 5.4652e-07 | Test: 1.5134e-04 | LR=5.2e-04
Epoch  51/100 | Steps:  51000 | α=1e-05 | Loss: 4.1650e-06 | BC: 3.6808e-06 | PDE: 4.8422e-02 | Val: 9.7993e-08 | Test: 1.4698e-04 | LR=5.1e-04
Epoch  52/100 | Steps:  52000 | α=1e-05 | Loss: 8.1922e-07 | BC: 6.4344e-07 | PDE: 1.7578e-02 | Val: 3.3226e-06 | Test: 1.5419e-04 | LR=4.9e-04
Epoch  53/100 | Steps:  53000 | α=1e-05 | Loss: 1.7836e-06 | BC: 1.4575e-06 | PDE: 3.2610e-02 | Val: 2.0934e-07 | Test: 1.4694e-04 | LR=4.7e-04
Epoch  54/100 | Steps:  54000 | α=1e-05 | Loss: 1.8006e-06 | BC: 1.5101e-06 | PDE: 2.9051e-02 | Val: 1.9039e-06 | Test: 1.4861e-04 | LR=4.6e-04
Epoch  55/100 | Steps:  55000 | α=1e-05 | Loss: 1.6418e-06 | BC: 1.3602e-06 | PDE: 2.8160e-02 | Val: 2.8974e-07 | Test: 1.4718e-04 | LR=4.4e-04
Epoch  56/100 | Steps:  56000 | α=1e-05 | Loss: 1.7818e-06 | BC: 1.4900e-06 | PDE: 2.9179e-02 | Val: 8.8835e-08 | Test: 1.4698e-04 | LR=4.3e-04
Epoch  57/100 | Steps:  57000 | α=1e-05 | Loss: 1.1758e-06 | BC: 9.5195e-07 | PDE: 2.2383e-02 | Val: 1.3971e-07 | Test: 1.4846e-04 | LR=4.1e-04
Epoch  58/100 | Steps:  58000 | α=1e-05 | Loss: 1.7211e-06 | BC: 1.4391e-06 | PDE: 2.8202e-02 | Val: 1.5248e-07 | Test: 1.4850e-04 | LR=4.0e-04
Epoch  59/100 | Steps:  59000 | α=1e-05 | Loss: 9.7934e-07 | BC: 7.8626e-07 | PDE: 1.9308e-02 | Val: 4.5475e-07 | Test: 1.4820e-04 | LR=3.8e-04
Epoch  60/100 | Steps:  60000 | α=1e-05 | Loss: 1.1032e-06 | BC: 8.9332e-07 | PDE: 2.0991e-02 | Val: 1.0636e-06 | Test: 1.4964e-04 | LR=3.7e-04
Epoch  61/100 | Steps:  61000 | α=1e-05 | Loss: 1.1570e-06 | BC: 9.4884e-07 | PDE: 2.0817e-02 | Val: 1.6436e-07 | Test: 1.4862e-04 | LR=3.5e-04
Epoch  62/100 | Steps:  62000 | α=1e-05 | Loss: 9.2272e-07 | BC: 7.4246e-07 | PDE: 1.8027e-02 | Val: 3.5319e-07 | Test: 1.4944e-04 | LR=3.4e-04
Epoch  63/100 | Steps:  63000 | α=1e-05 | Loss: 1.0203e-06 | BC: 8.4943e-07 | PDE: 1.7088e-02 | Val: 8.0511e-08 | Test: 1.4783e-04 | LR=3.2e-04
Epoch  64/100 | Steps:  64000 | α=1e-05 | Loss: 7.5414e-07 | BC: 6.0083e-07 | PDE: 1.5330e-02 | Val: 8.6207e-07 | Test: 1.4798e-04 | LR=3.1e-04
Epoch  65/100 | Steps:  65000 | α=1e-05 | Loss: 7.3334e-07 | BC: 5.6890e-07 | PDE: 1.6444e-02 | Val: 1.8726e-06 | Test: 1.4925e-04 | LR=2.9e-04
Epoch  66/100 | Steps:  66000 | α=1e-05 | Loss: 6.6062e-07 | BC: 5.1772e-07 | PDE: 1.4289e-02 | Val: 8.9532e-08 | Test: 1.4837e-04 | LR=2.8e-04
Epoch  67/100 | Steps:  67000 | α=1e-05 | Loss: 7.2191e-07 | BC: 5.6924e-07 | PDE: 1.5267e-02 | Val: 1.0924e-07 | Test: 1.4699e-04 | LR=2.7e-04
Epoch  68/100 | Steps:  68000 | α=1e-05 | Loss: 5.3755e-07 | BC: 4.1803e-07 | PDE: 1.1953e-02 | Val: 2.1980e-07 | Test: 1.4940e-04 | LR=2.5e-04
Epoch  69/100 | Steps:  69000 | α=1e-05 | Loss: 5.5642e-07 | BC: 4.3821e-07 | PDE: 1.1820e-02 | Val: 3.6836e-07 | Test: 1.4772e-04 | LR=2.4e-04
Epoch  70/100 | Steps:  70000 | α=1e-05 | Loss: 5.1341e-07 | BC: 4.0503e-07 | PDE: 1.0838e-02 | Val: 6.6311e-08 | Test: 1.4893e-04 | LR=2.3e-04 *
Epoch  71/100 | Steps:  71000 | α=1e-05 | Loss: 4.1289e-07 | BC: 3.1215e-07 | PDE: 1.0074e-02 | Val: 1.4620e-07 | Test: 1.4901e-04 | LR=2.1e-04
Epoch  72/100 | Steps:  72000 | α=1e-05 | Loss: 3.8425e-07 | BC: 2.8533e-07 | PDE: 9.8920e-03 | Val: 5.0110e-07 | Test: 1.4736e-04 | LR=2.0e-04
Epoch  73/100 | Steps:  73000 | α=1e-05 | Loss: 3.8044e-07 | BC: 2.8223e-07 | PDE: 9.8212e-03 | Val: 8.6293e-08 | Test: 1.4828e-04 | LR=1.9e-04
Epoch  74/100 | Steps:  74000 | α=1e-05 | Loss: 3.1657e-07 | BC: 2.3066e-07 | PDE: 8.5906e-03 | Val: 1.0204e-06 | Test: 1.4988e-04 | LR=1.8e-04
Epoch  75/100 | Steps:  75000 | α=1e-05 | Loss: 2.8379e-07 | BC: 2.0238e-07 | PDE: 8.1401e-03 | Val: 1.9577e-07 | Test: 1.4696e-04 | LR=1.7e-04
Epoch  76/100 | Steps:  76000 | α=1e-05 | Loss: 2.6875e-07 | BC: 1.9135e-07 | PDE: 7.7400e-03 | Val: 2.5316e-07 | Test: 1.4931e-04 | LR=1.5e-04
Epoch  77/100 | Steps:  77000 | α=1e-05 | Loss: 2.5171e-07 | BC: 1.7864e-07 | PDE: 7.3070e-03 | Val: 7.9307e-07 | Test: 1.4762e-04 | LR=1.4e-04
Epoch  78/100 | Steps:  78000 | α=1e-05 | Loss: 1.9907e-07 | BC: 1.3057e-07 | PDE: 6.8500e-03 | Val: 6.3375e-08 | Test: 1.4787e-04 | LR=1.3e-04 *
Epoch  79/100 | Steps:  79000 | α=1e-05 | Loss: 1.9103e-07 | BC: 1.2321e-07 | PDE: 6.7819e-03 | Val: 9.9834e-08 | Test: 1.4960e-04 | LR=1.2e-04
Epoch  80/100 | Steps:  80000 | α=1e-05 | Loss: 1.8522e-07 | BC: 1.2107e-07 | PDE: 6.4155e-03 | Val: 9.4063e-08 | Test: 1.4685e-04 | LR=1.1e-04
Epoch  81/100 | Steps:  81000 | α=1e-05 | Loss: 1.5181e-07 | BC: 9.4589e-08 | PDE: 5.7217e-03 | Val: 9.5158e-08 | Test: 1.4839e-04 | LR=1.0e-04
Epoch  82/100 | Steps:  82000 | α=1e-05 | Loss: 1.4564e-07 | BC: 9.1520e-08 | PDE: 5.4125e-03 | Val: 7.0661e-08 | Test: 1.4838e-04 | LR=9.6e-05
Epoch  83/100 | Steps:  83000 | α=1e-05 | Loss: 1.2188e-07 | BC: 7.0547e-08 | PDE: 5.1328e-03 | Val: 6.4203e-08 | Test: 1.4890e-04 | LR=8.7e-05
Epoch  84/100 | Steps:  84000 | α=1e-05 | Loss: 1.1460e-07 | BC: 6.5816e-08 | PDE: 4.8780e-03 | Val: 6.3958e-08 | Test: 1.4863e-04 | LR=7.9e-05
Epoch  85/100 | Steps:  85000 | α=1e-05 | Loss: 1.1323e-07 | BC: 6.5382e-08 | PDE: 4.7844e-03 | Val: 1.3323e-07 | Test: 1.4961e-04 | LR=7.1e-05
Epoch  86/100 | Steps:  86000 | α=1e-05 | Loss: 1.0151e-07 | BC: 5.6563e-08 | PDE: 4.4944e-03 | Val: 1.0866e-07 | Test: 1.4787e-04 | LR=6.4e-05
Epoch  87/100 | Steps:  87000 | α=1e-05 | Loss: 8.7840e-08 | BC: 4.5108e-08 | PDE: 4.2732e-03 | Val: 6.1419e-08 | Test: 1.4848e-04 | LR=5.7e-05 *
Epoch  88/100 | Steps:  88000 | α=1e-05 | Loss: 8.5702e-08 | BC: 4.3617e-08 | PDE: 4.2085e-03 | Val: 1.0566e-07 | Test: 1.4927e-04 | LR=5.1e-05
Epoch  89/100 | Steps:  89000 | α=1e-05 | Loss: 8.0288e-08 | BC: 3.9625e-08 | PDE: 4.0663e-03 | Val: 6.7955e-08 | Test: 1.4887e-04 | LR=4.5e-05
Epoch  90/100 | Steps:  90000 | α=1e-05 | Loss: 7.5972e-08 | BC: 3.7827e-08 | PDE: 3.8145e-03 | Val: 5.2048e-08 | Test: 1.4948e-04 | LR=3.9e-05 *
Epoch  91/100 | Steps:  91000 | α=1e-05 | Loss: 7.0240e-08 | BC: 3.3645e-08 | PDE: 3.6594e-03 | Val: 8.0937e-08 | Test: 1.4839e-04 | LR=3.4e-05
Epoch  92/100 | Steps:  92000 | α=1e-05 | Loss: 6.9407e-08 | BC: 3.3368e-08 | PDE: 3.6039e-03 | Val: 5.4765e-08 | Test: 1.4811e-04 | LR=3.0e-05
Epoch  93/100 | Steps:  93000 | α=1e-05 | Loss: 6.3911e-08 | BC: 2.9541e-08 | PDE: 3.4369e-03 | Val: 4.9978e-08 | Test: 1.4892e-04 | LR=2.6e-05 *
Epoch  94/100 | Steps:  94000 | α=1e-05 | Loss: 6.0740e-08 | BC: 2.7949e-08 | PDE: 3.2790e-03 | Val: 6.9078e-08 | Test: 1.4878e-04 | LR=2.2e-05
Epoch  95/100 | Steps:  95000 | α=1e-05 | Loss: 6.0502e-08 | BC: 2.7398e-08 | PDE: 3.3104e-03 | Val: 6.2666e-08 | Test: 1.4869e-04 | LR=1.9e-05
Epoch  96/100 | Steps:  96000 | α=1e-05 | Loss: 5.6080e-08 | BC: 2.5139e-08 | PDE: 3.0940e-03 | Val: 5.4742e-08 | Test: 1.4927e-04 | LR=1.6e-05
Epoch  97/100 | Steps:  97000 | α=1e-05 | Loss: 5.5630e-08 | BC: 2.5242e-08 | PDE: 3.0388e-03 | Val: 5.2353e-08 | Test: 1.4889e-04 | LR=1.4e-05
Epoch  98/100 | Steps:  98000 | α=1e-05 | Loss: 5.4997e-08 | BC: 2.4349e-08 | PDE: 3.0648e-03 | Val: 4.5958e-08 | Test: 1.4952e-04 | LR=1.2e-05 *
Epoch  99/100 | Steps:  99000 | α=1e-05 | Loss: 5.3308e-08 | BC: 2.4091e-08 | PDE: 2.9217e-03 | Val: 5.2949e-08 | Test: 1.4987e-04 | LR=1.1e-05
Epoch 100/100 | Steps: 100000 | α=1e-05 | Loss: 5.2807e-08 | BC: 2.3626e-08 | PDE: 2.9182e-03 | Val: 4.4314e-08 | Test: 1.4953e-04 | LR=1.0e-05 *

Restored best model from epoch 100 (val_loss: 4.4314e-08, test_loss: 1.4953e-04)
Best checkpoint saved to: outputs/expr_7_2_iter/p2to20_square/fix_alpha_band1_1e-5/checkpoints/best_model.pt
Final checkpoint saved to: outputs/expr_7_2_iter/p2to20_square/fix_alpha_band1_1e-5/checkpoints/final_model.pt
Training completed in 934.04s (100,000 total steps)
  Stage 7 (p=8) PDE diagnostics:
    p-Lap (p=8) raw:        1.0836e+02
    p-Lap (p=8) normalized: 2.6403e-02
    Inf-Lap raw:              2.2314e-01
    Inf-Lap normalized:       1.3437e-01

============================================================
Stage 8/11: Training with p=9
============================================================

Training configuration:
  Boundary points (train): 32,000 -> 80 batches of 400
  Interior points (train): 1,000,000 -> 1000 batches of 1000
  Interior sampling: RE-SAMPLE each epoch
  Boundary points (val): 8,000
  Validation loss: BC only
  Steps per epoch: 1,000
  Total steps: 100,000
  Epochs: 100
  Loss balancing: FixedAlphaSchedule
  LR scheduler: cosine (LR: 1.0e-03 -> 1.0e-05)

Epoch   1/100 | Steps:   1000 | α=1e-05 | Loss: 1.2939e-05 | BC: 1.0029e-05 | PDE: 2.9105e-01 | Val: 6.8706e-06 | Test: 1.2756e-04 | LR=1.0e-03 *
Epoch   2/100 | Steps:   2000 | α=1e-05 | Loss: 8.9406e-06 | BC: 7.4642e-06 | PDE: 1.4764e-01 | Val: 1.6860e-07 | Test: 1.1623e-04 | LR=1.0e-03 *
Epoch   3/100 | Steps:   3000 | α=1e-05 | Loss: 7.7345e-06 | BC: 6.4338e-06 | PDE: 1.3008e-01 | Val: 3.3259e-07 | Test: 1.1755e-04 | LR=1.0e-03
Epoch   4/100 | Steps:   4000 | α=1e-05 | Loss: 2.2123e-05 | BC: 1.9360e-05 | PDE: 2.7625e-01 | Val: 7.2558e-08 | Test: 1.1478e-04 | LR=1.0e-03 *
Epoch   5/100 | Steps:   5000 | α=1e-05 | Loss: 3.4014e-06 | BC: 2.7320e-06 | PDE: 6.6949e-02 | Val: 1.3662e-06 | Test: 1.2157e-04 | LR=1.0e-03
Epoch   6/100 | Steps:   6000 | α=1e-05 | Loss: 7.8258e-06 | BC: 6.5228e-06 | PDE: 1.3030e-01 | Val: 1.9934e-05 | Test: 1.2529e-04 | LR=9.9e-04
Epoch   7/100 | Steps:   7000 | α=1e-05 | Loss: 8.6356e-06 | BC: 7.1664e-06 | PDE: 1.4692e-01 | Val: 6.6499e-06 | Test: 1.1663e-04 | LR=9.9e-04
Epoch   8/100 | Steps:   8000 | α=1e-05 | Loss: 8.4596e-06 | BC: 6.9310e-06 | PDE: 1.5286e-01 | Val: 1.7060e-06 | Test: 1.1712e-04 | LR=9.9e-04
Epoch   9/100 | Steps:   9000 | α=1e-05 | Loss: 2.1578e-05 | BC: 1.9795e-05 | PDE: 1.7825e-01 | Val: 9.9744e-08 | Test: 1.1529e-04 | LR=9.8e-04
Epoch  10/100 | Steps:  10000 | α=1e-05 | Loss: 5.1180e-06 | BC: 4.0662e-06 | PDE: 1.0518e-01 | Val: 2.5088e-06 | Test: 1.0731e-04 | LR=9.8e-04
Epoch  11/100 | Steps:  11000 | α=1e-05 | Loss: 6.9062e-06 | BC: 5.5810e-06 | PDE: 1.3252e-01 | Val: 2.5052e-07 | Test: 1.1446e-04 | LR=9.8e-04
Epoch  12/100 | Steps:  12000 | α=1e-05 | Loss: 7.8073e-06 | BC: 6.3918e-06 | PDE: 1.4155e-01 | Val: 7.8265e-07 | Test: 1.1667e-04 | LR=9.7e-04
Epoch  13/100 | Steps:  13000 | α=1e-05 | Loss: 2.0026e-05 | BC: 1.7190e-05 | PDE: 2.8369e-01 | Val: 7.4583e-08 | Test: 1.1461e-04 | LR=9.7e-04
Epoch  14/100 | Steps:  14000 | α=1e-05 | Loss: 4.0068e-06 | BC: 3.2516e-06 | PDE: 7.5519e-02 | Val: 7.5960e-07 | Test: 1.1649e-04 | LR=9.6e-04
Epoch  15/100 | Steps:  15000 | α=1e-05 | Loss: 7.0975e-06 | BC: 5.8126e-06 | PDE: 1.2849e-01 | Val: 6.4933e-07 | Test: 1.1123e-04 | LR=9.5e-04
Epoch  16/100 | Steps:  16000 | α=1e-05 | Loss: 6.8472e-06 | BC: 5.6215e-06 | PDE: 1.2257e-01 | Val: 4.0592e-07 | Test: 1.1582e-04 | LR=9.5e-04
Epoch  17/100 | Steps:  17000 | α=1e-05 | Loss: 3.9627e-05 | BC: 3.5672e-05 | PDE: 3.9548e-01 | Val: 9.4512e-08 | Test: 1.1409e-04 | LR=9.4e-04
Epoch  18/100 | Steps:  18000 | α=1e-05 | Loss: 1.7789e-07 | BC: 6.5551e-08 | PDE: 1.1234e-02 | Val: 2.7180e-07 | Test: 1.1461e-04 | LR=9.3e-04
Epoch  19/100 | Steps:  19000 | α=1e-05 | Loss: 5.6255e-06 | BC: 4.5281e-06 | PDE: 1.0974e-01 | Val: 3.7945e-07 | Test: 1.1332e-04 | LR=9.2e-04
Epoch  20/100 | Steps:  20000 | α=1e-05 | Loss: 6.4113e-06 | BC: 5.1528e-06 | PDE: 1.2585e-01 | Val: 6.9418e-07 | Test: 1.1438e-04 | LR=9.1e-04
Epoch  21/100 | Steps:  21000 | α=1e-05 | Loss: 6.1745e-06 | BC: 5.0025e-06 | PDE: 1.1721e-01 | Val: 3.4859e-07 | Test: 1.1469e-04 | LR=9.1e-04
Epoch  22/100 | Steps:  22000 | α=1e-05 | Loss: 6.8192e-06 | BC: 5.6203e-06 | PDE: 1.1990e-01 | Val: 1.3057e-05 | Test: 1.3522e-04 | LR=9.0e-04
Epoch  23/100 | Steps:  23000 | α=1e-05 | Loss: 3.3476e-05 | BC: 2.9075e-05 | PDE: 4.4003e-01 | Val: 8.4087e-08 | Test: 1.1460e-04 | LR=8.9e-04
Epoch  24/100 | Steps:  24000 | α=1e-05 | Loss: 5.5645e-07 | BC: 4.0752e-07 | PDE: 1.4893e-02 | Val: 1.4501e-07 | Test: 1.1480e-04 | LR=8.8e-04
Epoch  25/100 | Steps:  25000 | α=1e-05 | Loss: 4.5007e-06 | BC: 3.6960e-06 | PDE: 8.0477e-02 | Val: 4.1302e-07 | Test: 1.1329e-04 | LR=8.7e-04
Epoch  26/100 | Steps:  26000 | α=1e-05 | Loss: 5.6104e-06 | BC: 4.5259e-06 | PDE: 1.0845e-01 | Val: 2.6556e-07 | Test: 1.1462e-04 | LR=8.6e-04
Epoch  27/100 | Steps:  27000 | α=1e-05 | Loss: 6.0036e-06 | BC: 4.8767e-06 | PDE: 1.1269e-01 | Val: 7.8345e-07 | Test: 1.1308e-04 | LR=8.4e-04
Epoch  28/100 | Steps:  28000 | α=1e-05 | Loss: 5.0891e-06 | BC: 4.1562e-06 | PDE: 9.3294e-02 | Val: 3.7817e-06 | Test: 1.1658e-04 | LR=8.3e-04
Epoch  29/100 | Steps:  29000 | α=1e-05 | Loss: 4.4486e-05 | BC: 4.0132e-05 | PDE: 4.3547e-01 | Val: 7.3896e-08 | Test: 1.1416e-04 | LR=8.2e-04
Epoch  30/100 | Steps:  30000 | α=1e-05 | Loss: 2.2139e-07 | BC: 7.1740e-08 | PDE: 1.4965e-02 | Val: 1.1862e-07 | Test: 1.1408e-04 | LR=8.1e-04
Epoch  31/100 | Steps:  31000 | α=1e-05 | Loss: 2.4605e-06 | BC: 1.9732e-06 | PDE: 4.8735e-02 | Val: 7.2135e-07 | Test: 1.1397e-04 | LR=8.0e-04
Epoch  32/100 | Steps:  32000 | α=1e-05 | Loss: 4.8323e-06 | BC: 3.9025e-06 | PDE: 9.2980e-02 | Val: 8.2674e-07 | Test: 1.1723e-04 | LR=7.8e-04
Epoch  33/100 | Steps:  33000 | α=1e-05 | Loss: 4.7605e-06 | BC: 3.8451e-06 | PDE: 9.1539e-02 | Val: 3.3726e-07 | Test: 1.1340e-04 | LR=7.7e-04
Epoch  34/100 | Steps:  34000 | α=1e-05 | Loss: 4.5462e-06 | BC: 3.6457e-06 | PDE: 9.0057e-02 | Val: 1.6680e-05 | Test: 1.2465e-04 | LR=7.6e-04
Epoch  35/100 | Steps:  35000 | α=1e-05 | Loss: 4.0061e-06 | BC: 3.2661e-06 | PDE: 7.3995e-02 | Val: 3.8805e-06 | Test: 1.2005e-04 | LR=7.4e-04
Epoch  36/100 | Steps:  36000 | α=1e-05 | Loss: 1.4984e-05 | BC: 1.3238e-05 | PDE: 1.7459e-01 | Val: 8.3818e-08 | Test: 1.1574e-04 | LR=7.3e-04
Epoch  37/100 | Steps:  37000 | α=1e-05 | Loss: 3.9747e-07 | BC: 2.5138e-07 | PDE: 1.4610e-02 | Val: 9.4375e-07 | Test: 1.1838e-04 | LR=7.2e-04
Epoch  38/100 | Steps:  38000 | α=1e-05 | Loss: 3.4987e-06 | BC: 2.7057e-06 | PDE: 7.9304e-02 | Val: 8.8861e-07 | Test: 1.2165e-04 | LR=7.0e-04
Epoch  39/100 | Steps:  39000 | α=1e-05 | Loss: 3.7016e-06 | BC: 3.0254e-06 | PDE: 6.7619e-02 | Val: 2.0085e-06 | Test: 1.1668e-04 | LR=6.9e-04
Epoch  40/100 | Steps:  40000 | α=1e-05 | Loss: 3.2626e-06 | BC: 2.6500e-06 | PDE: 6.1252e-02 | Val: 1.4657e-05 | Test: 1.2224e-04 | LR=6.7e-04
Epoch  41/100 | Steps:  41000 | α=1e-05 | Loss: 4.0354e-06 | BC: 3.3594e-06 | PDE: 6.7600e-02 | Val: 1.1599e-06 | Test: 1.1578e-04 | LR=6.6e-04
Epoch  42/100 | Steps:  42000 | α=1e-05 | Loss: 3.1166e-06 | BC: 2.4681e-06 | PDE: 6.4853e-02 | Val: 1.3216e-06 | Test: 1.1539e-04 | LR=6.4e-04
Epoch  43/100 | Steps:  43000 | α=1e-05 | Loss: 3.1510e-06 | BC: 2.5739e-06 | PDE: 5.7710e-02 | Val: 1.1565e-06 | Test: 1.1958e-04 | LR=6.3e-04
Epoch  44/100 | Steps:  44000 | α=1e-05 | Loss: 7.0945e-06 | BC: 6.3264e-06 | PDE: 7.6813e-02 | Val: 7.9788e-08 | Test: 1.1542e-04 | LR=6.1e-04
Epoch  45/100 | Steps:  45000 | α=1e-05 | Loss: 1.7105e-06 | BC: 1.3278e-06 | PDE: 3.8276e-02 | Val: 5.9358e-07 | Test: 1.1232e-04 | LR=6.0e-04
Epoch  46/100 | Steps:  46000 | α=1e-05 | Loss: 2.5621e-06 | BC: 2.0600e-06 | PDE: 5.0210e-02 | Val: 8.1496e-07 | Test: 1.1671e-04 | LR=5.8e-04
Epoch  47/100 | Steps:  47000 | α=1e-05 | Loss: 2.6333e-06 | BC: 2.0506e-06 | PDE: 5.8273e-02 | Val: 9.7087e-07 | Test: 1.1698e-04 | LR=5.7e-04
Epoch  48/100 | Steps:  48000 | α=1e-05 | Loss: 2.5307e-06 | BC: 2.0581e-06 | PDE: 4.7262e-02 | Val: 4.2955e-06 | Test: 1.2041e-04 | LR=5.5e-04
Epoch  49/100 | Steps:  49000 | α=1e-05 | Loss: 5.8554e-06 | BC: 5.0975e-06 | PDE: 7.5793e-02 | Val: 9.2640e-08 | Test: 1.1513e-04 | LR=5.4e-04
Epoch  50/100 | Steps:  50000 | α=1e-05 | Loss: 7.1137e-07 | BC: 5.4478e-07 | PDE: 1.6659e-02 | Val: 2.1592e-07 | Test: 1.1373e-04 | LR=5.2e-04
Epoch  51/100 | Steps:  51000 | α=1e-05 | Loss: 1.7621e-06 | BC: 1.3537e-06 | PDE: 4.0841e-02 | Val: 6.8487e-07 | Test: 1.1975e-04 | LR=5.1e-04
Epoch  52/100 | Steps:  52000 | α=1e-05 | Loss: 1.7341e-06 | BC: 1.3906e-06 | PDE: 3.4349e-02 | Val: 3.1151e-05 | Test: 1.3575e-04 | LR=4.9e-04
Epoch  53/100 | Steps:  53000 | α=1e-05 | Loss: 2.0354e-06 | BC: 1.6246e-06 | PDE: 4.1077e-02 | Val: 7.9616e-08 | Test: 1.1505e-04 | LR=4.7e-04
Epoch  54/100 | Steps:  54000 | α=1e-05 | Loss: 1.4703e-06 | BC: 1.1500e-06 | PDE: 3.2037e-02 | Val: 9.2952e-07 | Test: 1.1891e-04 | LR=4.6e-04
Epoch  55/100 | Steps:  55000 | α=1e-05 | Loss: 3.4542e-06 | BC: 2.9831e-06 | PDE: 4.7101e-02 | Val: 7.2103e-08 | Test: 1.1534e-04 | LR=4.4e-04 *
Epoch  56/100 | Steps:  56000 | α=1e-05 | Loss: 4.1459e-07 | BC: 2.7915e-07 | PDE: 1.3544e-02 | Val: 8.1267e-07 | Test: 1.1832e-04 | LR=4.3e-04
Epoch  57/100 | Steps:  57000 | α=1e-05 | Loss: 1.4230e-06 | BC: 1.1206e-06 | PDE: 3.0236e-02 | Val: 6.2073e-07 | Test: 1.1873e-04 | LR=4.1e-04
Epoch  58/100 | Steps:  58000 | α=1e-05 | Loss: 1.3324e-06 | BC: 1.0424e-06 | PDE: 2.8996e-02 | Val: 4.2876e-07 | Test: 1.1651e-04 | LR=4.0e-04
Epoch  59/100 | Steps:  59000 | α=1e-05 | Loss: 1.1718e-06 | BC: 9.0520e-07 | PDE: 2.6658e-02 | Val: 2.6481e-07 | Test: 1.1754e-04 | LR=3.8e-04
Epoch  60/100 | Steps:  60000 | α=1e-05 | Loss: 9.9779e-07 | BC: 7.7006e-07 | PDE: 2.2773e-02 | Val: 3.2763e-07 | Test: 1.1628e-04 | LR=3.7e-04
Epoch  61/100 | Steps:  61000 | α=1e-05 | Loss: 1.2016e-06 | BC: 9.5110e-07 | PDE: 2.5054e-02 | Val: 1.0252e-07 | Test: 1.1585e-04 | LR=3.5e-04
Epoch  62/100 | Steps:  62000 | α=1e-05 | Loss: 7.5422e-07 | BC: 5.7651e-07 | PDE: 1.7771e-02 | Val: 1.6470e-07 | Test: 1.1528e-04 | LR=3.4e-04
Epoch  63/100 | Steps:  63000 | α=1e-05 | Loss: 8.4344e-07 | BC: 6.6070e-07 | PDE: 1.8274e-02 | Val: 1.4373e-07 | Test: 1.1514e-04 | LR=3.2e-04
Epoch  64/100 | Steps:  64000 | α=1e-05 | Loss: 8.8625e-07 | BC: 6.8297e-07 | PDE: 2.0329e-02 | Val: 4.3963e-07 | Test: 1.1545e-04 | LR=3.1e-04
Epoch  65/100 | Steps:  65000 | α=1e-05 | Loss: 6.8862e-07 | BC: 5.2465e-07 | PDE: 1.6397e-02 | Val: 9.7175e-07 | Test: 1.1668e-04 | LR=2.9e-04
Epoch  66/100 | Steps:  66000 | α=1e-05 | Loss: 6.6412e-07 | BC: 5.1138e-07 | PDE: 1.5273e-02 | Val: 2.8439e-07 | Test: 1.1523e-04 | LR=2.8e-04
Epoch  67/100 | Steps:  67000 | α=1e-05 | Loss: 6.5183e-07 | BC: 4.9784e-07 | PDE: 1.5399e-02 | Val: 2.4935e-07 | Test: 1.1483e-04 | LR=2.7e-04
Epoch  68/100 | Steps:  68000 | α=1e-05 | Loss: 5.1530e-07 | BC: 3.8506e-07 | PDE: 1.3024e-02 | Val: 1.2825e-07 | Test: 1.1593e-04 | LR=2.5e-04
Epoch  69/100 | Steps:  69000 | α=1e-05 | Loss: 5.1510e-07 | BC: 3.8251e-07 | PDE: 1.3259e-02 | Val: 1.2626e-06 | Test: 1.1349e-04 | LR=2.4e-04
Epoch  70/100 | Steps:  70000 | α=1e-05 | Loss: 4.5753e-07 | BC: 3.3264e-07 | PDE: 1.2490e-02 | Val: 1.1131e-07 | Test: 1.1692e-04 | LR=2.3e-04
Epoch  71/100 | Steps:  71000 | α=1e-05 | Loss: 3.8217e-07 | BC: 2.7972e-07 | PDE: 1.0245e-02 | Val: 4.6122e-07 | Test: 1.1866e-04 | LR=2.1e-04
Epoch  72/100 | Steps:  72000 | α=1e-05 | Loss: 3.7739e-07 | BC: 2.6465e-07 | PDE: 1.1274e-02 | Val: 4.3503e-07 | Test: 1.1668e-04 | LR=2.0e-04
Epoch  73/100 | Steps:  73000 | α=1e-05 | Loss: 3.4539e-07 | BC: 2.4944e-07 | PDE: 9.5948e-03 | Val: 4.0505e-07 | Test: 1.1707e-04 | LR=1.9e-04
Epoch  74/100 | Steps:  74000 | α=1e-05 | Loss: 2.8705e-07 | BC: 1.9867e-07 | PDE: 8.8379e-03 | Val: 4.5073e-07 | Test: 1.1523e-04 | LR=1.8e-04
Epoch  75/100 | Steps:  75000 | α=1e-05 | Loss: 2.7960e-07 | BC: 1.9451e-07 | PDE: 8.5087e-03 | Val: 1.4305e-07 | Test: 1.1766e-04 | LR=1.7e-04
Epoch  76/100 | Steps:  76000 | α=1e-05 | Loss: 2.5359e-07 | BC: 1.7856e-07 | PDE: 7.5025e-03 | Val: 7.3444e-07 | Test: 1.1308e-04 | LR=1.5e-04
Epoch  77/100 | Steps:  77000 | α=1e-05 | Loss: 2.2392e-07 | BC: 1.4583e-07 | PDE: 7.8096e-03 | Val: 4.5818e-07 | Test: 1.1634e-04 | LR=1.4e-04
Epoch  78/100 | Steps:  78000 | α=1e-05 | Loss: 2.0121e-07 | BC: 1.3257e-07 | PDE: 6.8638e-03 | Val: 9.4278e-08 | Test: 1.1611e-04 | LR=1.3e-04
Epoch  79/100 | Steps:  79000 | α=1e-05 | Loss: 1.7589e-07 | BC: 1.1068e-07 | PDE: 6.5214e-03 | Val: 1.6110e-07 | Test: 1.1643e-04 | LR=1.2e-04
Epoch  80/100 | Steps:  80000 | α=1e-05 | Loss: 1.7221e-07 | BC: 1.0867e-07 | PDE: 6.3544e-03 | Val: 1.1243e-07 | Test: 1.1466e-04 | LR=1.1e-04
Epoch  81/100 | Steps:  81000 | α=1e-05 | Loss: 1.3721e-07 | BC: 8.1989e-08 | PDE: 5.5222e-03 | Val: 5.7749e-08 | Test: 1.1584e-04 | LR=1.0e-04 *
Epoch  82/100 | Steps:  82000 | α=1e-05 | Loss: 1.3997e-07 | BC: 8.4471e-08 | PDE: 5.5496e-03 | Val: 9.4239e-08 | Test: 1.1620e-04 | LR=9.6e-05
Epoch  83/100 | Steps:  83000 | α=1e-05 | Loss: 1.2637e-07 | BC: 7.3892e-08 | PDE: 5.2477e-03 | Val: 6.8009e-08 | Test: 1.1662e-04 | LR=8.7e-05
Epoch  84/100 | Steps:  84000 | α=1e-05 | Loss: 1.1206e-07 | BC: 6.3828e-08 | PDE: 4.8228e-03 | Val: 1.0277e-07 | Test: 1.1636e-04 | LR=7.9e-05
Epoch  85/100 | Steps:  85000 | α=1e-05 | Loss: 9.5348e-08 | BC: 4.9972e-08 | PDE: 4.5376e-03 | Val: 8.2683e-08 | Test: 1.1688e-04 | LR=7.1e-05
Epoch  86/100 | Steps:  86000 | α=1e-05 | Loss: 9.0381e-08 | BC: 4.7893e-08 | PDE: 4.2488e-03 | Val: 7.0268e-08 | Test: 1.1590e-04 | LR=6.4e-05
Epoch  87/100 | Steps:  87000 | α=1e-05 | Loss: 8.7622e-08 | BC: 4.6342e-08 | PDE: 4.1280e-03 | Val: 6.9782e-08 | Test: 1.1646e-04 | LR=5.7e-05
Epoch  88/100 | Steps:  88000 | α=1e-05 | Loss: 7.8313e-08 | BC: 3.9622e-08 | PDE: 3.8691e-03 | Val: 6.4289e-08 | Test: 1.1664e-04 | LR=5.1e-05
Epoch  89/100 | Steps:  89000 | α=1e-05 | Loss: 7.2013e-08 | BC: 3.4647e-08 | PDE: 3.7366e-03 | Val: 4.4982e-08 | Test: 1.1631e-04 | LR=4.5e-05 *
Epoch  90/100 | Steps:  90000 | α=1e-05 | Loss: 6.8174e-08 | BC: 3.2435e-08 | PDE: 3.5740e-03 | Val: 4.8281e-08 | Test: 1.1646e-04 | LR=3.9e-05
Epoch  91/100 | Steps:  91000 | α=1e-05 | Loss: 6.3713e-08 | BC: 3.0196e-08 | PDE: 3.3517e-03 | Val: 5.0149e-08 | Test: 1.1534e-04 | LR=3.4e-05
Epoch  92/100 | Steps:  92000 | α=1e-05 | Loss: 6.0597e-08 | BC: 2.8466e-08 | PDE: 3.2131e-03 | Val: 5.1893e-08 | Test: 1.1622e-04 | LR=3.0e-05
Epoch  93/100 | Steps:  93000 | α=1e-05 | Loss: 6.0086e-08 | BC: 2.7925e-08 | PDE: 3.2161e-03 | Val: 5.6068e-08 | Test: 1.1631e-04 | LR=2.6e-05
Epoch  94/100 | Steps:  94000 | α=1e-05 | Loss: 5.5737e-08 | BC: 2.5221e-08 | PDE: 3.0516e-03 | Val: 5.2080e-08 | Test: 1.1578e-04 | LR=2.2e-05
Epoch  95/100 | Steps:  95000 | α=1e-05 | Loss: 5.3443e-08 | BC: 2.4237e-08 | PDE: 2.9206e-03 | Val: 4.1581e-08 | Test: 1.1588e-04 | LR=1.9e-05 *
Epoch  96/100 | Steps:  96000 | α=1e-05 | Loss: 5.1261e-08 | BC: 2.2724e-08 | PDE: 2.8537e-03 | Val: 4.6233e-08 | Test: 1.1621e-04 | LR=1.6e-05
Epoch  97/100 | Steps:  97000 | α=1e-05 | Loss: 5.0231e-08 | BC: 2.2692e-08 | PDE: 2.7539e-03 | Val: 4.3141e-08 | Test: 1.1558e-04 | LR=1.4e-05
Epoch  98/100 | Steps:  98000 | α=1e-05 | Loss: 4.9675e-08 | BC: 2.2213e-08 | PDE: 2.7463e-03 | Val: 3.8676e-08 | Test: 1.1574e-04 | LR=1.2e-05 *
Epoch  99/100 | Steps:  99000 | α=1e-05 | Loss: 4.8697e-08 | BC: 2.1559e-08 | PDE: 2.7139e-03 | Val: 3.9691e-08 | Test: 1.1611e-04 | LR=1.1e-05
Epoch 100/100 | Steps: 100000 | α=1e-05 | Loss: 4.8739e-08 | BC: 2.1526e-08 | PDE: 2.7213e-03 | Val: 4.6548e-08 | Test: 1.1667e-04 | LR=1.0e-05

Restored best model from epoch 98 (val_loss: 3.8676e-08, test_loss: 1.1574e-04)
Best checkpoint saved to: outputs/expr_7_2_iter/p2to20_square/fix_alpha_band1_1e-5/checkpoints/best_model.pt
Final checkpoint saved to: outputs/expr_7_2_iter/p2to20_square/fix_alpha_band1_1e-5/checkpoints/final_model.pt
Training completed in 876.02s (100,000 total steps)
  Stage 8 (p=9) PDE diagnostics:
    p-Lap (p=9) raw:        1.9319e+02
    p-Lap (p=9) normalized: 2.4613e-02
    Inf-Lap raw:              1.7997e-01
    Inf-Lap normalized:       1.1883e-01

============================================================
Stage 9/11: Training with p=10
============================================================

Training configuration:
  Boundary points (train): 32,000 -> 80 batches of 400
  Interior points (train): 1,000,000 -> 1000 batches of 1000
  Interior sampling: RE-SAMPLE each epoch
  Boundary points (val): 8,000
  Validation loss: BC only
  Steps per epoch: 1,000
  Total steps: 100,000
  Epochs: 100
  Loss balancing: FixedAlphaSchedule
  LR scheduler: cosine (LR: 1.0e-03 -> 1.0e-05)

Epoch   1/100 | Steps:   1000 | α=1e-05 | Loss: 1.1969e-05 | BC: 8.3964e-06 | PDE: 3.5730e-01 | Val: 1.3617e-06 | Test: 9.2914e-05 | LR=1.0e-03 *
Epoch   2/100 | Steps:   2000 | α=1e-05 | Loss: 8.1123e-06 | BC: 6.5779e-06 | PDE: 1.5345e-01 | Val: 1.1292e-06 | Test: 9.2084e-05 | LR=1.0e-03 *
Epoch   3/100 | Steps:   3000 | α=1e-05 | Loss: 7.9735e-06 | BC: 6.3100e-06 | PDE: 1.6634e-01 | Val: 1.0236e-06 | Test: 9.3438e-05 | LR=1.0e-03 *
Epoch   4/100 | Steps:   4000 | α=1e-05 | Loss: 1.7191e-05 | BC: 1.5065e-05 | PDE: 2.1253e-01 | Val: 6.8411e-08 | Test: 9.2856e-05 | LR=1.0e-03 *
Epoch   5/100 | Steps:   5000 | α=1e-05 | Loss: 6.0107e-06 | BC: 4.6064e-06 | PDE: 1.4043e-01 | Val: 3.5090e-06 | Test: 9.7125e-05 | LR=1.0e-03
Epoch   6/100 | Steps:   6000 | α=1e-05 | Loss: 8.3060e-06 | BC: 6.4852e-06 | PDE: 1.8208e-01 | Val: 2.0806e-06 | Test: 9.5648e-05 | LR=9.9e-04
Epoch   7/100 | Steps:   7000 | α=1e-05 | Loss: 7.6710e-06 | BC: 6.2049e-06 | PDE: 1.4660e-01 | Val: 2.0498e-05 | Test: 1.0901e-04 | LR=9.9e-04
Epoch   8/100 | Steps:   8000 | α=1e-05 | Loss: 9.3215e-06 | BC: 7.7369e-06 | PDE: 1.5846e-01 | Val: 2.6175e-03 | Test: 3.1100e-03 | LR=9.9e-04
Epoch   9/100 | Steps:   9000 | α=1e-05 | Loss: 3.2648e-05 | BC: 2.8098e-05 | PDE: 4.5501e-01 | Val: 7.0838e-08 | Test: 9.1496e-05 | LR=9.8e-04
Epoch  10/100 | Steps:  10000 | α=1e-05 | Loss: 2.8564e-06 | BC: 2.0222e-06 | PDE: 8.3424e-02 | Val: 7.7904e-06 | Test: 9.5909e-05 | LR=9.8e-04
Epoch  11/100 | Steps:  11000 | α=1e-05 | Loss: 7.0594e-06 | BC: 5.5619e-06 | PDE: 1.4975e-01 | Val: 5.3250e-06 | Test: 9.7603e-05 | LR=9.8e-04
Epoch  12/100 | Steps:  12000 | α=1e-05 | Loss: 8.7880e-06 | BC: 6.9978e-06 | PDE: 1.7902e-01 | Val: 2.0654e-07 | Test: 9.1688e-05 | LR=9.7e-04
Epoch  13/100 | Steps:  13000 | α=1e-05 | Loss: 7.6490e-06 | BC: 6.0722e-06 | PDE: 1.5768e-01 | Val: 2.1414e-06 | Test: 9.7177e-05 | LR=9.7e-04
Epoch  14/100 | Steps:  14000 | α=1e-05 | Loss: 7.5702e-06 | BC: 6.1962e-06 | PDE: 1.3740e-01 | Val: 6.8954e-06 | Test: 9.5936e-05 | LR=9.6e-04
Epoch  15/100 | Steps:  15000 | α=1e-05 | Loss: 2.7106e-05 | BC: 2.3865e-05 | PDE: 3.2407e-01 | Val: 8.5377e-08 | Test: 9.2070e-05 | LR=9.5e-04
Epoch  16/100 | Steps:  16000 | α=1e-05 | Loss: 1.8033e-06 | BC: 1.2399e-06 | PDE: 5.6337e-02 | Val: 7.6208e-07 | Test: 8.9072e-05 | LR=9.5e-04
Epoch  17/100 | Steps:  17000 | α=1e-05 | Loss: 7.3409e-06 | BC: 5.7988e-06 | PDE: 1.5421e-01 | Val: 1.8919e-06 | Test: 9.5420e-05 | LR=9.4e-04
Epoch  18/100 | Steps:  18000 | α=1e-05 | Loss: 5.8093e-06 | BC: 4.5913e-06 | PDE: 1.2180e-01 | Val: 1.8346e-07 | Test: 9.1766e-05 | LR=9.3e-04
Epoch  19/100 | Steps:  19000 | α=1e-05 | Loss: 7.1163e-06 | BC: 5.4982e-06 | PDE: 1.6181e-01 | Val: 5.6518e-07 | Test: 9.1926e-05 | LR=9.2e-04
Epoch  20/100 | Steps:  20000 | α=1e-05 | Loss: 5.0718e-05 | BC: 4.3600e-05 | PDE: 7.1181e-01 | Val: 1.3979e-07 | Test: 9.1465e-05 | LR=9.1e-04
Epoch  21/100 | Steps:  21000 | α=1e-05 | Loss: 7.1987e-07 | BC: 5.3724e-07 | PDE: 1.8263e-02 | Val: 1.4566e-07 | Test: 9.2398e-05 | LR=9.1e-04
Epoch  22/100 | Steps:  22000 | α=1e-05 | Loss: 2.7766e-06 | BC: 2.1270e-06 | PDE: 6.4964e-02 | Val: 7.3658e-06 | Test: 9.7309e-05 | LR=9.0e-04
Epoch  23/100 | Steps:  23000 | α=1e-05 | Loss: 6.2169e-06 | BC: 4.6427e-06 | PDE: 1.5742e-01 | Val: 1.9752e-07 | Test: 9.3147e-05 | LR=8.9e-04
Epoch  24/100 | Steps:  24000 | α=1e-05 | Loss: 5.0999e-06 | BC: 4.1457e-06 | PDE: 9.5415e-02 | Val: 2.5544e-07 | Test: 9.1585e-05 | LR=8.8e-04
Epoch  25/100 | Steps:  25000 | α=1e-05 | Loss: 5.9115e-06 | BC: 4.6006e-06 | PDE: 1.3109e-01 | Val: 1.1176e-06 | Test: 9.2983e-05 | LR=8.7e-04
Epoch  26/100 | Steps:  26000 | α=1e-05 | Loss: 1.1381e-05 | BC: 9.3805e-06 | PDE: 2.0007e-01 | Val: 7.5073e-08 | Test: 9.2682e-05 | LR=8.6e-04
Epoch  27/100 | Steps:  27000 | α=1e-05 | Loss: 3.3343e-06 | BC: 2.6775e-06 | PDE: 6.5684e-02 | Val: 1.0821e-06 | Test: 9.2730e-05 | LR=8.4e-04
Epoch  28/100 | Steps:  28000 | α=1e-05 | Loss: 5.2025e-06 | BC: 4.1705e-06 | PDE: 1.0320e-01 | Val: 7.9469e-07 | Test: 1.0066e-04 | LR=8.3e-04
Epoch  29/100 | Steps:  29000 | α=1e-05 | Loss: 2.5055e-05 | BC: 2.1915e-05 | PDE: 3.1394e-01 | Val: 6.7840e-08 | Test: 9.2737e-05 | LR=8.2e-04 *
Epoch  30/100 | Steps:  30000 | α=1e-05 | Loss: 5.4858e-07 | BC: 3.6722e-07 | PDE: 1.8135e-02 | Val: 9.7471e-07 | Test: 9.1469e-05 | LR=8.1e-04
Epoch  31/100 | Steps:  31000 | α=1e-05 | Loss: 4.1627e-06 | BC: 3.2553e-06 | PDE: 9.0738e-02 | Val: 4.3023e-06 | Test: 9.7608e-05 | LR=8.0e-04
Epoch  32/100 | Steps:  32000 | α=1e-05 | Loss: 4.9350e-06 | BC: 3.8208e-06 | PDE: 1.1142e-01 | Val: 2.8496e-07 | Test: 9.2475e-05 | LR=7.8e-04
Epoch  33/100 | Steps:  33000 | α=1e-05 | Loss: 4.5966e-06 | BC: 3.6860e-06 | PDE: 9.1060e-02 | Val: 7.7634e-07 | Test: 9.4858e-05 | LR=7.7e-04
Epoch  34/100 | Steps:  34000 | α=1e-05 | Loss: 1.7740e-05 | BC: 1.5010e-05 | PDE: 2.7295e-01 | Val: 5.3399e-08 | Test: 9.2415e-05 | LR=7.6e-04 *
Epoch  35/100 | Steps:  35000 | α=1e-05 | Loss: 9.3764e-07 | BC: 7.1157e-07 | PDE: 2.2607e-02 | Val: 1.4655e-07 | Test: 9.2350e-05 | LR=7.4e-04
Epoch  36/100 | Steps:  36000 | α=1e-05 | Loss: 2.9923e-06 | BC: 2.3523e-06 | PDE: 6.4006e-02 | Val: 8.5082e-06 | Test: 9.9828e-05 | LR=7.3e-04
Epoch  37/100 | Steps:  37000 | α=1e-05 | Loss: 4.5199e-06 | BC: 3.3867e-06 | PDE: 1.1332e-01 | Val: 2.3564e-07 | Test: 9.3488e-05 | LR=7.2e-04
Epoch  38/100 | Steps:  38000 | α=1e-05 | Loss: 3.4449e-06 | BC: 2.7265e-06 | PDE: 7.1838e-02 | Val: 5.5756e-07 | Test: 9.1531e-05 | LR=7.0e-04
Epoch  39/100 | Steps:  39000 | α=1e-05 | Loss: 4.8595e-06 | BC: 3.9156e-06 | PDE: 9.4386e-02 | Val: 1.2642e-07 | Test: 9.2825e-05 | LR=6.9e-04
Epoch  40/100 | Steps:  40000 | α=1e-05 | Loss: 2.3620e-06 | BC: 1.8271e-06 | PDE: 5.3492e-02 | Val: 8.3877e-07 | Test: 9.0754e-05 | LR=6.7e-04
Epoch  41/100 | Steps:  41000 | α=1e-05 | Loss: 3.6032e-06 | BC: 2.8711e-06 | PDE: 7.3214e-02 | Val: 3.2965e-07 | Test: 9.2906e-05 | LR=6.6e-04
Epoch  42/100 | Steps:  42000 | α=1e-05 | Loss: 7.4533e-06 | BC: 6.1387e-06 | PDE: 1.3146e-01 | Val: 6.8184e-08 | Test: 9.2723e-05 | LR=6.4e-04
Epoch  43/100 | Steps:  43000 | α=1e-05 | Loss: 9.7524e-07 | BC: 7.3484e-07 | PDE: 2.4039e-02 | Val: 4.6266e-06 | Test: 9.7518e-05 | LR=6.3e-04
Epoch  44/100 | Steps:  44000 | α=1e-05 | Loss: 3.1271e-06 | BC: 2.4595e-06 | PDE: 6.6759e-02 | Val: 1.3728e-07 | Test: 9.3465e-05 | LR=6.1e-04
Epoch  45/100 | Steps:  45000 | α=1e-05 | Loss: 2.3156e-06 | BC: 1.8242e-06 | PDE: 4.9140e-02 | Val: 1.2355e-07 | Test: 9.3236e-05 | LR=6.0e-04
Epoch  46/100 | Steps:  46000 | α=1e-05 | Loss: 2.6325e-06 | BC: 2.0457e-06 | PDE: 5.8681e-02 | Val: 6.9161e-07 | Test: 9.5589e-05 | LR=5.8e-04
Epoch  47/100 | Steps:  47000 | α=1e-05 | Loss: 2.6846e-06 | BC: 2.1066e-06 | PDE: 5.7798e-02 | Val: 2.0861e-07 | Test: 9.2478e-05 | LR=5.7e-04
Epoch  48/100 | Steps:  48000 | α=1e-05 | Loss: 2.4914e-06 | BC: 1.9628e-06 | PDE: 5.2854e-02 | Val: 2.5839e-07 | Test: 9.2980e-05 | LR=5.5e-04
Epoch  49/100 | Steps:  49000 | α=1e-05 | Loss: 2.2344e-06 | BC: 1.7717e-06 | PDE: 4.6265e-02 | Val: 9.6981e-07 | Test: 9.2249e-05 | LR=5.4e-04
Epoch  50/100 | Steps:  50000 | α=1e-05 | Loss: 1.9687e-06 | BC: 1.5574e-06 | PDE: 4.1134e-02 | Val: 1.7304e-07 | Test: 9.2896e-05 | LR=5.2e-04
Epoch  51/100 | Steps:  51000 | α=1e-05 | Loss: 2.0081e-06 | BC: 1.5714e-06 | PDE: 4.3675e-02 | Val: 3.0656e-07 | Test: 9.2736e-05 | LR=5.1e-04
Epoch  52/100 | Steps:  52000 | α=1e-05 | Loss: 1.8614e-06 | BC: 1.4597e-06 | PDE: 4.0167e-02 | Val: 1.7319e-06 | Test: 9.6372e-05 | LR=4.9e-04
Epoch  53/100 | Steps:  53000 | α=1e-05 | Loss: 1.8258e-06 | BC: 1.4118e-06 | PDE: 4.1402e-02 | Val: 2.6381e-07 | Test: 9.1959e-05 | LR=4.7e-04
Epoch  54/100 | Steps:  54000 | α=1e-05 | Loss: 1.5907e-06 | BC: 1.2272e-06 | PDE: 3.6343e-02 | Val: 1.2135e-07 | Test: 9.2955e-05 | LR=4.6e-04
Epoch  55/100 | Steps:  55000 | α=1e-05 | Loss: 1.5220e-06 | BC: 1.1406e-06 | PDE: 3.8141e-02 | Val: 1.0673e-06 | Test: 9.5280e-05 | LR=4.4e-04
Epoch  56/100 | Steps:  56000 | α=1e-05 | Loss: 1.4118e-06 | BC: 1.1003e-06 | PDE: 3.1148e-02 | Val: 7.4910e-07 | Test: 9.5839e-05 | LR=4.3e-04
Epoch  57/100 | Steps:  57000 | α=1e-05 | Loss: 1.3030e-06 | BC: 9.9634e-07 | PDE: 3.0662e-02 | Val: 1.4514e-06 | Test: 9.2483e-05 | LR=4.1e-04
Epoch  58/100 | Steps:  58000 | α=1e-05 | Loss: 1.4060e-06 | BC: 1.0988e-06 | PDE: 3.0716e-02 | Val: 1.6179e-07 | Test: 9.2180e-05 | LR=4.0e-04
Epoch  59/100 | Steps:  59000 | α=1e-05 | Loss: 1.4004e-06 | BC: 1.1060e-06 | PDE: 2.9441e-02 | Val: 3.7672e-07 | Test: 9.2913e-05 | LR=3.8e-04
Epoch  60/100 | Steps:  60000 | α=1e-05 | Loss: 7.3580e-07 | BC: 5.4797e-07 | PDE: 1.8783e-02 | Val: 9.9875e-07 | Test: 9.4020e-05 | LR=3.7e-04
Epoch  61/100 | Steps:  61000 | α=1e-05 | Loss: 1.1495e-06 | BC: 8.9925e-07 | PDE: 2.5026e-02 | Val: 1.7117e-07 | Test: 9.2809e-05 | LR=3.5e-04
Epoch  62/100 | Steps:  62000 | α=1e-05 | Loss: 9.0969e-07 | BC: 7.1099e-07 | PDE: 1.9870e-02 | Val: 6.9654e-08 | Test: 9.2864e-05 | LR=3.4e-04
Epoch  63/100 | Steps:  63000 | α=1e-05 | Loss: 9.8610e-07 | BC: 7.7409e-07 | PDE: 2.1201e-02 | Val: 3.5834e-07 | Test: 9.2130e-05 | LR=3.2e-04
Epoch  64/100 | Steps:  64000 | α=1e-05 | Loss: 5.8982e-07 | BC: 4.2949e-07 | PDE: 1.6033e-02 | Val: 2.6846e-07 | Test: 9.2548e-05 | LR=3.1e-04
Epoch  65/100 | Steps:  65000 | α=1e-05 | Loss: 7.0303e-07 | BC: 5.2012e-07 | PDE: 1.8292e-02 | Val: 1.2791e-06 | Test: 9.5072e-05 | LR=2.9e-04
Epoch  66/100 | Steps:  66000 | α=1e-05 | Loss: 6.4253e-07 | BC: 4.7679e-07 | PDE: 1.6574e-02 | Val: 8.4957e-08 | Test: 9.3842e-05 | LR=2.8e-04
Epoch  67/100 | Steps:  67000 | α=1e-05 | Loss: 6.6646e-07 | BC: 4.8609e-07 | PDE: 1.8037e-02 | Val: 8.9332e-08 | Test: 9.2811e-05 | LR=2.7e-04
Epoch  68/100 | Steps:  68000 | α=1e-05 | Loss: 5.1635e-07 | BC: 3.7904e-07 | PDE: 1.3730e-02 | Val: 1.3433e-07 | Test: 9.3723e-05 | LR=2.5e-04
Epoch  69/100 | Steps:  69000 | α=1e-05 | Loss: 4.7480e-07 | BC: 3.4403e-07 | PDE: 1.3077e-02 | Val: 3.7769e-07 | Test: 9.2258e-05 | LR=2.4e-04
Epoch  70/100 | Steps:  70000 | α=1e-05 | Loss: 4.3820e-07 | BC: 3.1944e-07 | PDE: 1.1876e-02 | Val: 9.4063e-08 | Test: 9.2273e-05 | LR=2.3e-04
Epoch  71/100 | Steps:  71000 | α=1e-05 | Loss: 4.2018e-07 | BC: 2.9605e-07 | PDE: 1.2414e-02 | Val: 4.4886e-07 | Test: 9.3063e-05 | LR=2.1e-04
Epoch  72/100 | Steps:  72000 | α=1e-05 | Loss: 3.6413e-07 | BC: 2.5745e-07 | PDE: 1.0667e-02 | Val: 6.1997e-08 | Test: 9.2976e-05 | LR=2.0e-04
Epoch  73/100 | Steps:  73000 | α=1e-05 | Loss: 3.2160e-07 | BC: 2.2493e-07 | PDE: 9.6665e-03 | Val: 5.5215e-08 | Test: 9.2772e-05 | LR=1.9e-04
Epoch  74/100 | Steps:  74000 | α=1e-05 | Loss: 2.6620e-07 | BC: 1.8197e-07 | PDE: 8.4234e-03 | Val: 2.4550e-07 | Test: 9.3795e-05 | LR=1.8e-04
Epoch  75/100 | Steps:  75000 | α=1e-05 | Loss: 2.8779e-07 | BC: 1.9698e-07 | PDE: 9.0817e-03 | Val: 3.8185e-07 | Test: 9.2728e-05 | LR=1.7e-04
Epoch  76/100 | Steps:  76000 | α=1e-05 | Loss: 2.3270e-07 | BC: 1.5328e-07 | PDE: 7.9428e-03 | Val: 2.8121e-07 | Test: 9.3513e-05 | LR=1.5e-04
Epoch  77/100 | Steps:  77000 | α=1e-05 | Loss: 2.1216e-07 | BC: 1.3783e-07 | PDE: 7.4326e-03 | Val: 8.0383e-08 | Test: 9.2773e-05 | LR=1.4e-04
Epoch  78/100 | Steps:  78000 | α=1e-05 | Loss: 1.9424e-07 | BC: 1.2480e-07 | PDE: 6.9444e-03 | Val: 1.4585e-07 | Test: 9.3229e-05 | LR=1.3e-04
Epoch  79/100 | Steps:  79000 | α=1e-05 | Loss: 1.7312e-07 | BC: 1.0917e-07 | PDE: 6.3947e-03 | Val: 2.5521e-07 | Test: 9.4128e-05 | LR=1.2e-04
Epoch  80/100 | Steps:  80000 | α=1e-05 | Loss: 1.6815e-07 | BC: 1.0897e-07 | PDE: 5.9181e-03 | Val: 9.4512e-08 | Test: 9.2504e-05 | LR=1.1e-04
Epoch  81/100 | Steps:  81000 | α=1e-05 | Loss: 1.2515e-07 | BC: 7.0650e-08 | PDE: 5.4501e-03 | Val: 6.2664e-07 | Test: 9.3236e-05 | LR=1.0e-04
Epoch  82/100 | Steps:  82000 | α=1e-05 | Loss: 1.3509e-07 | BC: 8.0522e-08 | PDE: 5.4570e-03 | Val: 7.8947e-08 | Test: 9.3366e-05 | LR=9.6e-05
Epoch  83/100 | Steps:  83000 | α=1e-05 | Loss: 1.1127e-07 | BC: 6.3050e-08 | PDE: 4.8215e-03 | Val: 2.2072e-07 | Test: 9.3394e-05 | LR=8.7e-05
Epoch  84/100 | Steps:  84000 | α=1e-05 | Loss: 1.0407e-07 | BC: 5.6238e-08 | PDE: 4.7831e-03 | Val: 8.3357e-08 | Test: 9.2674e-05 | LR=7.9e-05
Epoch  85/100 | Steps:  85000 | α=1e-05 | Loss: 9.4999e-08 | BC: 5.0957e-08 | PDE: 4.4042e-03 | Val: 4.8601e-08 | Test: 9.2532e-05 | LR=7.1e-05 *
Epoch  86/100 | Steps:  86000 | α=1e-05 | Loss: 8.5162e-08 | BC: 4.3361e-08 | PDE: 4.1800e-03 | Val: 6.8992e-08 | Test: 9.2325e-05 | LR=6.4e-05
Epoch  87/100 | Steps:  87000 | α=1e-05 | Loss: 8.0758e-08 | BC: 4.0867e-08 | PDE: 3.9891e-03 | Val: 4.2381e-08 | Test: 9.2946e-05 | LR=5.7e-05 *
Epoch  88/100 | Steps:  88000 | α=1e-05 | Loss: 7.2387e-08 | BC: 3.5139e-08 | PDE: 3.7248e-03 | Val: 6.3893e-08 | Test: 9.2786e-05 | LR=5.1e-05
Epoch  89/100 | Steps:  89000 | α=1e-05 | Loss: 6.9858e-08 | BC: 3.3434e-08 | PDE: 3.6424e-03 | Val: 4.1963e-08 | Test: 9.3074e-05 | LR=4.5e-05 *
Epoch  90/100 | Steps:  90000 | α=1e-05 | Loss: 6.5789e-08 | BC: 3.0804e-08 | PDE: 3.4985e-03 | Val: 4.3551e-08 | Test: 9.2840e-05 | LR=3.9e-05
Epoch  91/100 | Steps:  91000 | α=1e-05 | Loss: 6.2388e-08 | BC: 2.8664e-08 | PDE: 3.3725e-03 | Val: 3.7960e-08 | Test: 9.3233e-05 | LR=3.4e-05 *
Epoch  92/100 | Steps:  92000 | α=1e-05 | Loss: 5.7569e-08 | BC: 2.5710e-08 | PDE: 3.1859e-03 | Val: 4.1943e-08 | Test: 9.3426e-05 | LR=3.0e-05
Epoch  93/100 | Steps:  93000 | α=1e-05 | Loss: 5.3389e-08 | BC: 2.3819e-08 | PDE: 2.9570e-03 | Val: 6.9385e-08 | Test: 9.3346e-05 | LR=2.6e-05
Epoch  94/100 | Steps:  94000 | α=1e-05 | Loss: 5.0330e-08 | BC: 2.1878e-08 | PDE: 2.8451e-03 | Val: 4.8141e-08 | Test: 9.3278e-05 | LR=2.2e-05
Epoch  95/100 | Steps:  95000 | α=1e-05 | Loss: 4.8609e-08 | BC: 2.0968e-08 | PDE: 2.7641e-03 | Val: 4.8051e-08 | Test: 9.3145e-05 | LR=1.9e-05
Epoch  96/100 | Steps:  96000 | α=1e-05 | Loss: 4.6922e-08 | BC: 2.0043e-08 | PDE: 2.6879e-03 | Val: 4.8509e-08 | Test: 9.3242e-05 | LR=1.6e-05
Epoch  97/100 | Steps:  97000 | α=1e-05 | Loss: 4.5847e-08 | BC: 1.9908e-08 | PDE: 2.5939e-03 | Val: 3.9880e-08 | Test: 9.3003e-05 | LR=1.4e-05
Epoch  98/100 | Steps:  98000 | α=1e-05 | Loss: 4.4610e-08 | BC: 1.9312e-08 | PDE: 2.5299e-03 | Val: 4.7553e-08 | Test: 9.3130e-05 | LR=1.2e-05
Epoch  99/100 | Steps:  99000 | α=1e-05 | Loss: 4.4337e-08 | BC: 1.9017e-08 | PDE: 2.5321e-03 | Val: 3.9139e-08 | Test: 9.3368e-05 | LR=1.1e-05
Epoch 100/100 | Steps: 100000 | α=1e-05 | Loss: 4.3944e-08 | BC: 1.8658e-08 | PDE: 2.5286e-03 | Val: 4.1628e-08 | Test: 9.3085e-05 | LR=1.0e-05

Restored best model from epoch 91 (val_loss: 3.7960e-08, test_loss: 9.3233e-05)
Best checkpoint saved to: outputs/expr_7_2_iter/p2to20_square/fix_alpha_band1_1e-5/checkpoints/best_model.pt
Final checkpoint saved to: outputs/expr_7_2_iter/p2to20_square/fix_alpha_band1_1e-5/checkpoints/final_model.pt
Training completed in 827.68s (100,000 total steps)
  Stage 9 (p=10) PDE diagnostics:
    p-Lap (p=10) raw:        3.6399e+02
    p-Lap (p=10) normalized: 2.2370e-02
    Inf-Lap raw:              1.5136e-01
    Inf-Lap normalized:       1.0536e-01

============================================================
Stage 10/11: Training with p=15
============================================================

Training configuration:
  Boundary points (train): 32,000 -> 80 batches of 400
  Interior points (train): 1,000,000 -> 1000 batches of 1000
  Interior sampling: RE-SAMPLE each epoch
  Boundary points (val): 8,000
  Validation loss: BC only
  Steps per epoch: 1,000
  Total steps: 100,000
  Epochs: 100
  Loss balancing: FixedAlphaSchedule
  LR scheduler: cosine (LR: 1.0e-03 -> 1.0e-05)

Epoch   1/100 | Steps:   1000 | α=1e-05 | Loss: 1.5855e-05 | BC: 7.0397e-06 | PDE: 8.8157e-01 | Val: 4.7755e-07 | Test: 3.9347e-05 | LR=1.0e-03 *
Epoch   2/100 | Steps:   2000 | α=1e-05 | Loss: 1.0729e-05 | BC: 5.6214e-06 | PDE: 5.1076e-01 | Val: 1.1522e-06 | Test: 4.0723e-05 | LR=1.0e-03
Epoch   3/100 | Steps:   3000 | α=1e-05 | Loss: 1.7014e-05 | BC: 1.2400e-05 | PDE: 4.6141e-01 | Val: 5.7449e-07 | Test: 4.0715e-05 | LR=1.0e-03
Epoch   4/100 | Steps:   4000 | α=1e-05 | Loss: 7.7557e-06 | BC: 3.9923e-06 | PDE: 3.7633e-01 | Val: 4.1260e-06 | Test: 4.5381e-05 | LR=1.0e-03
Epoch   5/100 | Steps:   5000 | α=1e-05 | Loss: 1.0217e-05 | BC: 6.3925e-06 | PDE: 3.8244e-01 | Val: 1.0546e-06 | Test: 4.1937e-05 | LR=1.0e-03
Epoch   6/100 | Steps:   6000 | α=1e-05 | Loss: 1.0795e-05 | BC: 5.9808e-06 | PDE: 4.8144e-01 | Val: 8.9514e-07 | Test: 4.1174e-05 | LR=9.9e-04
Epoch   7/100 | Steps:   7000 | α=1e-05 | Loss: 8.7984e-06 | BC: 6.1191e-06 | PDE: 2.6793e-01 | Val: 3.7386e-06 | Test: 4.4066e-05 | LR=9.9e-04
Epoch   8/100 | Steps:   8000 | α=1e-05 | Loss: 1.2096e-05 | BC: 8.5391e-06 | PDE: 3.5567e-01 | Val: 2.6377e-06 | Test: 4.2803e-05 | LR=9.9e-04
Epoch   9/100 | Steps:   9000 | α=1e-05 | Loss: 9.6795e-06 | BC: 5.9823e-06 | PDE: 3.6972e-01 | Val: 1.1217e-06 | Test: 4.0354e-05 | LR=9.8e-04
Epoch  10/100 | Steps:  10000 | α=1e-05 | Loss: 2.1923e-05 | BC: 1.6589e-05 | PDE: 5.3336e-01 | Val: 2.1842e-07 | Test: 4.1931e-05 | LR=9.8e-04 *
Epoch  11/100 | Steps:  11000 | α=1e-05 | Loss: 2.1827e-06 | BC: 1.1576e-06 | PDE: 1.0251e-01 | Val: 1.6048e-06 | Test: 4.4349e-05 | LR=9.8e-04
Epoch  12/100 | Steps:  12000 | α=1e-05 | Loss: 9.5717e-06 | BC: 6.2389e-06 | PDE: 3.3328e-01 | Val: 1.7647e-06 | Test: 4.2200e-05 | LR=9.7e-04
Epoch  13/100 | Steps:  13000 | α=1e-05 | Loss: 9.2732e-06 | BC: 6.0489e-06 | PDE: 3.2243e-01 | Val: 2.0295e-06 | Test: 3.9972e-05 | LR=9.7e-04
Epoch  14/100 | Steps:  14000 | α=1e-05 | Loss: 7.4666e-06 | BC: 5.0751e-06 | PDE: 2.3915e-01 | Val: 5.4557e-06 | Test: 4.8754e-05 | LR=9.6e-04
Epoch  15/100 | Steps:  15000 | α=1e-05 | Loss: 3.0271e-05 | BC: 2.5243e-05 | PDE: 5.0275e-01 | Val: 1.1348e-07 | Test: 4.0461e-05 | LR=9.5e-04 *
Epoch  16/100 | Steps:  16000 | α=1e-05 | Loss: 3.0449e-06 | BC: 1.3222e-06 | PDE: 1.7227e-01 | Val: 5.6832e-06 | Test: 4.5283e-05 | LR=9.5e-04
Epoch  17/100 | Steps:  17000 | α=1e-05 | Loss: 9.1055e-06 | BC: 5.7503e-06 | PDE: 3.3552e-01 | Val: 7.1037e-07 | Test: 4.0785e-05 | LR=9.4e-04
Epoch  18/100 | Steps:  18000 | α=1e-05 | Loss: 7.4169e-06 | BC: 4.9255e-06 | PDE: 2.4913e-01 | Val: 1.4442e-05 | Test: 6.1027e-05 | LR=9.3e-04
Epoch  19/100 | Steps:  19000 | α=1e-05 | Loss: 7.9799e-06 | BC: 5.3748e-06 | PDE: 2.6051e-01 | Val: 4.3009e-06 | Test: 4.3088e-05 | LR=9.2e-04
Epoch  20/100 | Steps:  20000 | α=1e-05 | Loss: 7.5585e-06 | BC: 5.3099e-06 | PDE: 2.2486e-01 | Val: 5.8049e-07 | Test: 3.9326e-05 | LR=9.1e-04
Epoch  21/100 | Steps:  21000 | α=1e-05 | Loss: 2.5725e-05 | BC: 2.0662e-05 | PDE: 5.0631e-01 | Val: 1.3222e-07 | Test: 4.0343e-05 | LR=9.1e-04
Epoch  22/100 | Steps:  22000 | α=1e-05 | Loss: 2.1154e-06 | BC: 1.3384e-06 | PDE: 7.7700e-02 | Val: 3.2517e-06 | Test: 4.5897e-05 | LR=9.0e-04
Epoch  23/100 | Steps:  23000 | α=1e-05 | Loss: 7.2016e-06 | BC: 4.7383e-06 | PDE: 2.4632e-01 | Val: 4.0988e-07 | Test: 3.9942e-05 | LR=8.9e-04
Epoch  24/100 | Steps:  24000 | α=1e-05 | Loss: 7.2324e-06 | BC: 4.5771e-06 | PDE: 2.6553e-01 | Val: 1.4612e-06 | Test: 3.9935e-05 | LR=8.8e-04
Epoch  25/100 | Steps:  25000 | α=1e-05 | Loss: 7.0627e-06 | BC: 4.8000e-06 | PDE: 2.2627e-01 | Val: 2.1595e-07 | Test: 4.0297e-05 | LR=8.7e-04
Epoch  26/100 | Steps:  26000 | α=1e-05 | Loss: 2.2417e-05 | BC: 1.8193e-05 | PDE: 4.2237e-01 | Val: 8.8371e-08 | Test: 3.9747e-05 | LR=8.6e-04 *
Epoch  27/100 | Steps:  27000 | α=1e-05 | Loss: 1.8663e-06 | BC: 9.5516e-07 | PDE: 9.1117e-02 | Val: 2.8368e-07 | Test: 3.8233e-05 | LR=8.4e-04
Epoch  28/100 | Steps:  28000 | α=1e-05 | Loss: 5.8932e-06 | BC: 3.8969e-06 | PDE: 1.9963e-01 | Val: 5.3768e-07 | Test: 4.0949e-05 | LR=8.3e-04
Epoch  29/100 | Steps:  29000 | α=1e-05 | Loss: 6.4741e-06 | BC: 4.3440e-06 | PDE: 2.1301e-01 | Val: 3.3977e-06 | Test: 4.4258e-05 | LR=8.2e-04
Epoch  30/100 | Steps:  30000 | α=1e-05 | Loss: 6.5650e-06 | BC: 4.0496e-06 | PDE: 2.5155e-01 | Val: 6.2833e-07 | Test: 4.2764e-05 | LR=8.1e-04
Epoch  31/100 | Steps:  31000 | α=1e-05 | Loss: 4.6822e-05 | BC: 4.0626e-05 | PDE: 6.1969e-01 | Val: 9.5257e-08 | Test: 3.9477e-05 | LR=8.0e-04
Epoch  32/100 | Steps:  32000 | α=1e-05 | Loss: 2.1097e-07 | BC: 5.8329e-08 | PDE: 1.5264e-02 | Val: 1.4169e-07 | Test: 4.0614e-05 | LR=7.8e-04
Epoch  33/100 | Steps:  33000 | α=1e-05 | Loss: 2.0132e-06 | BC: 9.9091e-07 | PDE: 1.0223e-01 | Val: 4.7256e-07 | Test: 4.1457e-05 | LR=7.7e-04
Epoch  34/100 | Steps:  34000 | α=1e-05 | Loss: 5.8688e-06 | BC: 3.8595e-06 | PDE: 2.0093e-01 | Val: 1.6299e-07 | Test: 3.9318e-05 | LR=7.6e-04
Epoch  35/100 | Steps:  35000 | α=1e-05 | Loss: 4.5288e-06 | BC: 2.7429e-06 | PDE: 1.7860e-01 | Val: 1.7069e-07 | Test: 3.9472e-05 | LR=7.4e-04
Epoch  36/100 | Steps:  36000 | α=1e-05 | Loss: 5.3743e-06 | BC: 3.7653e-06 | PDE: 1.6090e-01 | Val: 3.1896e-07 | Test: 4.1179e-05 | LR=7.3e-04
Epoch  37/100 | Steps:  37000 | α=1e-05 | Loss: 4.5473e-06 | BC: 2.8993e-06 | PDE: 1.6480e-01 | Val: 6.3827e-06 | Test: 4.6668e-05 | LR=7.2e-04
Epoch  38/100 | Steps:  38000 | α=1e-05 | Loss: 4.9773e-06 | BC: 3.5217e-06 | PDE: 1.4557e-01 | Val: 1.4688e-03 | Test: 1.9478e-03 | LR=7.0e-04
Epoch  39/100 | Steps:  39000 | α=1e-05 | Loss: 2.0000e-05 | BC: 1.7228e-05 | PDE: 2.7724e-01 | Val: 1.2500e-07 | Test: 4.0030e-05 | LR=6.9e-04
Epoch  40/100 | Steps:  40000 | α=1e-05 | Loss: 1.1010e-06 | BC: 5.7181e-07 | PDE: 5.2921e-02 | Val: 6.5470e-07 | Test: 4.3498e-05 | LR=6.7e-04
Epoch  41/100 | Steps:  41000 | α=1e-05 | Loss: 4.3476e-06 | BC: 2.8695e-06 | PDE: 1.4781e-01 | Val: 6.6350e-07 | Test: 3.9851e-05 | LR=6.6e-04
Epoch  42/100 | Steps:  42000 | α=1e-05 | Loss: 3.6911e-06 | BC: 2.3323e-06 | PDE: 1.3589e-01 | Val: 3.1231e-06 | Test: 4.1897e-05 | LR=6.4e-04
Epoch  43/100 | Steps:  43000 | α=1e-05 | Loss: 3.1160e-06 | BC: 2.0274e-06 | PDE: 1.0886e-01 | Val: 2.0693e-06 | Test: 3.9187e-05 | LR=6.3e-04
Epoch  44/100 | Steps:  44000 | α=1e-05 | Loss: 7.4107e-06 | BC: 5.6134e-06 | PDE: 1.7973e-01 | Val: 1.5062e-06 | Test: 4.2953e-05 | LR=6.1e-04
Epoch  45/100 | Steps:  45000 | α=1e-05 | Loss: 1.2476e-06 | BC: 8.2007e-07 | PDE: 4.2752e-02 | Val: 6.7802e-06 | Test: 4.6017e-05 | LR=6.0e-04
Epoch  46/100 | Steps:  46000 | α=1e-05 | Loss: 3.0674e-06 | BC: 1.8972e-06 | PDE: 1.1701e-01 | Val: 1.5041e-06 | Test: 4.2566e-05 | LR=5.8e-04
Epoch  47/100 | Steps:  47000 | α=1e-05 | Loss: 2.5106e-06 | BC: 1.6887e-06 | PDE: 8.2192e-02 | Val: 3.6790e-07 | Test: 4.0181e-05 | LR=5.7e-04
Epoch  48/100 | Steps:  48000 | α=1e-05 | Loss: 4.3410e-06 | BC: 3.1151e-06 | PDE: 1.2259e-01 | Val: 2.0677e-06 | Test: 3.9925e-05 | LR=5.5e-04
Epoch  49/100 | Steps:  49000 | α=1e-05 | Loss: 1.7201e-06 | BC: 1.0064e-06 | PDE: 7.1365e-02 | Val: 3.2138e-06 | Test: 4.4060e-05 | LR=5.4e-04
Epoch  50/100 | Steps:  50000 | α=1e-05 | Loss: 2.3389e-06 | BC: 1.5591e-06 | PDE: 7.7983e-02 | Val: 6.8583e-06 | Test: 4.6966e-05 | LR=5.2e-04
Epoch  51/100 | Steps:  51000 | α=1e-05 | Loss: 2.3051e-06 | BC: 1.4657e-06 | PDE: 8.3940e-02 | Val: 2.6513e-07 | Test: 4.0437e-05 | LR=5.1e-04
Epoch  52/100 | Steps:  52000 | α=1e-05 | Loss: 2.2612e-06 | BC: 1.5296e-06 | PDE: 7.3162e-02 | Val: 5.3621e-07 | Test: 3.9371e-05 | LR=4.9e-04
Epoch  53/100 | Steps:  53000 | α=1e-05 | Loss: 2.2251e-06 | BC: 1.4571e-06 | PDE: 7.6794e-02 | Val: 1.6179e-06 | Test: 3.8697e-05 | LR=4.7e-04
Epoch  54/100 | Steps:  54000 | α=1e-05 | Loss: 1.8204e-06 | BC: 1.1948e-06 | PDE: 6.2561e-02 | Val: 1.0680e-06 | Test: 4.0522e-05 | LR=4.6e-04
Epoch  55/100 | Steps:  55000 | α=1e-05 | Loss: 1.9260e-06 | BC: 1.3105e-06 | PDE: 6.1552e-02 | Val: 3.1775e-07 | Test: 4.1814e-05 | LR=4.4e-04
Epoch  56/100 | Steps:  56000 | α=1e-05 | Loss: 1.6134e-06 | BC: 1.1129e-06 | PDE: 5.0048e-02 | Val: 2.7852e-06 | Test: 4.2595e-05 | LR=4.3e-04
Epoch  57/100 | Steps:  57000 | α=1e-05 | Loss: 1.6221e-06 | BC: 1.1219e-06 | PDE: 5.0016e-02 | Val: 3.0981e-07 | Test: 4.0804e-05 | LR=4.1e-04
Epoch  58/100 | Steps:  58000 | α=1e-05 | Loss: 1.7684e-06 | BC: 1.1214e-06 | PDE: 6.4700e-02 | Val: 3.3555e-07 | Test: 3.9959e-05 | LR=4.0e-04
Epoch  59/100 | Steps:  59000 | α=1e-05 | Loss: 1.1290e-06 | BC: 7.2326e-07 | PDE: 4.0577e-02 | Val: 8.7529e-07 | Test: 4.1494e-05 | LR=3.8e-04
Epoch  60/100 | Steps:  60000 | α=1e-05 | Loss: 1.2763e-06 | BC: 8.0549e-07 | PDE: 4.7082e-02 | Val: 5.6760e-07 | Test: 4.1186e-05 | LR=3.7e-04
Epoch  61/100 | Steps:  61000 | α=1e-05 | Loss: 1.3442e-06 | BC: 9.1827e-07 | PDE: 4.2589e-02 | Val: 1.5456e-07 | Test: 3.9580e-05 | LR=3.5e-04
Epoch  62/100 | Steps:  62000 | α=1e-05 | Loss: 9.2940e-07 | BC: 5.8956e-07 | PDE: 3.3983e-02 | Val: 3.4805e-07 | Test: 3.9262e-05 | LR=3.4e-04
Epoch  63/100 | Steps:  63000 | α=1e-05 | Loss: 1.1605e-06 | BC: 7.5764e-07 | PDE: 4.0284e-02 | Val: 1.0397e-07 | Test: 3.9602e-05 | LR=3.2e-04
Epoch  64/100 | Steps:  64000 | α=1e-05 | Loss: 7.7960e-07 | BC: 4.9204e-07 | PDE: 2.8756e-02 | Val: 1.0190e-06 | Test: 3.9312e-05 | LR=3.1e-04
Epoch  65/100 | Steps:  65000 | α=1e-05 | Loss: 8.2372e-07 | BC: 5.0408e-07 | PDE: 3.1964e-02 | Val: 2.9332e-07 | Test: 4.1023e-05 | LR=2.9e-04
Epoch  66/100 | Steps:  66000 | α=1e-05 | Loss: 7.7487e-07 | BC: 4.7906e-07 | PDE: 2.9580e-02 | Val: 5.5938e-07 | Test: 4.0520e-05 | LR=2.8e-04
Epoch  67/100 | Steps:  67000 | α=1e-05 | Loss: 7.0465e-07 | BC: 4.4967e-07 | PDE: 2.5497e-02 | Val: 4.7903e-07 | Test: 4.0662e-05 | LR=2.7e-04
Epoch  68/100 | Steps:  68000 | α=1e-05 | Loss: 6.6590e-07 | BC: 4.0539e-07 | PDE: 2.6051e-02 | Val: 2.7686e-07 | Test: 4.0150e-05 | LR=2.5e-04
Epoch  69/100 | Steps:  69000 | α=1e-05 | Loss: 5.6719e-07 | BC: 3.6881e-07 | PDE: 1.9838e-02 | Val: 1.1693e-06 | Test: 4.0659e-05 | LR=2.4e-04
Epoch  70/100 | Steps:  70000 | α=1e-05 | Loss: 5.0932e-07 | BC: 2.9388e-07 | PDE: 2.1543e-02 | Val: 1.1462e-07 | Test: 3.9351e-05 | LR=2.3e-04
Epoch  71/100 | Steps:  71000 | α=1e-05 | Loss: 5.1245e-07 | BC: 3.1079e-07 | PDE: 2.0166e-02 | Val: 2.4641e-07 | Test: 3.9913e-05 | LR=2.1e-04
Epoch  72/100 | Steps:  72000 | α=1e-05 | Loss: 4.3259e-07 | BC: 2.6113e-07 | PDE: 1.7146e-02 | Val: 7.3516e-07 | Test: 4.0710e-05 | LR=2.0e-04
Epoch  73/100 | Steps:  73000 | α=1e-05 | Loss: 3.8506e-07 | BC: 2.2131e-07 | PDE: 1.6375e-02 | Val: 1.5705e-07 | Test: 4.0001e-05 | LR=1.9e-04
Epoch  74/100 | Steps:  74000 | α=1e-05 | Loss: 3.7691e-07 | BC: 2.0671e-07 | PDE: 1.7020e-02 | Val: 8.8093e-08 | Test: 3.9862e-05 | LR=1.8e-04 *
Epoch  75/100 | Steps:  75000 | α=1e-05 | Loss: 2.9461e-07 | BC: 1.6294e-07 | PDE: 1.3167e-02 | Val: 3.8698e-07 | Test: 3.9623e-05 | LR=1.7e-04
Epoch  76/100 | Steps:  76000 | α=1e-05 | Loss: 2.8010e-07 | BC: 1.5007e-07 | PDE: 1.3003e-02 | Val: 2.1907e-07 | Test: 3.9681e-05 | LR=1.5e-04
Epoch  77/100 | Steps:  77000 | α=1e-05 | Loss: 2.6699e-07 | BC: 1.4550e-07 | PDE: 1.2149e-02 | Val: 3.7329e-07 | Test: 3.9961e-05 | LR=1.4e-04
Epoch  78/100 | Steps:  78000 | α=1e-05 | Loss: 2.5550e-07 | BC: 1.3527e-07 | PDE: 1.2024e-02 | Val: 1.3372e-07 | Test: 4.0006e-05 | LR=1.3e-04
Epoch  79/100 | Steps:  79000 | α=1e-05 | Loss: 1.9030e-07 | BC: 9.2835e-08 | PDE: 9.7464e-03 | Val: 1.7281e-07 | Test: 4.0022e-05 | LR=1.2e-04
Epoch  80/100 | Steps:  80000 | α=1e-05 | Loss: 2.1695e-07 | BC: 1.1388e-07 | PDE: 1.0306e-02 | Val: 8.7953e-08 | Test: 3.9602e-05 | LR=1.1e-04 *
Epoch  81/100 | Steps:  81000 | α=1e-05 | Loss: 1.5900e-07 | BC: 7.7399e-08 | PDE: 8.1599e-03 | Val: 3.4292e-07 | Test: 4.0122e-05 | LR=1.0e-04
Epoch  82/100 | Steps:  82000 | α=1e-05 | Loss: 1.5032e-07 | BC: 6.9409e-08 | PDE: 8.0911e-03 | Val: 1.3512e-07 | Test: 3.9854e-05 | LR=9.6e-05
Epoch  83/100 | Steps:  83000 | α=1e-05 | Loss: 1.3389e-07 | BC: 5.8505e-08 | PDE: 7.5390e-03 | Val: 1.2620e-07 | Test: 4.0137e-05 | LR=8.7e-05
Epoch  84/100 | Steps:  84000 | α=1e-05 | Loss: 1.2190e-07 | BC: 5.3335e-08 | PDE: 6.8566e-03 | Val: 4.5798e-08 | Test: 4.0036e-05 | LR=7.9e-05 *
Epoch  85/100 | Steps:  85000 | α=1e-05 | Loss: 1.1777e-07 | BC: 5.0812e-08 | PDE: 6.6961e-03 | Val: 1.9864e-07 | Test: 3.9937e-05 | LR=7.1e-05
Epoch  86/100 | Steps:  86000 | α=1e-05 | Loss: 9.7811e-08 | BC: 3.7683e-08 | PDE: 6.0127e-03 | Val: 5.4824e-08 | Test: 3.9468e-05 | LR=6.4e-05
Epoch  87/100 | Steps:  87000 | α=1e-05 | Loss: 9.6417e-08 | BC: 3.8380e-08 | PDE: 5.8037e-03 | Val: 5.0504e-08 | Test: 3.9791e-05 | LR=5.7e-05
Epoch  88/100 | Steps:  88000 | α=1e-05 | Loss: 8.9500e-08 | BC: 3.4235e-08 | PDE: 5.5266e-03 | Val: 4.1908e-08 | Test: 3.9851e-05 | LR=5.1e-05 *
Epoch  89/100 | Steps:  89000 | α=1e-05 | Loss: 8.1650e-08 | BC: 3.0161e-08 | PDE: 5.1488e-03 | Val: 4.7794e-08 | Test: 4.0143e-05 | LR=4.5e-05
Epoch  90/100 | Steps:  90000 | α=1e-05 | Loss: 7.4047e-08 | BC: 2.6550e-08 | PDE: 4.7497e-03 | Val: 4.3630e-08 | Test: 3.9940e-05 | LR=3.9e-05
Epoch  91/100 | Steps:  91000 | α=1e-05 | Loss: 7.3096e-08 | BC: 2.5381e-08 | PDE: 4.7715e-03 | Val: 4.3066e-08 | Test: 3.9605e-05 | LR=3.4e-05
Epoch  92/100 | Steps:  92000 | α=1e-05 | Loss: 6.8744e-08 | BC: 2.3841e-08 | PDE: 4.4904e-03 | Val: 4.2620e-08 | Test: 4.0071e-05 | LR=3.0e-05
Epoch  93/100 | Steps:  93000 | α=1e-05 | Loss: 6.4944e-08 | BC: 2.2344e-08 | PDE: 4.2600e-03 | Val: 4.0980e-08 | Test: 3.9941e-05 | LR=2.6e-05 *
Epoch  94/100 | Steps:  94000 | α=1e-05 | Loss: 6.1481e-08 | BC: 2.0514e-08 | PDE: 4.0967e-03 | Val: 5.2654e-08 | Test: 3.9651e-05 | LR=2.2e-05
Epoch  95/100 | Steps:  95000 | α=1e-05 | Loss: 5.9136e-08 | BC: 1.9886e-08 | PDE: 3.9250e-03 | Val: 3.6878e-08 | Test: 3.9880e-05 | LR=1.9e-05 *
Epoch  96/100 | Steps:  96000 | α=1e-05 | Loss: 5.7162e-08 | BC: 1.8736e-08 | PDE: 3.8427e-03 | Val: 3.9291e-08 | Test: 3.9953e-05 | LR=1.6e-05
Epoch  97/100 | Steps:  97000 | α=1e-05 | Loss: 5.5476e-08 | BC: 1.8343e-08 | PDE: 3.7133e-03 | Val: 3.6123e-08 | Test: 3.9909e-05 | LR=1.4e-05 *
Epoch  98/100 | Steps:  98000 | α=1e-05 | Loss: 5.3694e-08 | BC: 1.7788e-08 | PDE: 3.5907e-03 | Val: 3.6002e-08 | Test: 3.9842e-05 | LR=1.2e-05 *
Epoch  99/100 | Steps:  99000 | α=1e-05 | Loss: 5.3402e-08 | BC: 1.7772e-08 | PDE: 3.5630e-03 | Val: 3.9435e-08 | Test: 3.9808e-05 | LR=1.1e-05
Epoch 100/100 | Steps: 100000 | α=1e-05 | Loss: 5.2462e-08 | BC: 1.7080e-08 | PDE: 3.5382e-03 | Val: 3.6568e-08 | Test: 3.9749e-05 | LR=1.0e-05

Restored best model from epoch 98 (val_loss: 3.6002e-08, test_loss: 3.9842e-05)
Best checkpoint saved to: outputs/expr_7_2_iter/p2to20_square/fix_alpha_band1_1e-5/checkpoints/best_model.pt
Final checkpoint saved to: outputs/expr_7_2_iter/p2to20_square/fix_alpha_band1_1e-5/checkpoints/final_model.pt
Training completed in 952.76s (100,000 total steps)
  Stage 10 (p=15) PDE diagnostics:
    p-Lap (p=15) raw:        8.7880e+03
    p-Lap (p=15) normalized: 1.7634e-02
    Inf-Lap raw:              7.6828e-02
    Inf-Lap normalized:       6.7579e-02

============================================================
Stage 11/11: Training with p=20
============================================================

Training configuration:
  Boundary points (train): 32,000 -> 80 batches of 400
  Interior points (train): 1,000,000 -> 1000 batches of 1000
  Interior sampling: RE-SAMPLE each epoch
  Boundary points (val): 8,000
  Validation loss: BC only
  Steps per epoch: 1,000
  Total steps: 100,000
  Epochs: 100
  Loss balancing: FixedAlphaSchedule
  LR scheduler: cosine (LR: 1.0e-03 -> 1.0e-05)

Epoch   1/100 | Steps:   1000 | α=1e-05 | Loss: 1.9027e-05 | BC: 6.4499e-06 | PDE: 1.2577e+00 | Val: 9.2761e-07 | Test: 2.3203e-05 | LR=1.0e-03 *
Epoch   2/100 | Steps:   2000 | α=1e-05 | Loss: 1.2149e-05 | BC: 6.1012e-06 | PDE: 6.0478e-01 | Val: 1.4601e-06 | Test: 2.4474e-05 | LR=1.0e-03
Epoch   3/100 | Steps:   3000 | α=1e-05 | Loss: 1.1356e-05 | BC: 5.7167e-06 | PDE: 5.6395e-01 | Val: 5.1436e-05 | Test: 6.5972e-05 | LR=1.0e-03
Epoch   4/100 | Steps:   4000 | α=1e-05 | Loss: 1.9141e-05 | BC: 1.1600e-05 | PDE: 7.5409e-01 | Val: 2.2042e-07 | Test: 2.3112e-05 | LR=1.0e-03 *
Epoch   5/100 | Steps:   5000 | α=1e-05 | Loss: 7.6539e-06 | BC: 3.6662e-06 | PDE: 3.9877e-01 | Val: 4.2366e-06 | Test: 2.6301e-05 | LR=1.0e-03
Epoch   6/100 | Steps:   6000 | α=1e-05 | Loss: 1.2037e-05 | BC: 6.8446e-06 | PDE: 5.1923e-01 | Val: 7.3891e-06 | Test: 3.1711e-05 | LR=9.9e-04
Epoch   7/100 | Steps:   7000 | α=1e-05 | Loss: 1.1584e-05 | BC: 6.4366e-06 | PDE: 5.1471e-01 | Val: 6.8385e-05 | Test: 8.7632e-05 | LR=9.9e-04
Epoch   8/100 | Steps:   8000 | α=1e-05 | Loss: 4.6596e-05 | BC: 3.7624e-05 | PDE: 8.9719e-01 | Val: 2.4197e-07 | Test: 2.2145e-05 | LR=9.9e-04
Epoch   9/100 | Steps:   9000 | α=1e-05 | Loss: 4.6514e-06 | BC: 1.7455e-06 | PDE: 2.9059e-01 | Val: 4.2750e-06 | Test: 2.3758e-05 | LR=9.8e-04
Epoch  10/100 | Steps:  10000 | α=1e-05 | Loss: 1.1323e-05 | BC: 5.3112e-06 | PDE: 6.0114e-01 | Val: 1.0184e-05 | Test: 3.2446e-05 | LR=9.8e-04
Epoch  11/100 | Steps:  11000 | α=1e-05 | Loss: 1.0783e-05 | BC: 6.4012e-06 | PDE: 4.3815e-01 | Val: 2.0945e-06 | Test: 2.3522e-05 | LR=9.8e-04
Epoch  12/100 | Steps:  12000 | α=1e-05 | Loss: 1.0339e-05 | BC: 5.9998e-06 | PDE: 4.3388e-01 | Val: 2.0117e-06 | Test: 2.4141e-05 | LR=9.7e-04
Epoch  13/100 | Steps:  13000 | α=1e-05 | Loss: 1.1051e-04 | BC: 8.9118e-05 | PDE: 2.1391e+00 | Val: 1.7050e-07 | Test: 2.2195e-05 | LR=9.7e-04 *
Epoch  14/100 | Steps:  14000 | α=1e-05 | Loss: 3.7711e-07 | BC: 8.9826e-08 | PDE: 2.8728e-02 | Val: 9.7507e-08 | Test: 2.2254e-05 | LR=9.6e-04 *
Epoch  15/100 | Steps:  15000 | α=1e-05 | Loss: 2.2411e-06 | BC: 7.4925e-07 | PDE: 1.4918e-01 | Val: 8.7038e-07 | Test: 2.2032e-05 | LR=9.5e-04
Epoch  16/100 | Steps:  16000 | α=1e-05 | Loss: 1.0984e-05 | BC: 4.6801e-06 | PDE: 6.3042e-01 | Val: 2.3276e-07 | Test: 2.3199e-05 | LR=9.5e-04
Epoch  17/100 | Steps:  17000 | α=1e-05 | Loss: 8.4705e-06 | BC: 5.1483e-06 | PDE: 3.3222e-01 | Val: 3.9474e-07 | Test: 2.3535e-05 | LR=9.4e-04
Epoch  18/100 | Steps:  18000 | α=1e-05 | Loss: 8.6677e-06 | BC: 4.8680e-06 | PDE: 3.7997e-01 | Val: 1.4458e-05 | Test: 3.8753e-05 | LR=9.3e-04
Epoch  19/100 | Steps:  19000 | α=1e-05 | Loss: 9.8777e-06 | BC: 5.7643e-06 | PDE: 4.1133e-01 | Val: 5.2409e-06 | Test: 2.3591e-05 | LR=9.2e-04
Epoch  20/100 | Steps:  20000 | α=1e-05 | Loss: 9.3552e-06 | BC: 5.7631e-06 | PDE: 3.5921e-01 | Val: 5.9257e-06 | Test: 2.4420e-05 | LR=9.1e-04
Epoch  21/100 | Steps:  21000 | α=1e-05 | Loss: 2.2248e-05 | BC: 1.5060e-05 | PDE: 7.1881e-01 | Val: 2.3768e-07 | Test: 2.2250e-05 | LR=9.1e-04
Epoch  22/100 | Steps:  22000 | α=1e-05 | Loss: 2.2047e-06 | BC: 1.2364e-06 | PDE: 9.6824e-02 | Val: 4.2759e-06 | Test: 2.4904e-05 | LR=9.0e-04
Epoch  23/100 | Steps:  23000 | α=1e-05 | Loss: 8.6106e-06 | BC: 5.2768e-06 | PDE: 3.3338e-01 | Val: 1.4038e-06 | Test: 2.3400e-05 | LR=8.9e-04
Epoch  24/100 | Steps:  24000 | α=1e-05 | Loss: 8.5587e-06 | BC: 4.7692e-06 | PDE: 3.7895e-01 | Val: 3.9942e-07 | Test: 2.1070e-05 | LR=8.8e-04
Epoch  25/100 | Steps:  25000 | α=1e-05 | Loss: 9.1267e-05 | BC: 7.8367e-05 | PDE: 1.2900e+00 | Val: 1.3619e-07 | Test: 2.2197e-05 | LR=8.7e-04
Epoch  26/100 | Steps:  26000 | α=1e-05 | Loss: 3.6867e-07 | BC: 8.2003e-08 | PDE: 2.8667e-02 | Val: 8.6970e-08 | Test: 2.1827e-05 | LR=8.6e-04 *
Epoch  27/100 | Steps:  27000 | α=1e-05 | Loss: 1.6086e-06 | BC: 4.4133e-07 | PDE: 1.1673e-01 | Val: 2.3242e-06 | Test: 2.3604e-05 | LR=8.4e-04
Epoch  28/100 | Steps:  28000 | α=1e-05 | Loss: 7.0902e-06 | BC: 2.9342e-06 | PDE: 4.1560e-01 | Val: 3.6777e-06 | Test: 2.8110e-05 | LR=8.3e-04
Epoch  29/100 | Steps:  29000 | α=1e-05 | Loss: 6.7946e-06 | BC: 3.8950e-06 | PDE: 2.8996e-01 | Val: 3.2289e-06 | Test: 2.6682e-05 | LR=8.2e-04
Epoch  30/100 | Steps:  30000 | α=1e-05 | Loss: 7.4557e-06 | BC: 4.5127e-06 | PDE: 2.9430e-01 | Val: 4.2164e-07 | Test: 2.2172e-05 | LR=8.1e-04
Epoch  31/100 | Steps:  31000 | α=1e-05 | Loss: 6.1550e-06 | BC: 3.6529e-06 | PDE: 2.5021e-01 | Val: 2.4763e-06 | Test: 2.3856e-05 | LR=8.0e-04
Epoch  32/100 | Steps:  32000 | α=1e-05 | Loss: 2.2414e-05 | BC: 1.6968e-05 | PDE: 5.4457e-01 | Val: 1.1006e-07 | Test: 2.2926e-05 | LR=7.8e-04
Epoch  33/100 | Steps:  33000 | α=1e-05 | Loss: 5.4984e-07 | BC: 1.6867e-07 | PDE: 3.8117e-02 | Val: 3.7254e-07 | Test: 2.2557e-05 | LR=7.7e-04
Epoch  34/100 | Steps:  34000 | α=1e-05 | Loss: 5.1763e-06 | BC: 2.7654e-06 | PDE: 2.4109e-01 | Val: 8.5086e-06 | Test: 3.1116e-05 | LR=7.6e-04
Epoch  35/100 | Steps:  35000 | α=1e-05 | Loss: 6.1335e-06 | BC: 3.6977e-06 | PDE: 2.4358e-01 | Val: 5.9351e-07 | Test: 2.1562e-05 | LR=7.4e-04
Epoch  36/100 | Steps:  36000 | α=1e-05 | Loss: 5.8234e-06 | BC: 3.4479e-06 | PDE: 2.3755e-01 | Val: 6.1085e-07 | Test: 2.2121e-05 | LR=7.3e-04
Epoch  37/100 | Steps:  37000 | α=1e-05 | Loss: 5.3293e-06 | BC: 3.3122e-06 | PDE: 2.0171e-01 | Val: 1.1750e-05 | Test: 3.3766e-05 | LR=7.2e-04
Epoch  38/100 | Steps:  38000 | α=1e-05 | Loss: 1.9517e-05 | BC: 1.5538e-05 | PDE: 3.9787e-01 | Val: 1.1314e-07 | Test: 2.1724e-05 | LR=7.0e-04
Epoch  39/100 | Steps:  39000 | α=1e-05 | Loss: 3.5232e-07 | BC: 1.0755e-07 | PDE: 2.4477e-02 | Val: 2.4749e-07 | Test: 2.2735e-05 | LR=6.9e-04
Epoch  40/100 | Steps:  40000 | α=1e-05 | Loss: 3.6056e-06 | BC: 1.6684e-06 | PDE: 1.9372e-01 | Val: 2.8282e-06 | Test: 2.7390e-05 | LR=6.7e-04
Epoch  41/100 | Steps:  41000 | α=1e-05 | Loss: 4.9693e-06 | BC: 2.8496e-06 | PDE: 2.1197e-01 | Val: 4.6502e-07 | Test: 2.2866e-05 | LR=6.6e-04
Epoch  42/100 | Steps:  42000 | α=1e-05 | Loss: 4.4749e-06 | BC: 2.6931e-06 | PDE: 1.7818e-01 | Val: 3.5663e-07 | Test: 2.1108e-05 | LR=6.4e-04
Epoch  43/100 | Steps:  43000 | α=1e-05 | Loss: 4.0945e-06 | BC: 2.4155e-06 | PDE: 1.6790e-01 | Val: 3.1102e-06 | Test: 2.5472e-05 | LR=6.3e-04
Epoch  44/100 | Steps:  44000 | α=1e-05 | Loss: 9.8964e-06 | BC: 7.2627e-06 | PDE: 2.6338e-01 | Val: 7.1618e-06 | Test: 3.3686e-05 | LR=6.1e-04
Epoch  45/100 | Steps:  45000 | α=1e-05 | Loss: 5.4597e-07 | BC: 1.8144e-07 | PDE: 3.6453e-02 | Val: 2.7314e-07 | Test: 2.3182e-05 | LR=6.0e-04
Epoch  46/100 | Steps:  46000 | α=1e-05 | Loss: 3.4980e-06 | BC: 2.0604e-06 | PDE: 1.4376e-01 | Val: 2.8658e-07 | Test: 2.2064e-05 | LR=5.8e-04
Epoch  47/100 | Steps:  47000 | α=1e-05 | Loss: 3.5456e-06 | BC: 1.8801e-06 | PDE: 1.6655e-01 | Val: 1.0454e-06 | Test: 2.3153e-05 | LR=5.7e-04
Epoch  48/100 | Steps:  48000 | α=1e-05 | Loss: 3.2697e-06 | BC: 2.1866e-06 | PDE: 1.0831e-01 | Val: 5.2964e-07 | Test: 2.1398e-05 | LR=5.5e-04
Epoch  49/100 | Steps:  49000 | α=1e-05 | Loss: 4.9981e-06 | BC: 3.6188e-06 | PDE: 1.3793e-01 | Val: 2.4196e-07 | Test: 2.2839e-05 | LR=5.4e-04
Epoch  50/100 | Steps:  50000 | α=1e-05 | Loss: 2.3964e-06 | BC: 1.3005e-06 | PDE: 1.0959e-01 | Val: 1.4025e-06 | Test: 2.3247e-05 | LR=5.2e-04
Epoch  51/100 | Steps:  51000 | α=1e-05 | Loss: 2.4731e-06 | BC: 1.4648e-06 | PDE: 1.0083e-01 | Val: 3.6633e-06 | Test: 2.6887e-05 | LR=5.1e-04
Epoch  52/100 | Steps:  52000 | α=1e-05 | Loss: 2.5892e-06 | BC: 1.5214e-06 | PDE: 1.0677e-01 | Val: 8.7182e-07 | Test: 2.3894e-05 | LR=4.9e-04
Epoch  53/100 | Steps:  53000 | α=1e-05 | Loss: 2.5271e-06 | BC: 1.5528e-06 | PDE: 9.7434e-02 | Val: 3.3115e-07 | Test: 2.2662e-05 | LR=4.7e-04
Epoch  54/100 | Steps:  54000 | α=1e-05 | Loss: 2.0678e-06 | BC: 1.2343e-06 | PDE: 8.3347e-02 | Val: 1.0814e-06 | Test: 2.1679e-05 | LR=4.6e-04
Epoch  55/100 | Steps:  55000 | α=1e-05 | Loss: 2.0968e-06 | BC: 1.2483e-06 | PDE: 8.4852e-02 | Val: 5.6009e-07 | Test: 2.3523e-05 | LR=4.4e-04
Epoch  56/100 | Steps:  56000 | α=1e-05 | Loss: 2.8181e-06 | BC: 1.8709e-06 | PDE: 9.4728e-02 | Val: 1.0824e-07 | Test: 2.2333e-05 | LR=4.3e-04
Epoch  57/100 | Steps:  57000 | α=1e-05 | Loss: 1.1749e-06 | BC: 6.3114e-07 | PDE: 5.4379e-02 | Val: 1.2081e-06 | Test: 2.2679e-05 | LR=4.1e-04
Epoch  58/100 | Steps:  58000 | α=1e-05 | Loss: 1.6217e-06 | BC: 9.6226e-07 | PDE: 6.5943e-02 | Val: 2.1690e-06 | Test: 2.3597e-05 | LR=4.0e-04
Epoch  59/100 | Steps:  59000 | α=1e-05 | Loss: 1.6328e-06 | BC: 9.8662e-07 | PDE: 6.4622e-02 | Val: 1.9524e-07 | Test: 2.1421e-05 | LR=3.8e-04
Epoch  60/100 | Steps:  60000 | α=1e-05 | Loss: 1.4005e-06 | BC: 8.1922e-07 | PDE: 5.8126e-02 | Val: 2.5996e-07 | Test: 2.1997e-05 | LR=3.7e-04
Epoch  61/100 | Steps:  61000 | α=1e-05 | Loss: 1.6807e-06 | BC: 1.0396e-06 | PDE: 6.4107e-02 | Val: 1.4375e-07 | Test: 2.1728e-05 | LR=3.5e-04
Epoch  62/100 | Steps:  62000 | α=1e-05 | Loss: 1.1502e-06 | BC: 6.1308e-07 | PDE: 5.3707e-02 | Val: 6.7329e-07 | Test: 2.3155e-05 | LR=3.4e-04
Epoch  63/100 | Steps:  63000 | α=1e-05 | Loss: 1.2107e-06 | BC: 7.1299e-07 | PDE: 4.9774e-02 | Val: 3.1481e-07 | Test: 2.1498e-05 | LR=3.2e-04
Epoch  64/100 | Steps:  64000 | α=1e-05 | Loss: 1.0666e-06 | BC: 6.3977e-07 | PDE: 4.2684e-02 | Val: 1.5239e-07 | Test: 2.1863e-05 | LR=3.1e-04
Epoch  65/100 | Steps:  65000 | α=1e-05 | Loss: 8.3062e-07 | BC: 4.5172e-07 | PDE: 3.7890e-02 | Val: 9.5087e-07 | Test: 2.3013e-05 | LR=2.9e-04
Epoch  66/100 | Steps:  66000 | α=1e-05 | Loss: 9.7265e-07 | BC: 5.7788e-07 | PDE: 3.9477e-02 | Val: 2.7530e-07 | Test: 2.2787e-05 | LR=2.8e-04
Epoch  67/100 | Steps:  67000 | α=1e-05 | Loss: 8.4929e-07 | BC: 5.2724e-07 | PDE: 3.2205e-02 | Val: 1.6433e-07 | Test: 2.2869e-05 | LR=2.7e-04
Epoch  68/100 | Steps:  68000 | α=1e-05 | Loss: 7.5901e-07 | BC: 4.0982e-07 | PDE: 3.4919e-02 | Val: 6.4174e-07 | Test: 2.3517e-05 | LR=2.5e-04
Epoch  69/100 | Steps:  69000 | α=1e-05 | Loss: 7.1143e-07 | BC: 3.6250e-07 | PDE: 3.4892e-02 | Val: 1.0280e-07 | Test: 2.2292e-05 | LR=2.4e-04
Epoch  70/100 | Steps:  70000 | α=1e-05 | Loss: 6.0455e-07 | BC: 3.2997e-07 | PDE: 2.7458e-02 | Val: 7.5163e-08 | Test: 2.2390e-05 | LR=2.3e-04 *
Epoch  71/100 | Steps:  71000 | α=1e-05 | Loss: 5.8740e-07 | BC: 3.1597e-07 | PDE: 2.7143e-02 | Val: 2.0856e-07 | Test: 2.1891e-05 | LR=2.1e-04
Epoch  72/100 | Steps:  72000 | α=1e-05 | Loss: 5.4899e-07 | BC: 2.6813e-07 | PDE: 2.8086e-02 | Val: 1.9629e-07 | Test: 2.2046e-05 | LR=2.0e-04
Epoch  73/100 | Steps:  73000 | α=1e-05 | Loss: 4.4319e-07 | BC: 2.2503e-07 | PDE: 2.1817e-02 | Val: 4.2229e-07 | Test: 2.2241e-05 | LR=1.9e-04
Epoch  74/100 | Steps:  74000 | α=1e-05 | Loss: 4.3366e-07 | BC: 2.1458e-07 | PDE: 2.1908e-02 | Val: 7.6025e-08 | Test: 2.2290e-05 | LR=1.8e-04
Epoch  75/100 | Steps:  75000 | α=1e-05 | Loss: 3.9341e-07 | BC: 1.8256e-07 | PDE: 2.1085e-02 | Val: 3.0288e-07 | Test: 2.2653e-05 | LR=1.7e-04
Epoch  76/100 | Steps:  76000 | α=1e-05 | Loss: 3.5384e-07 | BC: 1.6517e-07 | PDE: 1.8867e-02 | Val: 3.3633e-07 | Test: 2.2285e-05 | LR=1.5e-04
Epoch  77/100 | Steps:  77000 | α=1e-05 | Loss: 3.5054e-07 | BC: 1.6614e-07 | PDE: 1.8440e-02 | Val: 1.4824e-07 | Test: 2.2105e-05 | LR=1.4e-04
Epoch  78/100 | Steps:  78000 | α=1e-05 | Loss: 2.7690e-07 | BC: 1.2065e-07 | PDE: 1.5625e-02 | Val: 5.9500e-08 | Test: 2.1838e-05 | LR=1.3e-04 *
Epoch  79/100 | Steps:  79000 | α=1e-05 | Loss: 2.6515e-07 | BC: 1.1391e-07 | PDE: 1.5124e-02 | Val: 1.0209e-07 | Test: 2.1896e-05 | LR=1.2e-04
Epoch  80/100 | Steps:  80000 | α=1e-05 | Loss: 2.4173e-07 | BC: 1.1236e-07 | PDE: 1.2938e-02 | Val: 3.0115e-07 | Test: 2.2001e-05 | LR=1.1e-04
Epoch  81/100 | Steps:  81000 | α=1e-05 | Loss: 2.1409e-07 | BC: 8.9706e-08 | PDE: 1.2439e-02 | Val: 7.3153e-08 | Test: 2.1909e-05 | LR=1.0e-04
Epoch  82/100 | Steps:  82000 | α=1e-05 | Loss: 1.7743e-07 | BC: 7.1580e-08 | PDE: 1.0585e-02 | Val: 9.3732e-08 | Test: 2.2378e-05 | LR=9.6e-05
Epoch  83/100 | Steps:  83000 | α=1e-05 | Loss: 1.7884e-07 | BC: 7.1261e-08 | PDE: 1.0758e-02 | Val: 5.3074e-08 | Test: 2.1977e-05 | LR=8.7e-05 *
Epoch  84/100 | Steps:  84000 | α=1e-05 | Loss: 1.5635e-07 | BC: 6.3053e-08 | PDE: 9.3297e-03 | Val: 7.4877e-08 | Test: 2.2172e-05 | LR=7.9e-05
Epoch  85/100 | Steps:  85000 | α=1e-05 | Loss: 1.4242e-07 | BC: 5.2793e-08 | PDE: 8.9629e-03 | Val: 5.7948e-08 | Test: 2.2461e-05 | LR=7.1e-05
Epoch  86/100 | Steps:  86000 | α=1e-05 | Loss: 1.3095e-07 | BC: 4.8583e-08 | PDE: 8.2366e-03 | Val: 5.8790e-08 | Test: 2.2065e-05 | LR=6.4e-05
Epoch  87/100 | Steps:  87000 | α=1e-05 | Loss: 1.2242e-07 | BC: 4.3924e-08 | PDE: 7.8500e-03 | Val: 5.0306e-08 | Test: 2.1787e-05 | LR=5.7e-05 *
Epoch  88/100 | Steps:  88000 | α=1e-05 | Loss: 1.1468e-07 | BC: 3.9294e-08 | PDE: 7.5384e-03 | Val: 8.2152e-08 | Test: 2.2200e-05 | LR=5.1e-05
Epoch  89/100 | Steps:  89000 | α=1e-05 | Loss: 1.0481e-07 | BC: 3.5681e-08 | PDE: 6.9132e-03 | Val: 9.5946e-08 | Test: 2.2480e-05 | LR=4.5e-05
Epoch  90/100 | Steps:  90000 | α=1e-05 | Loss: 9.8945e-08 | BC: 3.2794e-08 | PDE: 6.6151e-03 | Val: 5.0616e-08 | Test: 2.2202e-05 | LR=3.9e-05
Epoch  91/100 | Steps:  91000 | α=1e-05 | Loss: 9.5160e-08 | BC: 3.0340e-08 | PDE: 6.4820e-03 | Val: 5.6139e-08 | Test: 2.2165e-05 | LR=3.4e-05
Epoch  92/100 | Steps:  92000 | α=1e-05 | Loss: 9.1654e-08 | BC: 2.9048e-08 | PDE: 6.2606e-03 | Val: 4.6922e-08 | Test: 2.2245e-05 | LR=3.0e-05 *
Epoch  93/100 | Steps:  93000 | α=1e-05 | Loss: 8.5611e-08 | BC: 2.6481e-08 | PDE: 5.9130e-03 | Val: 4.5648e-08 | Test: 2.2109e-05 | LR=2.6e-05 *
Epoch  94/100 | Steps:  94000 | α=1e-05 | Loss: 8.2437e-08 | BC: 2.5231e-08 | PDE: 5.7207e-03 | Val: 4.7146e-08 | Test: 2.2195e-05 | LR=2.2e-05
Epoch  95/100 | Steps:  95000 | α=1e-05 | Loss: 7.9824e-08 | BC: 2.4434e-08 | PDE: 5.5390e-03 | Val: 4.7019e-08 | Test: 2.2054e-05 | LR=1.9e-05
Epoch  96/100 | Steps:  96000 | α=1e-05 | Loss: 7.5927e-08 | BC: 2.2786e-08 | PDE: 5.3142e-03 | Val: 6.3371e-08 | Test: 2.2333e-05 | LR=1.6e-05
Epoch  97/100 | Steps:  97000 | α=1e-05 | Loss: 7.2874e-08 | BC: 2.2248e-08 | PDE: 5.0626e-03 | Val: 4.2804e-08 | Test: 2.2066e-05 | LR=1.4e-05 *
Epoch  98/100 | Steps:  98000 | α=1e-05 | Loss: 7.3369e-08 | BC: 2.1816e-08 | PDE: 5.1553e-03 | Val: 4.6703e-08 | Test: 2.2078e-05 | LR=1.2e-05
Epoch  99/100 | Steps:  99000 | α=1e-05 | Loss: 7.1076e-08 | BC: 2.1402e-08 | PDE: 4.9675e-03 | Val: 4.6775e-08 | Test: 2.2174e-05 | LR=1.1e-05
Epoch 100/100 | Steps: 100000 | α=1e-05 | Loss: 7.0074e-08 | BC: 2.1243e-08 | PDE: 4.8831e-03 | Val: 4.1321e-08 | Test: 2.2166e-05 | LR=1.0e-05 *

Restored best model from epoch 100 (val_loss: 4.1321e-08, test_loss: 2.2166e-05)
Best checkpoint saved to: outputs/expr_7_2_iter/p2to20_square/fix_alpha_band1_1e-5/checkpoints/best_model.pt
Final checkpoint saved to: outputs/expr_7_2_iter/p2to20_square/fix_alpha_band1_1e-5/checkpoints/final_model.pt
Training completed in 863.71s (100,000 total steps)
  Stage 11 (p=20) PDE diagnostics:
    p-Lap (p=20) raw:        2.6990e+05
    p-Lap (p=20) normalized: 1.1942e-02
    Inf-Lap raw:              4.6059e-02
    Inf-Lap normalized:       4.4647e-02

Iterative training completed in 9687.54s
Total epochs: 1100

Final Test MSE: 2.2166e-05
Inference (per point): 7.8158e-05s | (full domain): 7.7546e-05s
p-Lap (p=20) PDE test (raw):        2.6990e+05
p-Lap (p=20) PDE test (normalized): 1.1942e-02
Inf-Lap PDE test (raw):                    4.6059e-02
Inf-Lap PDE test (normalized):             4.4647e-02
Saved .npz files to outputs/expr_7_2_iter/p2to20_square/fix_alpha_band1_1e-5/npy/
Saved plot to outputs/expr_7_2_iter/p2to20_square/fix_alpha_band1_1e-5/plots/results.png
